timestamp,plant_id,plant_name,process,load_kw,flexible_share,price_eur_mwh,carbon_g_kwh,temperature_c,production_index
2026-01-05 00:00:00,DE-CENTRAL,Central Plant,Paint & Utilities,3927.074,0.22,64.261,374.663,6.911,0.38
2026-01-05 00:15:00,DE-CENTRAL,Central Plant,Paint & Utilities,3823.083,0.22,58.814,366.473,6.628,0.38
2026-01-05 00:30:00,DE-CENTRAL,Central Plant,Paint & Utilities,3995.225,0.22,65.913,380.776,5.406,0.38
2026-01-05 00:45:00,DE-CENTRAL,Central Plant,Paint & Utilities,3798.51,0.22,66.619,378.912,5.72,0.38
2026-01-05 01:00:00,DE-CENTRAL,Central Plant,Paint & Utilities,3990.122,0.22,55.008,372.77,6.833,0.38
2026-01-05 01:15:00,DE-CENTRAL,Central Plant,Paint & Utilities,4124.733,0.22,57.573,362.518,4.963,0.38
2026-01-05 01:30:00,DE-CENTRAL,Central Plant,Paint & Utilities,4166.506,0.22,63.279,372.964,4.167,0.38
2026-01-05 01:45:00,DE-CENTRAL,Central Plant,Paint & Utilities,4034.453,0.22,61.508,369.979,4.205,0.38
2026-01-05 02:00:00,DE-CENTRAL,Central Plant,Paint & Utilities,3754.0,0.22,62.735,354.232,4.065,0.38
2026-01-05 02:15:00,DE-CENTRAL,Central Plant,Paint & Utilities,3946.597,0.22,59.448,351.994,3.567,0.38
2026-01-05 02:30:00,DE-CENTRAL,Central Plant,Paint & Utilities,4176.348,0.22,66.469,375.866,3.325,0.38
2026-01-05 02:45:00,DE-CENTRAL,Central Plant,Paint & Utilities,3798.048,0.22,66.191,337.297,2.014,0.38
2026-01-05 03:00:00,DE-CENTRAL,Central Plant,Paint & Utilities,3872.628,0.22,63.515,370.428,2.032,0.38
2026-01-05 03:15:00,DE-CENTRAL,Central Plant,Paint & Utilities,4024.654,0.22,67.977,361.678,2.288,0.38
2026-01-05 03:30:00,DE-CENTRAL,Central Plant,Paint & Utilities,3900.335,0.22,65.606,382.575,1.971,0.38
2026-01-05 03:45:00,DE-CENTRAL,Central Plant,Paint & Utilities,4121.18,0.22,60.62,360.425,1.392,0.38
2026-01-05 04:00:00,DE-CENTRAL,Central Plant,Paint & Utilities,3681.77,0.22,65.907,373.741,1.376,0.38
2026-01-05 04:15:00,DE-CENTRAL,Central Plant,Paint & Utilities,3622.606,0.22,61.027,360.556,1.265,0.38
2026-01-05 04:30:00,DE-CENTRAL,Central Plant,Paint & Utilities,3869.908,0.22,68.858,366.187,1.579,0.38
2026-01-05 04:45:00,DE-CENTRAL,Central Plant,Paint & Utilities,3558.811,0.22,65.674,373.179,0.634,0.38
2026-01-05 05:00:00,DE-CENTRAL,Central Plant,Paint & Utilities,3661.051,0.22,65.706,358.315,0.744,0.38
2026-01-05 05:15:00,DE-CENTRAL,Central Plant,Paint & Utilities,3679.615,0.22,64.326,375.365,-0.138,0.38
2026-01-05 05:30:00,DE-CENTRAL,Central Plant,Paint & Utilities,3790.591,0.22,72.564,351.037,0.434,0.38
2026-01-05 05:45:00,DE-CENTRAL,Central Plant,Paint & Utilities,3732.835,0.22,67.689,366.066,0.106,0.38
2026-01-05 06:00:00,DE-CENTRAL,Central Plant,Paint & Utilities,5371.087,0.22,67.219,373.186,0.276,0.98
2026-01-05 06:15:00,DE-CENTRAL,Central Plant,Paint & Utilities,5262.627,0.22,66.229,358.189,0.015,0.98
2026-01-05 06:30:00,DE-CENTRAL,Central Plant,Paint & Utilities,5475.581,0.22,68.439,361.485,-0.207,0.98
2026-01-05 06:45:00,DE-CENTRAL,Central Plant,Paint & Utilities,5856.168,0.22,66.403,317.659,-0.804,0.98
2026-01-05 07:00:00,DE-CENTRAL,Central Plant,Paint & Utilities,5441.764,0.22,65.175,298.766,-0.658,0.98
2026-01-05 07:15:00,DE-CENTRAL,Central Plant,Paint & Utilities,5374.654,0.22,63.774,292.09,-0.159,0.98
2026-01-05 07:30:00,DE-CENTRAL,Central Plant,Paint & Utilities,5252.496,0.22,69.084,300.913,-1.414,0.98
2026-01-05 07:45:00,DE-CENTRAL,Central Plant,Paint & Utilities,5368.104,0.22,57.297,288.232,-1.429,0.98
2026-01-05 08:00:00,DE-CENTRAL,Central Plant,Paint & Utilities,5444.3,0.22,55.219,273.104,-0.873,0.98
2026-01-05 08:15:00,DE-CENTRAL,Central Plant,Paint & Utilities,5438.469,0.22,52.304,248.414,-0.699,0.98
2026-01-05 08:30:00,DE-CENTRAL,Central Plant,Paint & Utilities,5566.854,0.22,56.27,261.54,-1.534,0.98
2026-01-05 08:45:00,DE-CENTRAL,Central Plant,Paint & Utilities,5826.048,0.22,56.535,228.565,-0.956,0.98
2026-01-05 09:00:00,DE-CENTRAL,Central Plant,Paint & Utilities,5802.41,0.22,49.758,248.606,-0.895,0.98
2026-01-05 09:15:00,DE-CENTRAL,Central Plant,Paint & Utilities,5702.272,0.22,45.049,260.975,-2.285,0.98
2026-01-05 09:30:00,DE-CENTRAL,Central Plant,Paint & Utilities,5577.274,0.22,43.328,223.654,-0.773,0.98
2026-01-05 09:45:00,DE-CENTRAL,Central Plant,Paint & Utilities,5941.069,0.22,47.487,219.441,-0.594,0.98
2026-01-05 10:00:00,DE-CENTRAL,Central Plant,Paint & Utilities,5801.686,0.22,46.18,200.361,-0.442,0.98
2026-01-05 10:15:00,DE-CENTRAL,Central Plant,Paint & Utilities,5594.913,0.22,43.787,179.056,0.834,0.98
2026-01-05 10:30:00,DE-CENTRAL,Central Plant,Paint & Utilities,5979.164,0.22,37.466,188.746,-0.818,0.98
2026-01-05 10:45:00,DE-CENTRAL,Central Plant,Paint & Utilities,6036.434,0.22,39.696,178.784,-0.336,0.98
2026-01-05 11:00:00,DE-CENTRAL,Central Plant,Paint & Utilities,5644.55,0.22,38.016,171.195,-1.364,0.98
2026-01-05 11:15:00,DE-CENTRAL,Central Plant,Paint & Utilities,5824.884,0.22,37.363,206.646,0.367,0.98
2026-01-05 11:30:00,DE-CENTRAL,Central Plant,Paint & Utilities,5919.935,0.22,39.085,187.449,0.679,0.98
2026-01-05 11:45:00,DE-CENTRAL,Central Plant,Paint & Utilities,6028.284,0.22,35.786,187.722,0.865,0.98
2026-01-05 12:00:00,DE-CENTRAL,Central Plant,Paint & Utilities,5833.578,0.22,37.089,179.261,2.275,0.98
2026-01-05 12:15:00,DE-CENTRAL,Central Plant,Paint & Utilities,5782.509,0.22,34.325,181.53,2.391,0.98
2026-01-05 12:30:00,DE-CENTRAL,Central Plant,Paint & Utilities,5973.026,0.22,35.097,196.666,2.141,0.98
2026-01-05 12:45:00,DE-CENTRAL,Central Plant,Paint & Utilities,5800.444,0.22,36.563,187.065,2.133,0.98
2026-01-05 13:00:00,DE-CENTRAL,Central Plant,Paint & Utilities,5872.311,0.22,28.524,197.085,3.424,0.98
2026-01-05 13:15:00,DE-CENTRAL,Central Plant,Paint & Utilities,5640.326,0.22,33.613,192.561,3.011,0.98
2026-01-05 13:30:00,DE-CENTRAL,Central Plant,Paint & Utilities,5579.739,0.22,33.782,195.967,2.775,0.98
2026-01-05 13:45:00,DE-CENTRAL,Central Plant,Paint & Utilities,5816.432,0.22,34.12,189.352,2.472,0.98
2026-01-05 14:00:00,DE-CENTRAL,Central Plant,Paint & Utilities,5379.357,0.22,36.838,189.701,3.691,0.88
2026-01-05 14:15:00,DE-CENTRAL,Central Plant,Paint & Utilities,5394.956,0.22,45.44,218.566,4.855,0.88
2026-01-05 14:30:00,DE-CENTRAL,Central Plant,Paint & Utilities,5133.061,0.22,37.785,231.755,6.246,0.88
2026-01-05 14:45:00,DE-CENTRAL,Central Plant,Paint & Utilities,5085.819,0.22,47.183,226.136,5.019,0.88
2026-01-05 15:00:00,DE-CENTRAL,Central Plant,Paint & Utilities,5324.336,0.22,38.913,252.771,4.758,0.88
2026-01-05 15:15:00,DE-CENTRAL,Central Plant,Paint & Utilities,4915.115,0.22,46.91,266.548,4.778,0.88
2026-01-05 15:30:00,DE-CENTRAL,Central Plant,Paint & Utilities,5193.58,0.22,51.763,253.807,6.3,0.88
2026-01-05 15:45:00,DE-CENTRAL,Central Plant,Paint & Utilities,5198.54,0.22,56.558,283.451,4.976,0.88
2026-01-05 16:00:00,DE-CENTRAL,Central Plant,Paint & Utilities,5062.27,0.22,60.364,314.937,6.885,0.88
2026-01-05 16:15:00,DE-CENTRAL,Central Plant,Paint & Utilities,4826.51,0.22,64.165,331.021,7.35,0.88
2026-01-05 16:30:00,DE-CENTRAL,Central Plant,Paint & Utilities,4787.941,0.22,63.181,329.381,7.349,0.88
2026-01-05 16:45:00,DE-CENTRAL,Central Plant,Paint & Utilities,4853.547,0.22,66.363,362.276,7.143,0.88
2026-01-05 17:00:00,DE-CENTRAL,Central Plant,Paint & Utilities,4685.483,0.22,75.264,389.848,7.931,0.88
2026-01-05 17:15:00,DE-CENTRAL,Central Plant,Paint & Utilities,4724.493,0.22,74.599,403.905,7.879,0.88
2026-01-05 17:30:00,DE-CENTRAL,Central Plant,Paint & Utilities,4941.702,0.22,73.633,409.973,7.422,0.88
2026-01-05 17:45:00,DE-CENTRAL,Central Plant,Paint & Utilities,4901.125,0.22,77.346,421.323,9.453,0.88
2026-01-05 18:00:00,DE-CENTRAL,Central Plant,Paint & Utilities,4730.915,0.22,81.055,434.273,8.084,0.88
2026-01-05 18:15:00,DE-CENTRAL,Central Plant,Paint & Utilities,4947.564,0.22,87.342,449.761,9.027,0.88
2026-01-05 18:30:00,DE-CENTRAL,Central Plant,Paint & Utilities,4994.29,0.22,86.18,447.607,6.926,0.88
2026-01-05 18:45:00,DE-CENTRAL,Central Plant,Paint & Utilities,5093.433,0.22,88.257,452.703,9.628,0.88
2026-01-05 19:00:00,DE-CENTRAL,Central Plant,Paint & Utilities,5001.596,0.22,83.309,445.412,9.858,0.88
2026-01-05 19:15:00,DE-CENTRAL,Central Plant,Paint & Utilities,5123.542,0.22,84.836,451.213,8.925,0.88
2026-01-05 19:30:00,DE-CENTRAL,Central Plant,Paint & Utilities,5079.163,0.22,85.591,439.092,9.348,0.88
2026-01-05 19:45:00,DE-CENTRAL,Central Plant,Paint & Utilities,5184.402,0.22,80.491,443.127,9.38,0.88
2026-01-05 20:00:00,DE-CENTRAL,Central Plant,Paint & Utilities,4958.279,0.22,82.009,439.298,8.55,0.88
2026-01-05 20:15:00,DE-CENTRAL,Central Plant,Paint & Utilities,5130.363,0.22,75.865,413.925,9.372,0.88
2026-01-05 20:30:00,DE-CENTRAL,Central Plant,Paint & Utilities,5207.048,0.22,75.332,396.419,8.391,0.88
2026-01-05 20:45:00,DE-CENTRAL,Central Plant,Paint & Utilities,5219.932,0.22,73.53,431.181,8.478,0.88
2026-01-05 21:00:00,DE-CENTRAL,Central Plant,Paint & Utilities,5318.948,0.22,68.598,410.461,9.618,0.88
2026-01-05 21:15:00,DE-CENTRAL,Central Plant,Paint & Utilities,5383.652,0.22,73.751,381.853,9.417,0.88
2026-01-05 21:30:00,DE-CENTRAL,Central Plant,Paint & Utilities,5415.501,0.22,68.476,389.341,8.125,0.88
2026-01-05 21:45:00,DE-CENTRAL,Central Plant,Paint & Utilities,5373.827,0.22,69.106,403.157,7.971,0.88
2026-01-05 22:00:00,DE-CENTRAL,Central Plant,Paint & Utilities,3768.652,0.22,69.846,387.074,7.878,0.38
2026-01-05 22:15:00,DE-CENTRAL,Central Plant,Paint & Utilities,3995.094,0.22,68.743,381.379,8.67,0.38
2026-01-05 22:30:00,DE-CENTRAL,Central Plant,Paint & Utilities,3941.087,0.22,68.814,401.97,7.267,0.38
2026-01-05 22:45:00,DE-CENTRAL,Central Plant,Paint & Utilities,3752.128,0.22,65.107,370.735,8.009,0.38
2026-01-05 23:00:00,DE-CENTRAL,Central Plant,Paint & Utilities,3855.071,0.22,63.293,372.326,8.058,0.38
2026-01-05 23:15:00,DE-CENTRAL,Central Plant,Paint & Utilities,3671.867,0.22,64.274,383.446,7.235,0.38
2026-01-05 23:30:00,DE-CENTRAL,Central Plant,Paint & Utilities,3876.643,0.22,57.554,384.944,7.751,0.38
2026-01-05 23:45:00,DE-CENTRAL,Central Plant,Paint & Utilities,3861.646,0.22,58.312,385.85,6.565,0.38
2026-01-06 00:00:00,DE-CENTRAL,Central Plant,Paint & Utilities,3801.427,0.22,58.172,388.874,6.35,0.38
2026-01-06 00:15:00,DE-CENTRAL,Central Plant,Paint & Utilities,4075.639,0.22,59.575,380.915,5.527,0.38
2026-01-06 00:30:00,DE-CENTRAL,Central Plant,Paint & Utilities,3676.04,0.22,65.271,384.994,6.625,0.38
2026-01-06 00:45:00,DE-CENTRAL,Central Plant,Paint & Utilities,3924.537,0.22,60.165,376.594,5.071,0.38
2026-01-06 01:00:00,DE-CENTRAL,Central Plant,Paint & Utilities,4073.787,0.22,62.398,381.036,5.539,0.38
2026-01-06 01:15:00,DE-CENTRAL,Central Plant,Paint & Utilities,3917.421,0.22,69.244,382.146,4.926,0.38
2026-01-06 01:30:00,DE-CENTRAL,Central Plant,Paint & Utilities,3769.871,0.22,62.773,384.002,3.916,0.38
2026-01-06 01:45:00,DE-CENTRAL,Central Plant,Paint & Utilities,3599.086,0.22,67.317,391.248,3.901,0.38
2026-01-06 02:00:00,DE-CENTRAL,Central Plant,Paint & Utilities,3514.291,0.22,60.824,389.189,4.968,0.38
2026-01-06 02:15:00,DE-CENTRAL,Central Plant,Paint & Utilities,3634.141,0.22,63.954,383.598,3.814,0.38
2026-01-06 02:30:00,DE-CENTRAL,Central Plant,Paint & Utilities,3599.813,0.22,61.224,373.888,2.641,0.38
2026-01-06 02:45:00,DE-CENTRAL,Central Plant,Paint & Utilities,3556.19,0.22,63.952,384.93,3.238,0.38
2026-01-06 03:00:00,DE-CENTRAL,Central Plant,Paint & Utilities,3599.158,0.22,68.992,384.291,2.604,0.38
2026-01-06 03:15:00,DE-CENTRAL,Central Plant,Paint & Utilities,3555.552,0.22,59.089,387.444,4.811,0.38
2026-01-06 03:30:00,DE-CENTRAL,Central Plant,Paint & Utilities,3675.42,0.22,68.15,412.09,2.286,0.38
2026-01-06 03:45:00,DE-CENTRAL,Central Plant,Paint & Utilities,3462.357,0.22,67.828,379.8,1.522,0.38
2026-01-06 04:00:00,DE-CENTRAL,Central Plant,Paint & Utilities,3502.29,0.22,65.016,391.613,2.494,0.38
2026-01-06 04:15:00,DE-CENTRAL,Central Plant,Paint & Utilities,3627.095,0.22,62.174,399.814,-0.067,0.38
2026-01-06 04:30:00,DE-CENTRAL,Central Plant,Paint & Utilities,3597.485,0.22,68.862,388.6,1.022,0.38
2026-01-06 04:45:00,DE-CENTRAL,Central Plant,Paint & Utilities,3836.13,0.22,67.114,415.896,2.099,0.38
2026-01-06 05:00:00,DE-CENTRAL,Central Plant,Paint & Utilities,3682.446,0.22,70.859,383.708,0.383,0.38
2026-01-06 05:15:00,DE-CENTRAL,Central Plant,Paint & Utilities,3493.33,0.22,70.74,392.52,-0.973,0.38
2026-01-06 05:30:00,DE-CENTRAL,Central Plant,Paint & Utilities,3752.343,0.22,77.801,379.415,-0.244,0.38
2026-01-06 05:45:00,DE-CENTRAL,Central Plant,Paint & Utilities,3762.932,0.22,71.181,385.136,0.861,0.38
2026-01-06 06:00:00,DE-CENTRAL,Central Plant,Paint & Utilities,5437.578,0.22,68.778,392.678,-0.067,0.98
2026-01-06 06:15:00,DE-CENTRAL,Central Plant,Paint & Utilities,5362.323,0.22,72.397,388.72,-1.072,0.98
2026-01-06 06:30:00,DE-CENTRAL,Central Plant,Paint & Utilities,5784.154,0.22,71.33,371.298,-1.099,0.98
2026-01-06 06:45:00,DE-CENTRAL,Central Plant,Paint & Utilities,5468.621,0.22,74.612,371.563,-1.126,0.98
2026-01-06 07:00:00,DE-CENTRAL,Central Plant,Paint & Utilities,5721.619,0.22,71.186,344.426,-0.577,0.98
2026-01-06 07:15:00,DE-CENTRAL,Central Plant,Paint & Utilities,5694.007,0.22,67.882,330.867,0.033,0.98
2026-01-06 07:30:00,DE-CENTRAL,Central Plant,Paint & Utilities,5796.244,0.22,70.852,356.809,-0.221,0.98
2026-01-06 07:45:00,DE-CENTRAL,Central Plant,Paint & Utilities,5991.494,0.22,58.722,318.869,-0.67,0.98
2026-01-06 08:00:00,DE-CENTRAL,Central Plant,Paint & Utilities,5916.702,0.22,59.33,295.592,-1.932,0.98
2026-01-06 08:15:00,DE-CENTRAL,Central Plant,Paint & Utilities,5811.14,0.22,56.536,286.337,-1.919,0.98
2026-01-06 08:30:00,DE-CENTRAL,Central Plant,Paint & Utilities,6024.837,0.22,56.985,274.196,-0.584,0.98
2026-01-06 08:45:00,DE-CENTRAL,Central Plant,Paint & Utilities,5862.345,0.22,51.301,288.022,-1.846,0.98
2026-01-06 09:00:00,DE-CENTRAL,Central Plant,Paint & Utilities,5966.399,0.22,57.588,264.159,-0.988,0.98
2026-01-06 09:15:00,DE-CENTRAL,Central Plant,Paint & Utilities,5786.983,0.22,52.393,262.319,-0.522,0.98
2026-01-06 09:30:00,DE-CENTRAL,Central Plant,Paint & Utilities,5852.844,0.22,45.648,252.831,-1.416,0.98
2026-01-06 09:45:00,DE-CENTRAL,Central Plant,Paint & Utilities,5990.842,0.22,45.755,255.748,-1.201,0.98
2026-01-06 10:00:00,DE-CENTRAL,Central Plant,Paint & Utilities,6010.209,0.22,49.415,230.79,-0.396,0.98
2026-01-06 10:15:00,DE-CENTRAL,Central Plant,Paint & Utilities,5723.852,0.22,49.936,222.655,0.195,0.98
2026-01-06 10:30:00,DE-CENTRAL,Central Plant,Paint & Utilities,5975.851,0.22,53.094,233.521,0.776,0.98
2026-01-06 10:45:00,DE-CENTRAL,Central Plant,Paint & Utilities,5790.075,0.22,55.405,233.986,0.666,0.98
2026-01-06 11:00:00,DE-CENTRAL,Central Plant,Paint & Utilities,6035.14,0.22,44.187,227.408,0.516,0.98
2026-01-06 11:15:00,DE-CENTRAL,Central Plant,Paint & Utilities,5803.898,0.22,37.502,211.066,0.181,0.98
2026-01-06 11:30:00,DE-CENTRAL,Central Plant,Paint & Utilities,5669.2,0.22,32.028,227.006,0.207,0.98
2026-01-06 11:45:00,DE-CENTRAL,Central Plant,Paint & Utilities,5766.92,0.22,40.899,208.801,0.865,0.98
2026-01-06 12:00:00,DE-CENTRAL,Central Plant,Paint & Utilities,5575.964,0.22,36.034,211.091,1.787,0.98
2026-01-06 12:15:00,DE-CENTRAL,Central Plant,Paint & Utilities,5804.494,0.22,37.273,206.434,2.024,0.98
2026-01-06 12:30:00,DE-CENTRAL,Central Plant,Paint & Utilities,5631.015,0.22,36.334,234.6,0.617,0.98
2026-01-06 12:45:00,DE-CENTRAL,Central Plant,Paint & Utilities,5536.422,0.22,38.273,228.646,1.843,0.98
2026-01-06 13:00:00,DE-CENTRAL,Central Plant,Paint & Utilities,5545.216,0.22,43.366,231.225,3.549,0.98
2026-01-06 13:15:00,DE-CENTRAL,Central Plant,Paint & Utilities,5309.467,0.22,40.215,242.745,3.08,0.98
2026-01-06 13:30:00,DE-CENTRAL,Central Plant,Paint & Utilities,5249.711,0.22,39.664,266.269,2.355,0.98
2026-01-06 13:45:00,DE-CENTRAL,Central Plant,Paint & Utilities,5357.382,0.22,37.102,217.707,5.322,0.98
2026-01-06 14:00:00,DE-CENTRAL,Central Plant,Paint & Utilities,4881.088,0.22,35.738,236.058,3.98,0.88
2026-01-06 14:15:00,DE-CENTRAL,Central Plant,Paint & Utilities,4839.18,0.22,41.936,245.26,4.596,0.88
2026-01-06 14:30:00,DE-CENTRAL,Central Plant,Paint & Utilities,5056.054,0.22,45.373,251.244,4.932,0.88
2026-01-06 14:45:00,DE-CENTRAL,Central Plant,Paint & Utilities,5004.986,0.22,54.634,258.406,4.718,0.88
2026-01-06 15:00:00,DE-CENTRAL,Central Plant,Paint & Utilities,4765.973,0.22,50.326,278.712,4.785,0.88
2026-01-06 15:15:00,DE-CENTRAL,Central Plant,Paint & Utilities,4786.99,0.22,56.244,279.748,7.092,0.88
2026-01-06 15:30:00,DE-CENTRAL,Central Plant,Paint & Utilities,4763.79,0.22,53.077,311.431,6.616,0.88
2026-01-06 15:45:00,DE-CENTRAL,Central Plant,Paint & Utilities,5109.173,0.22,53.328,322.039,6.787,0.88
2026-01-06 16:00:00,DE-CENTRAL,Central Plant,Paint & Utilities,5009.172,0.22,57.403,342.03,6.903,0.88
2026-01-06 16:15:00,DE-CENTRAL,Central Plant,Paint & Utilities,4879.328,0.22,61.719,357.869,6.076,0.88
2026-01-06 16:30:00,DE-CENTRAL,Central Plant,Paint & Utilities,4986.512,0.22,76.598,375.022,7.938,0.88
2026-01-06 16:45:00,DE-CENTRAL,Central Plant,Paint & Utilities,4799.25,0.22,68.311,379.586,6.707,0.88
2026-01-06 17:00:00,DE-CENTRAL,Central Plant,Paint & Utilities,4895.502,0.22,78.443,425.829,7.734,0.88
2026-01-06 17:15:00,DE-CENTRAL,Central Plant,Paint & Utilities,5058.831,0.22,74.877,419.266,6.612,0.88
2026-01-06 17:30:00,DE-CENTRAL,Central Plant,Paint & Utilities,5144.895,0.22,85.451,409.689,6.538,0.88
2026-01-06 17:45:00,DE-CENTRAL,Central Plant,Paint & Utilities,5072.546,0.22,86.269,434.859,8.38,0.88
2026-01-06 18:00:00,DE-CENTRAL,Central Plant,Paint & Utilities,5174.411,0.22,86.814,439.89,7.764,0.88
2026-01-06 18:15:00,DE-CENTRAL,Central Plant,Paint & Utilities,5212.126,0.22,87.751,462.285,7.092,0.88
2026-01-06 18:30:00,DE-CENTRAL,Central Plant,Paint & Utilities,5178.088,0.22,85.404,460.692,8.998,0.88
2026-01-06 18:45:00,DE-CENTRAL,Central Plant,Paint & Utilities,5172.886,0.22,89.541,455.355,10.219,0.88
2026-01-06 19:00:00,DE-CENTRAL,Central Plant,Paint & Utilities,5204.909,0.22,85.304,482.706,9.802,0.88
2026-01-06 19:15:00,DE-CENTRAL,Central Plant,Paint & Utilities,5350.168,0.22,81.249,461.622,8.724,0.88
2026-01-06 19:30:00,DE-CENTRAL,Central Plant,Paint & Utilities,5398.788,0.22,79.767,459.203,8.963,0.88
2026-01-06 19:45:00,DE-CENTRAL,Central Plant,Paint & Utilities,5383.196,0.22,84.048,433.941,9.611,0.88
2026-01-06 20:00:00,DE-CENTRAL,Central Plant,Paint & Utilities,5225.385,0.22,87.964,427.118,9.785,0.88
2026-01-06 20:15:00,DE-CENTRAL,Central Plant,Paint & Utilities,5289.589,0.22,80.453,433.125,8.749,0.88
2026-01-06 20:30:00,DE-CENTRAL,Central Plant,Paint & Utilities,5472.785,0.22,77.444,428.132,8.981,0.88
2026-01-06 20:45:00,DE-CENTRAL,Central Plant,Paint & Utilities,5610.84,0.22,77.166,397.146,9.114,0.88
2026-01-06 21:00:00,DE-CENTRAL,Central Plant,Paint & Utilities,5438.462,0.22,79.403,410.797,9.217,0.88
2026-01-06 21:15:00,DE-CENTRAL,Central Plant,Paint & Utilities,5372.525,0.22,73.307,406.985,8.641,0.88
2026-01-06 21:30:00,DE-CENTRAL,Central Plant,Paint & Utilities,5442.35,0.22,69.166,398.519,8.535,0.88
2026-01-06 21:45:00,DE-CENTRAL,Central Plant,Paint & Utilities,5227.335,0.22,73.767,386.128,9.45,0.88
2026-01-06 22:00:00,DE-CENTRAL,Central Plant,Paint & Utilities,3973.045,0.22,69.751,384.749,9.177,0.38
2026-01-06 22:15:00,DE-CENTRAL,Central Plant,Paint & Utilities,3825.459,0.22,73.041,384.992,8.492,0.38
2026-01-06 22:30:00,DE-CENTRAL,Central Plant,Paint & Utilities,3676.13,0.22,66.655,384.637,9.17,0.38
2026-01-06 22:45:00,DE-CENTRAL,Central Plant,Paint & Utilities,3754.202,0.22,60.201,387.748,7.489,0.38
2026-01-06 23:00:00,DE-CENTRAL,Central Plant,Paint & Utilities,3651.571,0.22,58.941,390.866,8.672,0.38
2026-01-06 23:15:00,DE-CENTRAL,Central Plant,Paint & Utilities,3880.217,0.22,70.454,372.176,7.676,0.38
2026-01-06 23:30:00,DE-CENTRAL,Central Plant,Paint & Utilities,3616.995,0.22,70.286,368.398,9.334,0.38
2026-01-06 23:45:00,DE-CENTRAL,Central Plant,Paint & Utilities,3713.392,0.22,62.301,377.581,5.943,0.38
2026-01-07 00:00:00,DE-CENTRAL,Central Plant,Paint & Utilities,3734.867,0.22,60.682,376.535,6.017,0.38
2026-01-07 00:15:00,DE-CENTRAL,Central Plant,Paint & Utilities,3526.595,0.22,67.997,363.429,6.505,0.38
2026-01-07 00:30:00,DE-CENTRAL,Central Plant,Paint & Utilities,3625.96,0.22,57.667,377.566,6.191,0.38
2026-01-07 00:45:00,DE-CENTRAL,Central Plant,Paint & Utilities,3592.463,0.22,58.469,379.286,6.972,0.38
2026-01-07 01:00:00,DE-CENTRAL,Central Plant,Paint & Utilities,3388.538,0.22,64.585,382.49,4.826,0.38
2026-01-07 01:15:00,DE-CENTRAL,Central Plant,Paint & Utilities,3581.033,0.22,60.412,387.798,5.609,0.38
2026-01-07 01:30:00,DE-CENTRAL,Central Plant,Paint & Utilities,3530.913,0.22,61.966,355.54,5.466,0.38
2026-01-07 01:45:00,DE-CENTRAL,Central Plant,Paint & Utilities,3557.251,0.22,61.349,365.593,4.82,0.38
2026-01-07 02:00:00,DE-CENTRAL,Central Plant,Paint & Utilities,3573.63,0.22,63.395,365.062,3.327,0.38
2026-01-07 02:15:00,DE-CENTRAL,Central Plant,Paint & Utilities,3567.062,0.22,67.745,363.262,4.658,0.38
2026-01-07 02:30:00,DE-CENTRAL,Central Plant,Paint & Utilities,3716.582,0.22,62.582,356.173,4.208,0.38
2026-01-07 02:45:00,DE-CENTRAL,Central Plant,Paint & Utilities,3419.592,0.22,64.939,345.676,3.444,0.38
2026-01-07 03:00:00,DE-CENTRAL,Central Plant,Paint & Utilities,3550.448,0.22,54.349,364.167,2.849,0.38
2026-01-07 03:15:00,DE-CENTRAL,Central Plant,Paint & Utilities,3700.046,0.22,62.588,353.401,2.551,0.38
2026-01-07 03:30:00,DE-CENTRAL,Central Plant,Paint & Utilities,3706.416,0.22,59.695,363.234,2.031,0.38
2026-01-07 03:45:00,DE-CENTRAL,Central Plant,Paint & Utilities,3719.698,0.22,58.532,352.269,2.237,0.38
2026-01-07 04:00:00,DE-CENTRAL,Central Plant,Paint & Utilities,4053.292,0.22,60.289,348.214,1.522,0.38
2026-01-07 04:15:00,DE-CENTRAL,Central Plant,Paint & Utilities,3828.352,0.22,62.914,363.849,0.628,0.38
2026-01-07 04:30:00,DE-CENTRAL,Central Plant,Paint & Utilities,3932.313,0.22,68.416,362.493,0.222,0.38
2026-01-07 04:45:00,DE-CENTRAL,Central Plant,Paint & Utilities,3779.736,0.22,59.998,367.295,0.177,0.38
2026-01-07 05:00:00,DE-CENTRAL,Central Plant,Paint & Utilities,3712.09,0.22,66.019,386.253,0.62,0.38
2026-01-07 05:15:00,DE-CENTRAL,Central Plant,Paint & Utilities,3838.729,0.22,64.586,363.047,0.222,0.38
2026-01-07 05:30:00,DE-CENTRAL,Central Plant,Paint & Utilities,4000.565,0.22,65.86,365.256,0.184,0.38
2026-01-07 05:45:00,DE-CENTRAL,Central Plant,Paint & Utilities,3990.41,0.22,71.838,346.238,0.193,0.38
2026-01-07 06:00:00,DE-CENTRAL,Central Plant,Paint & Utilities,5869.991,0.22,70.629,343.478,-0.769,0.98
2026-01-07 06:15:00,DE-CENTRAL,Central Plant,Paint & Utilities,5797.251,0.22,72.555,366.24,0.542,0.98
2026-01-07 06:30:00,DE-CENTRAL,Central Plant,Paint & Utilities,5842.614,0.22,65.285,324.559,-0.807,0.98
2026-01-07 06:45:00,DE-CENTRAL,Central Plant,Paint & Utilities,5901.415,0.22,61.777,311.625,-1.038,0.98
2026-01-07 07:00:00,DE-CENTRAL,Central Plant,Paint & Utilities,6026.743,0.22,62.273,312.361,-0.492,0.98
2026-01-07 07:15:00,DE-CENTRAL,Central Plant,Paint & Utilities,6099.576,0.22,62.692,300.64,-2.189,0.98
2026-01-07 07:30:00,DE-CENTRAL,Central Plant,Paint & Utilities,5858.851,0.22,60.922,280.045,-1.511,0.98
2026-01-07 07:45:00,DE-CENTRAL,Central Plant,Paint & Utilities,6059.97,0.22,54.31,276.676,-0.303,0.98
2026-01-07 08:00:00,DE-CENTRAL,Central Plant,Paint & Utilities,5923.816,0.22,57.383,284.9,-2.216,0.98
2026-01-07 08:15:00,DE-CENTRAL,Central Plant,Paint & Utilities,6009.94,0.22,56.253,250.683,-0.207,0.98
2026-01-07 08:30:00,DE-CENTRAL,Central Plant,Paint & Utilities,5903.562,0.22,63.684,234.275,0.101,0.98
2026-01-07 08:45:00,DE-CENTRAL,Central Plant,Paint & Utilities,6137.236,0.22,59.363,253.432,-1.163,0.98
2026-01-07 09:00:00,DE-CENTRAL,Central Plant,Paint & Utilities,5845.046,0.22,46.667,239.665,-0.625,0.98
2026-01-07 09:15:00,DE-CENTRAL,Central Plant,Paint & Utilities,5873.527,0.22,47.155,218.499,0.049,0.98
2026-01-07 09:30:00,DE-CENTRAL,Central Plant,Paint & Utilities,5916.131,0.22,40.696,199.732,-0.946,0.98
2026-01-07 09:45:00,DE-CENTRAL,Central Plant,Paint & Utilities,5662.166,0.22,42.474,203.172,0.123,0.98
2026-01-07 10:00:00,DE-CENTRAL,Central Plant,Paint & Utilities,5744.038,0.22,44.45,205.485,-0.8,0.98
2026-01-07 10:15:00,DE-CENTRAL,Central Plant,Paint & Utilities,5667.497,0.22,46.448,214.836,-0.492,0.98
2026-01-07 10:30:00,DE-CENTRAL,Central Plant,Paint & Utilities,5591.245,0.22,37.251,183.812,-0.526,0.98
2026-01-07 10:45:00,DE-CENTRAL,Central Plant,Paint & Utilities,5530.775,0.22,36.218,191.359,0.481,0.98
2026-01-07 11:00:00,DE-CENTRAL,Central Plant,Paint & Utilities,5664.55,0.22,29.056,197.336,1.275,0.98
2026-01-07 11:15:00,DE-CENTRAL,Central Plant,Paint & Utilities,5419.921,0.22,35.963,158.279,0.574,0.98
2026-01-07 11:30:00,DE-CENTRAL,Central Plant,Paint & Utilities,5539.843,0.22,31.503,197.656,0.066,0.98
2026-01-07 11:45:00,DE-CENTRAL,Central Plant,Paint & Utilities,5460.757,0.22,32.956,170.251,0.464,0.98
2026-01-07 12:00:00,DE-CENTRAL,Central Plant,Paint & Utilities,5177.751,0.22,31.077,188.425,1.776,0.98
2026-01-07 12:15:00,DE-CENTRAL,Central Plant,Paint & Utilities,5362.305,0.22,33.916,188.232,3.079,0.98
2026-01-07 12:30:00,DE-CENTRAL,Central Plant,Paint & Utilities,5110.02,0.22,27.176,199.967,2.362,0.98
2026-01-07 12:45:00,DE-CENTRAL,Central Plant,Paint & Utilities,5358.873,0.22,28.463,196.116,2.122,0.98
2026-01-07 13:00:00,DE-CENTRAL,Central Plant,Paint & Utilities,5176.237,0.22,43.19,164.43,3.242,0.98
2026-01-07 13:15:00,DE-CENTRAL,Central Plant,Paint & Utilities,5246.659,0.22,30.089,187.922,2.857,0.98
2026-01-07 13:30:00,DE-CENTRAL,Central Plant,Paint & Utilities,5077.129,0.22,31.649,204.341,3.083,0.98
2026-01-07 13:45:00,DE-CENTRAL,Central Plant,Paint & Utilities,5268.153,0.22,44.422,206.685,3.002,0.98
2026-01-07 14:00:00,DE-CENTRAL,Central Plant,Paint & Utilities,5058.455,0.22,49.983,222.131,4.986,0.88
2026-01-07 14:15:00,DE-CENTRAL,Central Plant,Paint & Utilities,4915.509,0.22,35.222,234.317,2.55,0.88
2026-01-07 14:30:00,DE-CENTRAL,Central Plant,Paint & Utilities,4902.048,0.22,40.248,241.688,5.211,0.88
2026-01-07 14:45:00,DE-CENTRAL,Central Plant,Paint & Utilities,5080.593,0.22,45.172,242.473,4.651,0.88
2026-01-07 15:00:00,DE-CENTRAL,Central Plant,Paint & Utilities,5109.127,0.22,53.079,234.665,5.007,0.88
2026-01-07 15:15:00,DE-CENTRAL,Central Plant,Paint & Utilities,4732.153,0.22,44.844,264.23,6.792,0.88
2026-01-07 15:30:00,DE-CENTRAL,Central Plant,Paint & Utilities,5372.648,0.22,50.695,288.621,5.414,0.88
2026-01-07 15:45:00,DE-CENTRAL,Central Plant,Paint & Utilities,5217.347,0.22,57.907,285.441,5.735,0.88
2026-01-07 16:00:00,DE-CENTRAL,Central Plant,Paint & Utilities,5265.699,0.22,59.864,321.861,6.409,0.88
2026-01-07 16:15:00,DE-CENTRAL,Central Plant,Paint & Utilities,5185.945,0.22,60.111,341.652,7.068,0.88
2026-01-07 16:30:00,DE-CENTRAL,Central Plant,Paint & Utilities,5018.189,0.22,64.684,349.255,6.735,0.88
2026-01-07 16:45:00,DE-CENTRAL,Central Plant,Paint & Utilities,5394.652,0.22,63.375,328.244,6.195,0.88
2026-01-07 17:00:00,DE-CENTRAL,Central Plant,Paint & Utilities,5257.457,0.22,71.559,366.999,6.93,0.88
2026-01-07 17:15:00,DE-CENTRAL,Central Plant,Paint & Utilities,5392.759,0.22,74.995,422.088,8.656,0.88
2026-01-07 17:30:00,DE-CENTRAL,Central Plant,Paint & Utilities,5342.213,0.22,80.377,409.541,8.019,0.88
2026-01-07 17:45:00,DE-CENTRAL,Central Plant,Paint & Utilities,5416.423,0.22,80.384,408.217,8.473,0.88
2026-01-07 18:00:00,DE-CENTRAL,Central Plant,Paint & Utilities,5316.843,0.22,87.36,461.835,8.147,0.88
2026-01-07 18:15:00,DE-CENTRAL,Central Plant,Paint & Utilities,5545.064,0.22,90.158,449.586,8.023,0.88
2026-01-07 18:30:00,DE-CENTRAL,Central Plant,Paint & Utilities,5251.171,0.22,86.998,463.89,9.794,0.88
2026-01-07 18:45:00,DE-CENTRAL,Central Plant,Paint & Utilities,5721.832,0.22,87.68,453.918,8.603,0.88
2026-01-07 19:00:00,DE-CENTRAL,Central Plant,Paint & Utilities,5720.948,0.22,86.019,454.85,8.519,0.88
2026-01-07 19:15:00,DE-CENTRAL,Central Plant,Paint & Utilities,5608.08,0.22,85.0,451.328,9.671,0.88
2026-01-07 19:30:00,DE-CENTRAL,Central Plant,Paint & Utilities,5577.785,0.22,81.008,451.971,8.452,0.88
2026-01-07 19:45:00,DE-CENTRAL,Central Plant,Paint & Utilities,5381.763,0.22,83.808,466.738,8.573,0.88
2026-01-07 20:00:00,DE-CENTRAL,Central Plant,Paint & Utilities,5505.871,0.22,80.613,446.244,9.007,0.88
2026-01-07 20:15:00,DE-CENTRAL,Central Plant,Paint & Utilities,5315.539,0.22,87.712,410.399,8.989,0.88
2026-01-07 20:30:00,DE-CENTRAL,Central Plant,Paint & Utilities,5092.215,0.22,83.909,429.294,9.139,0.88
2026-01-07 20:45:00,DE-CENTRAL,Central Plant,Paint & Utilities,5415.046,0.22,77.435,432.2,10.368,0.88
2026-01-07 21:00:00,DE-CENTRAL,Central Plant,Paint & Utilities,5358.472,0.22,71.167,427.675,9.065,0.88
2026-01-07 21:15:00,DE-CENTRAL,Central Plant,Paint & Utilities,5216.42,0.22,68.192,403.181,7.07,0.88
2026-01-07 21:30:00,DE-CENTRAL,Central Plant,Paint & Utilities,4978.487,0.22,75.958,417.764,8.848,0.88
2026-01-07 21:45:00,DE-CENTRAL,Central Plant,Paint & Utilities,5024.83,0.22,70.947,410.904,8.511,0.88
2026-01-07 22:00:00,DE-CENTRAL,Central Plant,Paint & Utilities,3372.239,0.22,70.682,427.168,8.361,0.38
2026-01-07 22:15:00,DE-CENTRAL,Central Plant,Paint & Utilities,3696.744,0.22,60.814,384.375,8.33,0.38
2026-01-07 22:30:00,DE-CENTRAL,Central Plant,Paint & Utilities,3353.787,0.22,70.695,384.899,7.947,0.38
2026-01-07 22:45:00,DE-CENTRAL,Central Plant,Paint & Utilities,3575.203,0.22,68.147,385.427,7.722,0.38
2026-01-07 23:00:00,DE-CENTRAL,Central Plant,Paint & Utilities,3403.057,0.22,61.368,381.783,7.965,0.38
2026-01-07 23:15:00,DE-CENTRAL,Central Plant,Paint & Utilities,3334.897,0.22,63.524,375.947,6.917,0.38
2026-01-07 23:30:00,DE-CENTRAL,Central Plant,Paint & Utilities,3544.722,0.22,66.168,352.774,6.38,0.38
2026-01-07 23:45:00,DE-CENTRAL,Central Plant,Paint & Utilities,3400.005,0.22,65.112,380.288,8.894,0.38
2026-01-08 00:00:00,DE-CENTRAL,Central Plant,Paint & Utilities,3611.654,0.22,63.086,387.918,5.999,0.38
2026-01-08 00:15:00,DE-CENTRAL,Central Plant,Paint & Utilities,3333.412,0.22,63.933,378.09,6.282,0.38
2026-01-08 00:30:00,DE-CENTRAL,Central Plant,Paint & Utilities,3433.832,0.22,63.435,407.745,4.866,0.38
2026-01-08 00:45:00,DE-CENTRAL,Central Plant,Paint & Utilities,3211.963,0.22,65.157,385.181,5.689,0.38
2026-01-08 01:00:00,DE-CENTRAL,Central Plant,Paint & Utilities,3272.985,0.22,70.544,401.002,4.641,0.38
2026-01-08 01:15:00,DE-CENTRAL,Central Plant,Paint & Utilities,3794.131,0.22,54.513,389.123,4.666,0.38
2026-01-08 01:30:00,DE-CENTRAL,Central Plant,Paint & Utilities,3830.979,0.22,63.969,396.366,5.384,0.38
2026-01-08 01:45:00,DE-CENTRAL,Central Plant,Paint & Utilities,3615.658,0.22,65.776,390.249,4.657,0.38
2026-01-08 02:00:00,DE-CENTRAL,Central Plant,Paint & Utilities,3529.042,0.22,66.429,403.759,4.398,0.38
2026-01-08 02:15:00,DE-CENTRAL,Central Plant,Paint & Utilities,3669.651,0.22,63.958,388.426,2.433,0.38
2026-01-08 02:30:00,DE-CENTRAL,Central Plant,Paint & Utilities,3794.666,0.22,58.649,394.113,4.633,0.38
2026-01-08 02:45:00,DE-CENTRAL,Central Plant,Paint & Utilities,3706.05,0.22,67.253,392.946,2.19,0.38
2026-01-08 03:00:00,DE-CENTRAL,Central Plant,Paint & Utilities,3794.326,0.22,73.154,385.464,3.776,0.38
2026-01-08 03:15:00,DE-CENTRAL,Central Plant,Paint & Utilities,3808.993,0.22,60.456,394.141,3.108,0.38
2026-01-08 03:30:00,DE-CENTRAL,Central Plant,Paint & Utilities,3782.953,0.22,70.441,416.434,2.491,0.38
2026-01-08 03:45:00,DE-CENTRAL,Central Plant,Paint & Utilities,3848.524,0.22,66.114,386.699,1.19,0.38
2026-01-08 04:00:00,DE-CENTRAL,Central Plant,Paint & Utilities,3970.234,0.22,67.676,395.282,1.606,0.38
2026-01-08 04:15:00,DE-CENTRAL,Central Plant,Paint & Utilities,3850.347,0.22,64.253,405.629,0.893,0.38
2026-01-08 04:30:00,DE-CENTRAL,Central Plant,Paint & Utilities,4052.642,0.22,67.718,404.487,0.977,0.38
2026-01-08 04:45:00,DE-CENTRAL,Central Plant,Paint & Utilities,3964.61,0.22,74.891,391.195,0.528,0.38
2026-01-08 05:00:00,DE-CENTRAL,Central Plant,Paint & Utilities,4092.077,0.22,72.693,362.684,-0.963,0.38
2026-01-08 05:15:00,DE-CENTRAL,Central Plant,Paint & Utilities,4215.961,0.22,77.991,397.696,1.026,0.38
2026-01-08 05:30:00,DE-CENTRAL,Central Plant,Paint & Utilities,4050.488,0.22,76.488,365.054,-0.024,0.38
2026-01-08 05:45:00,DE-CENTRAL,Central Plant,Paint & Utilities,4203.494,0.22,74.253,409.499,-0.497,0.38
2026-01-08 06:00:00,DE-CENTRAL,Central Plant,Paint & Utilities,5742.259,0.22,80.179,394.045,-0.722,0.98
2026-01-08 06:15:00,DE-CENTRAL,Central Plant,Paint & Utilities,5890.401,0.22,73.74,392.693,-0.233,0.98
2026-01-08 06:30:00,DE-CENTRAL,Central Plant,Paint & Utilities,5963.229,0.22,74.04,358.586,-1.245,0.98
2026-01-08 06:45:00,DE-CENTRAL,Central Plant,Paint & Utilities,6209.599,0.22,68.239,339.573,-2.313,0.98
2026-01-08 07:00:00,DE-CENTRAL,Central Plant,Paint & Utilities,5645.489,0.22,68.334,350.25,-0.545,0.98
2026-01-08 07:15:00,DE-CENTRAL,Central Plant,Paint & Utilities,5851.433,0.22,63.859,335.808,-0.541,0.98
2026-01-08 07:30:00,DE-CENTRAL,Central Plant,Paint & Utilities,6026.797,0.22,69.123,319.624,-1.097,0.98
2026-01-08 07:45:00,DE-CENTRAL,Central Plant,Paint & Utilities,5718.03,0.22,58.901,316.115,-1.793,0.98
2026-01-08 08:00:00,DE-CENTRAL,Central Plant,Paint & Utilities,5727.954,0.22,65.128,338.196,-0.938,0.98
2026-01-08 08:15:00,DE-CENTRAL,Central Plant,Paint & Utilities,5778.731,0.22,59.56,305.243,-2.014,0.98
2026-01-08 08:30:00,DE-CENTRAL,Central Plant,Paint & Utilities,5706.259,0.22,63.28,298.459,-1.676,0.98
2026-01-08 08:45:00,DE-CENTRAL,Central Plant,Paint & Utilities,5830.706,0.22,59.833,287.065,-1.429,0.98
2026-01-08 09:00:00,DE-CENTRAL,Central Plant,Paint & Utilities,5614.714,0.22,62.323,286.238,-0.239,0.98
2026-01-08 09:15:00,DE-CENTRAL,Central Plant,Paint & Utilities,5701.543,0.22,56.169,258.26,-0.988,0.98
2026-01-08 09:30:00,DE-CENTRAL,Central Plant,Paint & Utilities,5444.319,0.22,45.179,228.483,-0.933,0.98
2026-01-08 09:45:00,DE-CENTRAL,Central Plant,Paint & Utilities,5314.903,0.22,49.456,244.052,0.884,0.98
2026-01-08 10:00:00,DE-CENTRAL,Central Plant,Paint & Utilities,5370.623,0.22,43.35,249.836,-0.083,0.98
2026-01-08 10:15:00,DE-CENTRAL,Central Plant,Paint & Utilities,5219.401,0.22,44.36,222.869,0.08,0.98
2026-01-08 10:30:00,DE-CENTRAL,Central Plant,Paint & Utilities,5413.284,0.22,50.973,227.459,-0.226,0.98
2026-01-08 10:45:00,DE-CENTRAL,Central Plant,Paint & Utilities,5284.261,0.22,46.092,217.022,-0.177,0.98
2026-01-08 11:00:00,DE-CENTRAL,Central Plant,Paint & Utilities,5258.377,0.22,39.498,239.795,-1.066,0.98
2026-01-08 11:15:00,DE-CENTRAL,Central Plant,Paint & Utilities,5344.542,0.22,37.143,227.932,1.381,0.98
2026-01-08 11:30:00,DE-CENTRAL,Central Plant,Paint & Utilities,5140.017,0.22,40.397,224.663,1.27,0.98
2026-01-08 11:45:00,DE-CENTRAL,Central Plant,Paint & Utilities,5396.933,0.22,34.645,222.965,1.097,0.98
2026-01-08 12:00:00,DE-CENTRAL,Central Plant,Paint & Utilities,5245.339,0.22,36.257,214.495,1.404,0.98
2026-01-08 12:15:00,DE-CENTRAL,Central Plant,Paint & Utilities,5453.527,0.22,39.812,217.542,2.304,0.98
2026-01-08 12:30:00,DE-CENTRAL,Central Plant,Paint & Utilities,5313.593,0.22,43.008,201.993,0.998,0.98
2026-01-08 12:45:00,DE-CENTRAL,Central Plant,Paint & Utilities,5452.305,0.22,40.85,191.86,1.98,0.98
2026-01-08 13:00:00,DE-CENTRAL,Central Plant,Paint & Utilities,5432.317,0.22,29.491,222.645,1.91,0.98
2026-01-08 13:15:00,DE-CENTRAL,Central Plant,Paint & Utilities,5487.45,0.22,40.334,228.375,4.265,0.98
2026-01-08 13:30:00,DE-CENTRAL,Central Plant,Paint & Utilities,5456.452,0.22,40.092,243.571,3.96,0.98
2026-01-08 13:45:00,DE-CENTRAL,Central Plant,Paint & Utilities,5318.764,0.22,42.384,253.455,2.131,0.98
2026-01-08 14:00:00,DE-CENTRAL,Central Plant,Paint & Utilities,5390.236,0.22,48.362,259.982,2.94,0.88
2026-01-08 14:15:00,DE-CENTRAL,Central Plant,Paint & Utilities,5262.585,0.22,35.067,236.748,4.234,0.88
2026-01-08 14:30:00,DE-CENTRAL,Central Plant,Paint & Utilities,5414.793,0.22,42.641,253.148,4.322,0.88
2026-01-08 14:45:00,DE-CENTRAL,Central Plant,Paint & Utilities,5449.561,0.22,49.322,272.879,4.048,0.88
2026-01-08 15:00:00,DE-CENTRAL,Central Plant,Paint & Utilities,5238.812,0.22,42.856,308.33,6.655,0.88
2026-01-08 15:15:00,DE-CENTRAL,Central Plant,Paint & Utilities,5275.878,0.22,57.575,307.615,5.826,0.88
2026-01-08 15:30:00,DE-CENTRAL,Central Plant,Paint & Utilities,5497.26,0.22,55.887,316.222,6.246,0.88
2026-01-08 15:45:00,DE-CENTRAL,Central Plant,Paint & Utilities,5414.175,0.22,60.776,312.021,5.727,0.88
2026-01-08 16:00:00,DE-CENTRAL,Central Plant,Paint & Utilities,5563.118,0.22,58.285,320.799,7.006,0.88
2026-01-08 16:15:00,DE-CENTRAL,Central Plant,Paint & Utilities,5448.87,0.22,67.164,356.271,6.512,0.88
2026-01-08 16:30:00,DE-CENTRAL,Central Plant,Paint & Utilities,5604.187,0.22,71.633,349.501,6.845,0.88
2026-01-08 16:45:00,DE-CENTRAL,Central Plant,Paint & Utilities,5510.614,0.22,71.789,376.03,7.724,0.88
2026-01-08 17:00:00,DE-CENTRAL,Central Plant,Paint & Utilities,5523.123,0.22,75.274,393.729,6.395,0.88
2026-01-08 17:15:00,DE-CENTRAL,Central Plant,Paint & Utilities,5370.887,0.22,78.805,430.212,8.877,0.88
2026-01-08 17:30:00,DE-CENTRAL,Central Plant,Paint & Utilities,5452.765,0.22,77.495,422.347,8.094,0.88
2026-01-08 17:45:00,DE-CENTRAL,Central Plant,Paint & Utilities,5532.29,0.22,83.351,412.106,9.054,0.88
2026-01-08 18:00:00,DE-CENTRAL,Central Plant,Paint & Utilities,5383.564,0.22,86.033,461.252,7.577,0.88
2026-01-08 18:15:00,DE-CENTRAL,Central Plant,Paint & Utilities,5422.024,0.22,88.643,448.051,7.838,0.88
2026-01-08 18:30:00,DE-CENTRAL,Central Plant,Paint & Utilities,5326.919,0.22,91.209,456.973,7.806,0.88
2026-01-08 18:45:00,DE-CENTRAL,Central Plant,Paint & Utilities,5272.894,0.22,82.702,454.196,8.91,0.88
2026-01-08 19:00:00,DE-CENTRAL,Central Plant,Paint & Utilities,5437.362,0.22,85.798,449.511,8.876,0.88
2026-01-08 19:15:00,DE-CENTRAL,Central Plant,Paint & Utilities,5335.913,0.22,91.247,458.705,8.579,0.88
2026-01-08 19:30:00,DE-CENTRAL,Central Plant,Paint & Utilities,5157.7,0.22,81.07,426.255,8.247,0.88
2026-01-08 19:45:00,DE-CENTRAL,Central Plant,Paint & Utilities,5135.188,0.22,79.231,433.05,8.103,0.88
2026-01-08 20:00:00,DE-CENTRAL,Central Plant,Paint & Utilities,4955.18,0.22,81.618,441.444,8.966,0.88
2026-01-08 20:15:00,DE-CENTRAL,Central Plant,Paint & Utilities,4989.037,0.22,82.351,419.437,8.663,0.88
2026-01-08 20:30:00,DE-CENTRAL,Central Plant,Paint & Utilities,5016.609,0.22,77.125,400.873,8.477,0.88
2026-01-08 20:45:00,DE-CENTRAL,Central Plant,Paint & Utilities,5014.215,0.22,80.5,421.576,9.987,0.88
2026-01-08 21:00:00,DE-CENTRAL,Central Plant,Paint & Utilities,4999.22,0.22,76.77,420.584,8.772,0.88
2026-01-08 21:15:00,DE-CENTRAL,Central Plant,Paint & Utilities,4715.179,0.22,74.964,400.445,9.624,0.88
2026-01-08 21:30:00,DE-CENTRAL,Central Plant,Paint & Utilities,4992.715,0.22,72.198,371.768,8.246,0.88
2026-01-08 21:45:00,DE-CENTRAL,Central Plant,Paint & Utilities,4831.041,0.22,77.828,398.595,8.656,0.88
2026-01-08 22:00:00,DE-CENTRAL,Central Plant,Paint & Utilities,3323.746,0.22,66.398,365.581,8.291,0.38
2026-01-08 22:15:00,DE-CENTRAL,Central Plant,Paint & Utilities,3648.896,0.22,58.074,385.146,6.969,0.38
2026-01-08 22:30:00,DE-CENTRAL,Central Plant,Paint & Utilities,3618.684,0.22,71.537,367.281,8.967,0.38
2026-01-08 22:45:00,DE-CENTRAL,Central Plant,Paint & Utilities,3502.876,0.22,62.475,361.018,7.665,0.38
2026-01-08 23:00:00,DE-CENTRAL,Central Plant,Paint & Utilities,3560.275,0.22,64.062,367.108,8.058,0.38
2026-01-08 23:15:00,DE-CENTRAL,Central Plant,Paint & Utilities,3612.766,0.22,68.316,368.101,6.77,0.38
2026-01-08 23:30:00,DE-CENTRAL,Central Plant,Paint & Utilities,3706.91,0.22,56.221,360.816,6.928,0.38
2026-01-08 23:45:00,DE-CENTRAL,Central Plant,Paint & Utilities,3661.14,0.22,57.265,374.158,6.171,0.38
2026-01-09 00:00:00,DE-CENTRAL,Central Plant,Paint & Utilities,3394.483,0.22,55.075,358.711,7.365,0.38
2026-01-09 00:15:00,DE-CENTRAL,Central Plant,Paint & Utilities,3869.018,0.22,58.255,375.362,6.429,0.38
2026-01-09 00:30:00,DE-CENTRAL,Central Plant,Paint & Utilities,3783.297,0.22,63.149,366.523,6.17,0.38
2026-01-09 00:45:00,DE-CENTRAL,Central Plant,Paint & Utilities,3602.915,0.22,63.456,354.341,6.558,0.38
2026-01-09 01:00:00,DE-CENTRAL,Central Plant,Paint & Utilities,3577.971,0.22,62.446,351.898,6.104,0.38
2026-01-09 01:15:00,DE-CENTRAL,Central Plant,Paint & Utilities,3818.379,0.22,55.686,342.112,5.511,0.38
2026-01-09 01:30:00,DE-CENTRAL,Central Plant,Paint & Utilities,3793.045,0.22,52.111,364.98,3.657,0.38
2026-01-09 01:45:00,DE-CENTRAL,Central Plant,Paint & Utilities,3895.085,0.22,61.604,356.86,3.84,0.38
2026-01-09 02:00:00,DE-CENTRAL,Central Plant,Paint & Utilities,3987.957,0.22,59.561,332.29,3.297,0.38
2026-01-09 02:15:00,DE-CENTRAL,Central Plant,Paint & Utilities,3824.56,0.22,63.378,353.986,4.182,0.38
2026-01-09 02:30:00,DE-CENTRAL,Central Plant,Paint & Utilities,3793.703,0.22,64.474,349.277,3.467,0.38
2026-01-09 02:45:00,DE-CENTRAL,Central Plant,Paint & Utilities,4037.986,0.22,62.384,378.691,2.051,0.38
2026-01-09 03:00:00,DE-CENTRAL,Central Plant,Paint & Utilities,3923.431,0.22,65.081,339.06,2.574,0.38
2026-01-09 03:15:00,DE-CENTRAL,Central Plant,Paint & Utilities,4050.76,0.22,63.215,341.927,1.347,0.38
2026-01-09 03:30:00,DE-CENTRAL,Central Plant,Paint & Utilities,3851.086,0.22,64.727,372.291,2.049,0.38
2026-01-09 03:45:00,DE-CENTRAL,Central Plant,Paint & Utilities,4027.053,0.22,60.152,375.02,0.63,0.38
2026-01-09 04:00:00,DE-CENTRAL,Central Plant,Paint & Utilities,4119.005,0.22,62.671,349.586,1.87,0.38
2026-01-09 04:15:00,DE-CENTRAL,Central Plant,Paint & Utilities,4108.386,0.22,64.651,350.747,1.487,0.38
2026-01-09 04:30:00,DE-CENTRAL,Central Plant,Paint & Utilities,3901.158,0.22,67.674,365.553,2.292,0.38
2026-01-09 04:45:00,DE-CENTRAL,Central Plant,Paint & Utilities,3862.458,0.22,63.394,330.079,1.297,0.38
2026-01-09 05:00:00,DE-CENTRAL,Central Plant,Paint & Utilities,4022.643,0.22,67.674,335.536,0.168,0.38
2026-01-09 05:15:00,DE-CENTRAL,Central Plant,Paint & Utilities,4055.471,0.22,65.179,354.388,0.813,0.38
2026-01-09 05:30:00,DE-CENTRAL,Central Plant,Paint & Utilities,4053.67,0.22,66.447,376.263,-0.945,0.38
2026-01-09 05:45:00,DE-CENTRAL,Central Plant,Paint & Utilities,3907.407,0.22,70.92,352.363,-0.831,0.38
2026-01-09 06:00:00,DE-CENTRAL,Central Plant,Paint & Utilities,5771.337,0.22,60.307,358.752,-0.097,0.98
2026-01-09 06:15:00,DE-CENTRAL,Central Plant,Paint & Utilities,5925.919,0.22,61.851,359.67,-1.995,0.98
2026-01-09 06:30:00,DE-CENTRAL,Central Plant,Paint & Utilities,5682.527,0.22,59.834,359.941,-0.645,0.98
2026-01-09 06:45:00,DE-CENTRAL,Central Plant,Paint & Utilities,5421.699,0.22,55.114,316.448,-1.449,0.98
2026-01-09 07:00:00,DE-CENTRAL,Central Plant,Paint & Utilities,5594.351,0.22,60.373,312.047,-0.759,0.98
2026-01-09 07:15:00,DE-CENTRAL,Central Plant,Paint & Utilities,5807.443,0.22,64.665,323.208,-1.658,0.98
2026-01-09 07:30:00,DE-CENTRAL,Central Plant,Paint & Utilities,5318.151,0.22,59.051,272.432,-0.66,0.98
2026-01-09 07:45:00,DE-CENTRAL,Central Plant,Paint & Utilities,5456.494,0.22,59.443,292.692,-0.976,0.98
2026-01-09 08:00:00,DE-CENTRAL,Central Plant,Paint & Utilities,5367.929,0.22,61.411,258.156,-0.02,0.98
2026-01-09 08:15:00,DE-CENTRAL,Central Plant,Paint & Utilities,5404.054,0.22,60.713,262.016,-0.985,0.98
2026-01-09 08:30:00,DE-CENTRAL,Central Plant,Paint & Utilities,5406.172,0.22,53.428,248.721,-1.495,0.98
2026-01-09 08:45:00,DE-CENTRAL,Central Plant,Paint & Utilities,5499.92,0.22,57.389,231.459,-1.077,0.98
2026-01-09 09:00:00,DE-CENTRAL,Central Plant,Paint & Utilities,5371.486,0.22,50.596,222.995,-1.771,0.98
2026-01-09 09:15:00,DE-CENTRAL,Central Plant,Paint & Utilities,5487.742,0.22,45.131,230.496,-0.45,0.98
2026-01-09 09:30:00,DE-CENTRAL,Central Plant,Paint & Utilities,5306.474,0.22,44.376,232.095,-0.207,0.98
2026-01-09 09:45:00,DE-CENTRAL,Central Plant,Paint & Utilities,5250.94,0.22,39.147,212.176,1.244,0.98
2026-01-09 10:00:00,DE-CENTRAL,Central Plant,Paint & Utilities,5273.715,0.22,39.895,208.803,-0.765,0.98
2026-01-09 10:15:00,DE-CENTRAL,Central Plant,Paint & Utilities,5138.481,0.22,40.48,209.713,-0.345,0.98
2026-01-09 10:30:00,DE-CENTRAL,Central Plant,Paint & Utilities,5432.701,0.22,43.696,186.792,-0.37,0.98
2026-01-09 10:45:00,DE-CENTRAL,Central Plant,Paint & Utilities,5673.001,0.22,46.059,203.637,0.389,0.98
2026-01-09 11:00:00,DE-CENTRAL,Central Plant,Paint & Utilities,5497.487,0.22,32.484,201.638,0.732,0.98
2026-01-09 11:15:00,DE-CENTRAL,Central Plant,Paint & Utilities,5567.993,0.22,38.578,220.85,0.666,0.98
2026-01-09 11:30:00,DE-CENTRAL,Central Plant,Paint & Utilities,5445.168,0.22,32.009,183.667,1.717,0.98
2026-01-09 11:45:00,DE-CENTRAL,Central Plant,Paint & Utilities,5533.476,0.22,37.415,182.047,0.79,0.98
2026-01-09 12:00:00,DE-CENTRAL,Central Plant,Paint & Utilities,5702.179,0.22,34.527,196.942,2.19,0.98
2026-01-09 12:15:00,DE-CENTRAL,Central Plant,Paint & Utilities,5879.066,0.22,27.461,198.541,2.166,0.98
2026-01-09 12:30:00,DE-CENTRAL,Central Plant,Paint & Utilities,5859.675,0.22,38.434,184.133,2.078,0.98
2026-01-09 12:45:00,DE-CENTRAL,Central Plant,Paint & Utilities,5813.546,0.22,32.448,188.428,2.172,0.98
2026-01-09 13:00:00,DE-CENTRAL,Central Plant,Paint & Utilities,5702.35,0.22,33.096,203.365,4.405,0.98
2026-01-09 13:15:00,DE-CENTRAL,Central Plant,Paint & Utilities,5808.581,0.22,31.54,191.471,2.453,0.98
2026-01-09 13:30:00,DE-CENTRAL,Central Plant,Paint & Utilities,5692.224,0.22,34.02,201.963,3.556,0.98
2026-01-09 13:45:00,DE-CENTRAL,Central Plant,Paint & Utilities,5641.517,0.22,39.407,214.445,3.148,0.98
2026-01-09 14:00:00,DE-CENTRAL,Central Plant,Paint & Utilities,5342.856,0.22,38.245,232.831,5.25,0.88
2026-01-09 14:15:00,DE-CENTRAL,Central Plant,Paint & Utilities,5515.931,0.22,41.882,222.198,4.948,0.88
2026-01-09 14:30:00,DE-CENTRAL,Central Plant,Paint & Utilities,5500.746,0.22,43.845,217.009,4.178,0.88
2026-01-09 14:45:00,DE-CENTRAL,Central Plant,Paint & Utilities,5326.683,0.22,49.781,226.894,5.334,0.88
2026-01-09 15:00:00,DE-CENTRAL,Central Plant,Paint & Utilities,5503.557,0.22,45.501,246.668,5.474,0.88
2026-01-09 15:15:00,DE-CENTRAL,Central Plant,Paint & Utilities,5464.728,0.22,43.608,259.004,5.246,0.88
2026-01-09 15:30:00,DE-CENTRAL,Central Plant,Paint & Utilities,5312.589,0.22,56.683,286.935,6.444,0.88
2026-01-09 15:45:00,DE-CENTRAL,Central Plant,Paint & Utilities,5393.881,0.22,54.223,289.519,6.484,0.88
2026-01-09 16:00:00,DE-CENTRAL,Central Plant,Paint & Utilities,5370.806,0.22,63.347,311.2,6.651,0.88
2026-01-09 16:15:00,DE-CENTRAL,Central Plant,Paint & Utilities,5300.691,0.22,63.925,326.89,6.749,0.88
2026-01-09 16:30:00,DE-CENTRAL,Central Plant,Paint & Utilities,5448.938,0.22,65.481,347.949,7.346,0.88
2026-01-09 16:45:00,DE-CENTRAL,Central Plant,Paint & Utilities,5047.866,0.22,71.065,386.45,7.457,0.88
2026-01-09 17:00:00,DE-CENTRAL,Central Plant,Paint & Utilities,4994.15,0.22,81.121,395.912,7.577,0.88
2026-01-09 17:15:00,DE-CENTRAL,Central Plant,Paint & Utilities,5212.039,0.22,85.181,405.334,7.31,0.88
2026-01-09 17:30:00,DE-CENTRAL,Central Plant,Paint & Utilities,5136.579,0.22,80.545,416.302,9.152,0.88
2026-01-09 17:45:00,DE-CENTRAL,Central Plant,Paint & Utilities,5174.197,0.22,84.072,432.603,7.422,0.88
2026-01-09 18:00:00,DE-CENTRAL,Central Plant,Paint & Utilities,4982.549,0.22,90.609,456.755,8.629,0.88
2026-01-09 18:15:00,DE-CENTRAL,Central Plant,Paint & Utilities,4902.326,0.22,83.558,462.274,8.26,0.88
2026-01-09 18:30:00,DE-CENTRAL,Central Plant,Paint & Utilities,4941.952,0.22,88.546,445.597,9.851,0.88
2026-01-09 18:45:00,DE-CENTRAL,Central Plant,Paint & Utilities,4893.515,0.22,87.009,456.904,8.102,0.88
2026-01-09 19:00:00,DE-CENTRAL,Central Plant,Paint & Utilities,5111.4,0.22,87.901,430.845,8.315,0.88
2026-01-09 19:15:00,DE-CENTRAL,Central Plant,Paint & Utilities,4847.985,0.22,82.506,455.39,8.225,0.88
2026-01-09 19:30:00,DE-CENTRAL,Central Plant,Paint & Utilities,4838.205,0.22,78.375,458.617,9.184,0.88
2026-01-09 19:45:00,DE-CENTRAL,Central Plant,Paint & Utilities,5172.578,0.22,75.087,441.903,8.028,0.88
2026-01-09 20:00:00,DE-CENTRAL,Central Plant,Paint & Utilities,4806.985,0.22,77.366,462.224,8.665,0.88
2026-01-09 20:15:00,DE-CENTRAL,Central Plant,Paint & Utilities,4927.341,0.22,78.334,424.593,7.483,0.88
2026-01-09 20:30:00,DE-CENTRAL,Central Plant,Paint & Utilities,4901.818,0.22,77.267,432.313,9.126,0.88
2026-01-09 20:45:00,DE-CENTRAL,Central Plant,Paint & Utilities,4934.924,0.22,84.458,423.8,8.554,0.88
2026-01-09 21:00:00,DE-CENTRAL,Central Plant,Paint & Utilities,4911.445,0.22,79.454,417.718,7.788,0.88
2026-01-09 21:15:00,DE-CENTRAL,Central Plant,Paint & Utilities,4878.433,0.22,69.597,412.552,9.495,0.88
2026-01-09 21:30:00,DE-CENTRAL,Central Plant,Paint & Utilities,4934.871,0.22,73.379,410.631,7.704,0.88
2026-01-09 21:45:00,DE-CENTRAL,Central Plant,Paint & Utilities,4846.637,0.22,69.052,415.438,9.042,0.88
2026-01-09 22:00:00,DE-CENTRAL,Central Plant,Paint & Utilities,3594.787,0.22,68.398,418.247,7.839,0.38
2026-01-09 22:15:00,DE-CENTRAL,Central Plant,Paint & Utilities,3804.022,0.22,69.296,398.682,9.278,0.38
2026-01-09 22:30:00,DE-CENTRAL,Central Plant,Paint & Utilities,3747.116,0.22,70.211,406.017,8.491,0.38
2026-01-09 22:45:00,DE-CENTRAL,Central Plant,Paint & Utilities,3695.804,0.22,65.708,385.831,7.054,0.38
2026-01-09 23:00:00,DE-CENTRAL,Central Plant,Paint & Utilities,3800.49,0.22,70.786,401.908,6.894,0.38
2026-01-09 23:15:00,DE-CENTRAL,Central Plant,Paint & Utilities,3591.246,0.22,61.549,382.427,7.721,0.38
2026-01-09 23:30:00,DE-CENTRAL,Central Plant,Paint & Utilities,3719.487,0.22,65.829,403.845,6.86,0.38
2026-01-09 23:45:00,DE-CENTRAL,Central Plant,Paint & Utilities,3907.192,0.22,75.966,416.746,6.659,0.38
2026-01-10 00:00:00,DE-CENTRAL,Central Plant,Paint & Utilities,3680.296,0.22,65.803,386.61,7.391,0.28
2026-01-10 00:15:00,DE-CENTRAL,Central Plant,Paint & Utilities,3455.981,0.22,70.717,362.158,5.687,0.28
2026-01-10 00:30:00,DE-CENTRAL,Central Plant,Paint & Utilities,3505.78,0.22,65.427,382.269,5.977,0.28
2026-01-10 00:45:00,DE-CENTRAL,Central Plant,Paint & Utilities,3855.551,0.22,67.467,403.989,6.275,0.28
2026-01-10 01:00:00,DE-CENTRAL,Central Plant,Paint & Utilities,3613.463,0.22,65.008,396.187,5.86,0.28
2026-01-10 01:15:00,DE-CENTRAL,Central Plant,Paint & Utilities,3867.777,0.22,64.654,392.864,4.864,0.28
2026-01-10 01:30:00,DE-CENTRAL,Central Plant,Paint & Utilities,3677.953,0.22,62.332,402.29,4.45,0.28
2026-01-10 01:45:00,DE-CENTRAL,Central Plant,Paint & Utilities,3717.546,0.22,67.303,396.29,3.11,0.28
2026-01-10 02:00:00,DE-CENTRAL,Central Plant,Paint & Utilities,3641.99,0.22,62.327,405.362,3.261,0.28
2026-01-10 02:15:00,DE-CENTRAL,Central Plant,Paint & Utilities,3780.3,0.22,68.572,402.036,3.896,0.28
2026-01-10 02:30:00,DE-CENTRAL,Central Plant,Paint & Utilities,3839.291,0.22,70.457,409.498,3.251,0.28
2026-01-10 02:45:00,DE-CENTRAL,Central Plant,Paint & Utilities,3525.288,0.22,67.822,395.758,3.077,0.28
2026-01-10 03:00:00,DE-CENTRAL,Central Plant,Paint & Utilities,3587.265,0.22,65.489,402.512,3.433,0.28
2026-01-10 03:15:00,DE-CENTRAL,Central Plant,Paint & Utilities,3774.237,0.22,68.771,388.139,1.562,0.28
2026-01-10 03:30:00,DE-CENTRAL,Central Plant,Paint & Utilities,3610.194,0.22,66.088,384.763,1.921,0.28
2026-01-10 03:45:00,DE-CENTRAL,Central Plant,Paint & Utilities,3539.383,0.22,71.481,412.598,1.921,0.28
2026-01-10 04:00:00,DE-CENTRAL,Central Plant,Paint & Utilities,3726.782,0.22,60.879,394.826,1.007,0.28
2026-01-10 04:15:00,DE-CENTRAL,Central Plant,Paint & Utilities,3682.214,0.22,67.378,401.985,2.224,0.28
2026-01-10 04:30:00,DE-CENTRAL,Central Plant,Paint & Utilities,3471.405,0.22,61.321,393.886,1.592,0.28
2026-01-10 04:45:00,DE-CENTRAL,Central Plant,Paint & Utilities,3544.26,0.22,63.911,385.417,0.906,0.28
2026-01-10 05:00:00,DE-CENTRAL,Central Plant,Paint & Utilities,3316.069,0.22,75.99,392.62,1.72,0.28
2026-01-10 05:15:00,DE-CENTRAL,Central Plant,Paint & Utilities,3390.248,0.22,74.786,409.732,-0.808,0.28
2026-01-10 05:30:00,DE-CENTRAL,Central Plant,Paint & Utilities,3475.377,0.22,69.015,399.154,0.028,0.28
2026-01-10 05:45:00,DE-CENTRAL,Central Plant,Paint & Utilities,3439.153,0.22,66.573,371.924,0.099,0.28
2026-01-10 06:00:00,DE-CENTRAL,Central Plant,Paint & Utilities,3826.012,0.22,61.402,389.829,-0.97,0.46
2026-01-10 06:15:00,DE-CENTRAL,Central Plant,Paint & Utilities,3821.391,0.22,69.839,402.283,-0.274,0.46
2026-01-10 06:30:00,DE-CENTRAL,Central Plant,Paint & Utilities,3787.755,0.22,80.409,366.842,-1.394,0.46
2026-01-10 06:45:00,DE-CENTRAL,Central Plant,Paint & Utilities,3942.339,0.22,71.135,336.391,-0.251,0.46
2026-01-10 07:00:00,DE-CENTRAL,Central Plant,Paint & Utilities,3622.2,0.22,65.771,369.428,-0.089,0.46
2026-01-10 07:15:00,DE-CENTRAL,Central Plant,Paint & Utilities,3756.322,0.22,68.422,343.789,-0.713,0.46
2026-01-10 07:30:00,DE-CENTRAL,Central Plant,Paint & Utilities,3686.654,0.22,58.805,323.87,-2.254,0.46
2026-01-10 07:45:00,DE-CENTRAL,Central Plant,Paint & Utilities,3970.006,0.22,62.28,309.629,-1.666,0.46
2026-01-10 08:00:00,DE-CENTRAL,Central Plant,Paint & Utilities,3672.261,0.22,62.223,316.763,-0.605,0.46
2026-01-10 08:15:00,DE-CENTRAL,Central Plant,Paint & Utilities,3930.289,0.22,59.776,287.315,-0.974,0.46
2026-01-10 08:30:00,DE-CENTRAL,Central Plant,Paint & Utilities,4199.338,0.22,61.529,298.039,-2.843,0.46
2026-01-10 08:45:00,DE-CENTRAL,Central Plant,Paint & Utilities,4159.01,0.22,57.951,281.645,-0.034,0.46
2026-01-10 09:00:00,DE-CENTRAL,Central Plant,Paint & Utilities,3758.055,0.22,57.429,269.429,-0.734,0.46
2026-01-10 09:15:00,DE-CENTRAL,Central Plant,Paint & Utilities,4068.56,0.22,50.181,260.106,-1.308,0.46
2026-01-10 09:30:00,DE-CENTRAL,Central Plant,Paint & Utilities,3901.592,0.22,54.72,248.673,0.077,0.46
2026-01-10 09:45:00,DE-CENTRAL,Central Plant,Paint & Utilities,3932.201,0.22,55.875,256.311,-0.959,0.46
2026-01-10 10:00:00,DE-CENTRAL,Central Plant,Paint & Utilities,4098.843,0.22,43.767,226.978,-0.812,0.46
2026-01-10 10:15:00,DE-CENTRAL,Central Plant,Paint & Utilities,4280.746,0.22,42.466,212.133,0.093,0.46
2026-01-10 10:30:00,DE-CENTRAL,Central Plant,Paint & Utilities,4204.077,0.22,49.83,233.863,1.28,0.46
2026-01-10 10:45:00,DE-CENTRAL,Central Plant,Paint & Utilities,4064.803,0.22,42.312,229.642,1.377,0.46
2026-01-10 11:00:00,DE-CENTRAL,Central Plant,Paint & Utilities,4290.559,0.22,47.42,224.111,0.716,0.46
2026-01-10 11:15:00,DE-CENTRAL,Central Plant,Paint & Utilities,3933.488,0.22,38.915,220.246,1.027,0.46
2026-01-10 11:30:00,DE-CENTRAL,Central Plant,Paint & Utilities,4135.305,0.22,45.552,209.254,1.51,0.46
2026-01-10 11:45:00,DE-CENTRAL,Central Plant,Paint & Utilities,4174.154,0.22,39.48,221.058,0.342,0.46
2026-01-10 12:00:00,DE-CENTRAL,Central Plant,Paint & Utilities,4266.555,0.22,39.396,210.348,1.951,0.46
2026-01-10 12:15:00,DE-CENTRAL,Central Plant,Paint & Utilities,4258.703,0.22,44.224,205.134,1.275,0.46
2026-01-10 12:30:00,DE-CENTRAL,Central Plant,Paint & Utilities,4249.005,0.22,36.321,208.141,2.31,0.46
2026-01-10 12:45:00,DE-CENTRAL,Central Plant,Paint & Utilities,4249.302,0.22,34.013,237.879,2.234,0.46
2026-01-10 13:00:00,DE-CENTRAL,Central Plant,Paint & Utilities,4252.738,0.22,36.206,195.429,3.057,0.46
2026-01-10 13:15:00,DE-CENTRAL,Central Plant,Paint & Utilities,4310.98,0.22,40.252,225.766,3.107,0.46
2026-01-10 13:30:00,DE-CENTRAL,Central Plant,Paint & Utilities,4295.976,0.22,32.85,204.073,1.196,0.46
2026-01-10 13:45:00,DE-CENTRAL,Central Plant,Paint & Utilities,4162.938,0.22,42.571,228.351,3.798,0.46
2026-01-10 14:00:00,DE-CENTRAL,Central Plant,Paint & Utilities,3968.065,0.22,39.019,230.883,4.45,0.38
2026-01-10 14:15:00,DE-CENTRAL,Central Plant,Paint & Utilities,3996.241,0.22,47.175,218.548,4.639,0.38
2026-01-10 14:30:00,DE-CENTRAL,Central Plant,Paint & Utilities,3797.14,0.22,34.678,256.794,4.581,0.38
2026-01-10 14:45:00,DE-CENTRAL,Central Plant,Paint & Utilities,3796.72,0.22,43.05,257.217,6.125,0.38
2026-01-10 15:00:00,DE-CENTRAL,Central Plant,Paint & Utilities,3938.607,0.22,41.662,247.337,5.512,0.38
2026-01-10 15:15:00,DE-CENTRAL,Central Plant,Paint & Utilities,3610.409,0.22,47.581,294.434,5.914,0.38
2026-01-10 15:30:00,DE-CENTRAL,Central Plant,Paint & Utilities,3933.08,0.22,54.61,314.445,6.645,0.38
2026-01-10 15:45:00,DE-CENTRAL,Central Plant,Paint & Utilities,3506.005,0.22,55.87,328.93,6.465,0.38
2026-01-10 16:00:00,DE-CENTRAL,Central Plant,Paint & Utilities,3617.004,0.22,58.744,330.023,5.871,0.38
2026-01-10 16:15:00,DE-CENTRAL,Central Plant,Paint & Utilities,3530.318,0.22,62.454,341.627,5.071,0.38
2026-01-10 16:30:00,DE-CENTRAL,Central Plant,Paint & Utilities,3864.087,0.22,67.348,372.875,6.71,0.38
2026-01-10 16:45:00,DE-CENTRAL,Central Plant,Paint & Utilities,3469.389,0.22,65.994,393.273,7.829,0.38
2026-01-10 17:00:00,DE-CENTRAL,Central Plant,Paint & Utilities,3460.827,0.22,76.33,402.875,7.288,0.38
2026-01-10 17:15:00,DE-CENTRAL,Central Plant,Paint & Utilities,3434.056,0.22,79.538,393.943,8.32,0.38
2026-01-10 17:30:00,DE-CENTRAL,Central Plant,Paint & Utilities,3484.545,0.22,81.65,423.149,8.071,0.38
2026-01-10 17:45:00,DE-CENTRAL,Central Plant,Paint & Utilities,3395.767,0.22,85.328,440.774,9.059,0.38
2026-01-10 18:00:00,DE-CENTRAL,Central Plant,Paint & Utilities,3436.33,0.22,86.989,427.605,8.123,0.38
2026-01-10 18:15:00,DE-CENTRAL,Central Plant,Paint & Utilities,2984.275,0.22,94.411,456.201,8.812,0.38
2026-01-10 18:30:00,DE-CENTRAL,Central Plant,Paint & Utilities,3439.512,0.22,86.024,477.88,8.974,0.38
2026-01-10 18:45:00,DE-CENTRAL,Central Plant,Paint & Utilities,3421.188,0.22,84.874,457.08,9.786,0.38
2026-01-10 19:00:00,DE-CENTRAL,Central Plant,Paint & Utilities,3613.345,0.22,82.455,464.667,7.635,0.38
2026-01-10 19:15:00,DE-CENTRAL,Central Plant,Paint & Utilities,3639.459,0.22,80.367,445.642,8.583,0.38
2026-01-10 19:30:00,DE-CENTRAL,Central Plant,Paint & Utilities,3443.464,0.22,78.247,438.038,9.551,0.38
2026-01-10 19:45:00,DE-CENTRAL,Central Plant,Paint & Utilities,3580.388,0.22,78.153,438.145,10.071,0.38
2026-01-10 20:00:00,DE-CENTRAL,Central Plant,Paint & Utilities,3381.85,0.22,79.722,417.816,9.168,0.38
2026-01-10 20:15:00,DE-CENTRAL,Central Plant,Paint & Utilities,3656.043,0.22,79.516,409.673,8.784,0.38
2026-01-10 20:30:00,DE-CENTRAL,Central Plant,Paint & Utilities,3496.902,0.22,76.498,429.875,9.487,0.38
2026-01-10 20:45:00,DE-CENTRAL,Central Plant,Paint & Utilities,3448.073,0.22,71.347,424.597,9.512,0.38
2026-01-10 21:00:00,DE-CENTRAL,Central Plant,Paint & Utilities,3628.37,0.22,76.18,389.871,8.578,0.38
2026-01-10 21:15:00,DE-CENTRAL,Central Plant,Paint & Utilities,3851.814,0.22,73.804,407.345,8.966,0.38
2026-01-10 21:30:00,DE-CENTRAL,Central Plant,Paint & Utilities,3714.77,0.22,68.605,389.093,9.446,0.38
2026-01-10 21:45:00,DE-CENTRAL,Central Plant,Paint & Utilities,3902.574,0.22,65.183,389.139,9.808,0.38
2026-01-10 22:00:00,DE-CENTRAL,Central Plant,Paint & Utilities,3361.036,0.22,68.705,386.067,8.85,0.28
2026-01-10 22:15:00,DE-CENTRAL,Central Plant,Paint & Utilities,3628.606,0.22,66.148,388.529,8.188,0.28
2026-01-10 22:30:00,DE-CENTRAL,Central Plant,Paint & Utilities,3438.109,0.22,58.652,374.197,7.929,0.28
2026-01-10 22:45:00,DE-CENTRAL,Central Plant,Paint & Utilities,3561.728,0.22,63.376,387.256,8.149,0.28
2026-01-10 23:00:00,DE-CENTRAL,Central Plant,Paint & Utilities,3590.982,0.22,64.039,371.65,7.455,0.28
2026-01-10 23:15:00,DE-CENTRAL,Central Plant,Paint & Utilities,3658.352,0.22,58.859,373.451,7.429,0.28
2026-01-10 23:30:00,DE-CENTRAL,Central Plant,Paint & Utilities,3639.232,0.22,62.79,354.347,6.303,0.28
2026-01-10 23:45:00,DE-CENTRAL,Central Plant,Paint & Utilities,3482.101,0.22,55.873,388.941,7.686,0.28
2026-01-11 00:00:00,DE-CENTRAL,Central Plant,Paint & Utilities,3734.459,0.22,66.267,365.795,5.702,0.28
2026-01-11 00:15:00,DE-CENTRAL,Central Plant,Paint & Utilities,3832.326,0.22,65.887,368.402,5.909,0.28
2026-01-11 00:30:00,DE-CENTRAL,Central Plant,Paint & Utilities,3525.796,0.22,59.867,340.255,5.982,0.28
2026-01-11 00:45:00,DE-CENTRAL,Central Plant,Paint & Utilities,3328.558,0.22,62.323,349.407,7.001,0.28
2026-01-11 01:00:00,DE-CENTRAL,Central Plant,Paint & Utilities,3657.667,0.22,51.234,373.878,4.998,0.28
2026-01-11 01:15:00,DE-CENTRAL,Central Plant,Paint & Utilities,3543.854,0.22,56.269,362.229,4.509,0.28
2026-01-11 01:30:00,DE-CENTRAL,Central Plant,Paint & Utilities,3552.866,0.22,59.759,335.604,4.267,0.28
2026-01-11 01:45:00,DE-CENTRAL,Central Plant,Paint & Utilities,3586.681,0.22,56.706,370.831,5.488,0.28
2026-01-11 02:00:00,DE-CENTRAL,Central Plant,Paint & Utilities,3514.342,0.22,63.94,351.668,2.031,0.28
2026-01-11 02:15:00,DE-CENTRAL,Central Plant,Paint & Utilities,3488.337,0.22,69.189,374.971,2.971,0.28
2026-01-11 02:30:00,DE-CENTRAL,Central Plant,Paint & Utilities,3426.966,0.22,56.646,356.843,5.259,0.28
2026-01-11 02:45:00,DE-CENTRAL,Central Plant,Paint & Utilities,3642.828,0.22,58.195,360.236,3.438,0.28
2026-01-11 03:00:00,DE-CENTRAL,Central Plant,Paint & Utilities,3467.956,0.22,62.724,371.83,1.932,0.28
2026-01-11 03:15:00,DE-CENTRAL,Central Plant,Paint & Utilities,3269.839,0.22,68.511,346.836,2.363,0.28
2026-01-11 03:30:00,DE-CENTRAL,Central Plant,Paint & Utilities,3255.685,0.22,57.514,345.636,2.134,0.28
2026-01-11 03:45:00,DE-CENTRAL,Central Plant,Paint & Utilities,3397.379,0.22,63.791,355.157,2.381,0.28
2026-01-11 04:00:00,DE-CENTRAL,Central Plant,Paint & Utilities,3205.856,0.22,70.528,367.426,2.788,0.28
2026-01-11 04:15:00,DE-CENTRAL,Central Plant,Paint & Utilities,3164.707,0.22,57.139,341.536,1.494,0.28
2026-01-11 04:30:00,DE-CENTRAL,Central Plant,Paint & Utilities,3453.261,0.22,59.179,337.518,0.578,0.28
2026-01-11 04:45:00,DE-CENTRAL,Central Plant,Paint & Utilities,3433.261,0.22,63.215,367.467,1.254,0.28
2026-01-11 05:00:00,DE-CENTRAL,Central Plant,Paint & Utilities,3323.547,0.22,63.475,350.415,-0.024,0.28
2026-01-11 05:15:00,DE-CENTRAL,Central Plant,Paint & Utilities,3416.694,0.22,69.49,353.033,-0.483,0.28
2026-01-11 05:30:00,DE-CENTRAL,Central Plant,Paint & Utilities,3422.203,0.22,67.911,335.568,-1.199,0.28
2026-01-11 05:45:00,DE-CENTRAL,Central Plant,Paint & Utilities,3482.072,0.22,60.557,349.833,-1.253,0.28
2026-01-11 06:00:00,DE-CENTRAL,Central Plant,Paint & Utilities,3988.155,0.22,70.425,358.04,-0.958,0.46
2026-01-11 06:15:00,DE-CENTRAL,Central Plant,Paint & Utilities,3602.645,0.22,64.84,358.02,-1.309,0.46
2026-01-11 06:30:00,DE-CENTRAL,Central Plant,Paint & Utilities,3901.754,0.22,71.003,326.395,-0.4,0.46
2026-01-11 06:45:00,DE-CENTRAL,Central Plant,Paint & Utilities,4049.513,0.22,62.108,344.449,-1.574,0.46
2026-01-11 07:00:00,DE-CENTRAL,Central Plant,Paint & Utilities,3992.051,0.22,60.738,305.423,-3.03,0.46
2026-01-11 07:15:00,DE-CENTRAL,Central Plant,Paint & Utilities,4044.015,0.22,64.059,294.731,-1.635,0.46
2026-01-11 07:30:00,DE-CENTRAL,Central Plant,Paint & Utilities,4157.256,0.22,63.496,310.926,-1.288,0.46
2026-01-11 07:45:00,DE-CENTRAL,Central Plant,Paint & Utilities,4106.693,0.22,60.725,284.87,-1.413,0.46
2026-01-11 08:00:00,DE-CENTRAL,Central Plant,Paint & Utilities,4285.709,0.22,50.62,265.913,0.064,0.46
2026-01-11 08:15:00,DE-CENTRAL,Central Plant,Paint & Utilities,4305.27,0.22,57.889,261.272,-1.419,0.46
2026-01-11 08:30:00,DE-CENTRAL,Central Plant,Paint & Utilities,4152.508,0.22,49.929,270.402,-0.341,0.46
2026-01-11 08:45:00,DE-CENTRAL,Central Plant,Paint & Utilities,4186.858,0.22,53.304,263.263,-0.917,0.46
2026-01-11 09:00:00,DE-CENTRAL,Central Plant,Paint & Utilities,3876.042,0.22,44.946,227.882,-0.859,0.46
2026-01-11 09:15:00,DE-CENTRAL,Central Plant,Paint & Utilities,4235.125,0.22,50.704,229.736,-1.319,0.46
2026-01-11 09:30:00,DE-CENTRAL,Central Plant,Paint & Utilities,4111.628,0.22,43.99,224.468,-0.661,0.46
2026-01-11 09:45:00,DE-CENTRAL,Central Plant,Paint & Utilities,4340.733,0.22,40.425,205.303,-1.02,0.46
2026-01-11 10:00:00,DE-CENTRAL,Central Plant,Paint & Utilities,4328.439,0.22,46.813,210.861,-0.211,0.46
2026-01-11 10:15:00,DE-CENTRAL,Central Plant,Paint & Utilities,4411.959,0.22,43.411,206.65,-0.323,0.46
2026-01-11 10:30:00,DE-CENTRAL,Central Plant,Paint & Utilities,4515.793,0.22,38.58,216.016,-0.628,0.46
2026-01-11 10:45:00,DE-CENTRAL,Central Plant,Paint & Utilities,4299.403,0.22,45.557,213.281,0.935,0.46
2026-01-11 11:00:00,DE-CENTRAL,Central Plant,Paint & Utilities,4595.524,0.22,36.847,192.032,0.763,0.46
2026-01-11 11:15:00,DE-CENTRAL,Central Plant,Paint & Utilities,4336.657,0.22,37.752,191.356,0.39,0.46
2026-01-11 11:30:00,DE-CENTRAL,Central Plant,Paint & Utilities,4112.731,0.22,37.883,200.603,1.058,0.46
2026-01-11 11:45:00,DE-CENTRAL,Central Plant,Paint & Utilities,4190.146,0.22,33.692,185.103,1.163,0.46
2026-01-11 12:00:00,DE-CENTRAL,Central Plant,Paint & Utilities,4201.409,0.22,37.609,199.484,0.893,0.46
2026-01-11 12:15:00,DE-CENTRAL,Central Plant,Paint & Utilities,4278.831,0.22,33.34,192.481,1.838,0.46
2026-01-11 12:30:00,DE-CENTRAL,Central Plant,Paint & Utilities,4061.039,0.22,33.78,183.859,1.652,0.46
2026-01-11 12:45:00,DE-CENTRAL,Central Plant,Paint & Utilities,4113.387,0.22,41.039,186.828,1.731,0.46
2026-01-11 13:00:00,DE-CENTRAL,Central Plant,Paint & Utilities,4104.23,0.22,31.804,219.382,1.57,0.46
2026-01-11 13:15:00,DE-CENTRAL,Central Plant,Paint & Utilities,4006.914,0.22,26.916,204.765,2.774,0.46
2026-01-11 13:30:00,DE-CENTRAL,Central Plant,Paint & Utilities,4111.687,0.22,43.842,231.903,3.744,0.46
2026-01-11 13:45:00,DE-CENTRAL,Central Plant,Paint & Utilities,4070.832,0.22,48.666,212.618,3.187,0.46
2026-01-11 14:00:00,DE-CENTRAL,Central Plant,Paint & Utilities,3811.298,0.22,38.165,229.862,5.764,0.38
2026-01-11 14:15:00,DE-CENTRAL,Central Plant,Paint & Utilities,3611.248,0.22,33.613,263.722,4.947,0.38
2026-01-11 14:30:00,DE-CENTRAL,Central Plant,Paint & Utilities,3764.991,0.22,41.958,232.049,5.566,0.38
2026-01-11 14:45:00,DE-CENTRAL,Central Plant,Paint & Utilities,3413.966,0.22,44.164,232.795,5.532,0.38
2026-01-11 15:00:00,DE-CENTRAL,Central Plant,Paint & Utilities,3363.683,0.22,46.931,282.945,6.591,0.38
2026-01-11 15:15:00,DE-CENTRAL,Central Plant,Paint & Utilities,3404.303,0.22,45.885,270.608,5.056,0.38
2026-01-11 15:30:00,DE-CENTRAL,Central Plant,Paint & Utilities,3567.871,0.22,55.561,294.345,4.121,0.38
2026-01-11 15:45:00,DE-CENTRAL,Central Plant,Paint & Utilities,3666.468,0.22,58.48,302.587,5.899,0.38
2026-01-11 16:00:00,DE-CENTRAL,Central Plant,Paint & Utilities,3405.922,0.22,53.747,328.705,6.891,0.38
2026-01-11 16:15:00,DE-CENTRAL,Central Plant,Paint & Utilities,3419.729,0.22,66.027,330.642,6.884,0.38
2026-01-11 16:30:00,DE-CENTRAL,Central Plant,Paint & Utilities,3446.513,0.22,75.056,356.953,7.237,0.38
2026-01-11 16:45:00,DE-CENTRAL,Central Plant,Paint & Utilities,3529.797,0.22,71.198,381.856,8.221,0.38
2026-01-11 17:00:00,DE-CENTRAL,Central Plant,Paint & Utilities,3416.441,0.22,72.806,381.74,7.803,0.38
2026-01-11 17:15:00,DE-CENTRAL,Central Plant,Paint & Utilities,3411.473,0.22,77.142,402.598,8.318,0.38
2026-01-11 17:30:00,DE-CENTRAL,Central Plant,Paint & Utilities,3350.373,0.22,83.562,423.505,7.309,0.38
2026-01-11 17:45:00,DE-CENTRAL,Central Plant,Paint & Utilities,3468.579,0.22,77.338,426.468,7.391,0.38
2026-01-11 18:00:00,DE-CENTRAL,Central Plant,Paint & Utilities,3666.327,0.22,87.787,453.529,9.46,0.38
2026-01-11 18:15:00,DE-CENTRAL,Central Plant,Paint & Utilities,3576.288,0.22,86.199,462.427,8.555,0.38
2026-01-11 18:30:00,DE-CENTRAL,Central Plant,Paint & Utilities,3507.897,0.22,95.418,457.383,8.183,0.38
2026-01-11 18:45:00,DE-CENTRAL,Central Plant,Paint & Utilities,3786.899,0.22,87.22,458.845,8.3,0.38
2026-01-11 19:00:00,DE-CENTRAL,Central Plant,Paint & Utilities,3583.364,0.22,94.114,460.561,8.375,0.38
2026-01-11 19:15:00,DE-CENTRAL,Central Plant,Paint & Utilities,3868.769,0.22,82.211,450.487,8.408,0.38
2026-01-11 19:30:00,DE-CENTRAL,Central Plant,Paint & Utilities,3904.976,0.22,87.858,463.197,8.059,0.38
2026-01-11 19:45:00,DE-CENTRAL,Central Plant,Paint & Utilities,3764.751,0.22,85.421,467.848,7.939,0.38
2026-01-11 20:00:00,DE-CENTRAL,Central Plant,Paint & Utilities,3571.275,0.22,79.112,440.118,8.863,0.38
2026-01-11 20:15:00,DE-CENTRAL,Central Plant,Paint & Utilities,4085.768,0.22,81.617,446.163,8.574,0.38
2026-01-11 20:30:00,DE-CENTRAL,Central Plant,Paint & Utilities,3837.174,0.22,84.015,431.901,9.732,0.38
2026-01-11 20:45:00,DE-CENTRAL,Central Plant,Paint & Utilities,3779.9,0.22,76.124,433.583,9.109,0.38
2026-01-11 21:00:00,DE-CENTRAL,Central Plant,Paint & Utilities,3960.133,0.22,68.956,442.567,9.015,0.38
2026-01-11 21:15:00,DE-CENTRAL,Central Plant,Paint & Utilities,3957.809,0.22,74.052,424.766,8.214,0.38
2026-01-11 21:30:00,DE-CENTRAL,Central Plant,Paint & Utilities,4034.359,0.22,69.038,392.681,8.535,0.38
2026-01-11 21:45:00,DE-CENTRAL,Central Plant,Paint & Utilities,3780.222,0.22,69.952,415.198,8.737,0.38
2026-01-11 22:00:00,DE-CENTRAL,Central Plant,Paint & Utilities,3587.58,0.22,69.831,420.862,8.831,0.28
2026-01-11 22:15:00,DE-CENTRAL,Central Plant,Paint & Utilities,3407.684,0.22,62.334,400.266,8.092,0.28
2026-01-11 22:30:00,DE-CENTRAL,Central Plant,Paint & Utilities,3619.011,0.22,61.854,412.253,8.722,0.28
2026-01-11 22:45:00,DE-CENTRAL,Central Plant,Paint & Utilities,3540.759,0.22,69.554,389.894,7.765,0.28
2026-01-11 23:00:00,DE-CENTRAL,Central Plant,Paint & Utilities,3554.971,0.22,64.979,378.66,8.091,0.28
2026-01-11 23:15:00,DE-CENTRAL,Central Plant,Paint & Utilities,3508.002,0.22,56.373,396.877,6.954,0.28
2026-01-11 23:30:00,DE-CENTRAL,Central Plant,Paint & Utilities,3500.557,0.22,69.436,373.13,5.775,0.28
2026-01-11 23:45:00,DE-CENTRAL,Central Plant,Paint & Utilities,3368.708,0.22,67.134,390.625,6.966,0.28
2026-01-12 00:00:00,DE-CENTRAL,Central Plant,Paint & Utilities,3853.791,0.22,62.5,406.631,7.008,0.38
2026-01-12 00:15:00,DE-CENTRAL,Central Plant,Paint & Utilities,3922.526,0.22,60.137,368.491,6.614,0.38
2026-01-12 00:30:00,DE-CENTRAL,Central Plant,Paint & Utilities,3640.834,0.22,68.799,376.255,6.209,0.38
2026-01-12 00:45:00,DE-CENTRAL,Central Plant,Paint & Utilities,3772.163,0.22,66.911,379.404,5.363,0.38
2026-01-12 01:00:00,DE-CENTRAL,Central Plant,Paint & Utilities,3741.986,0.22,75.108,391.189,4.729,0.38
2026-01-12 01:15:00,DE-CENTRAL,Central Plant,Paint & Utilities,3644.04,0.22,67.333,387.701,5.362,0.38
2026-01-12 01:30:00,DE-CENTRAL,Central Plant,Paint & Utilities,3431.319,0.22,67.29,408.999,4.951,0.38
2026-01-12 01:45:00,DE-CENTRAL,Central Plant,Paint & Utilities,3459.856,0.22,65.175,403.76,3.934,0.38
2026-01-12 02:00:00,DE-CENTRAL,Central Plant,Paint & Utilities,3484.318,0.22,69.234,398.33,4.777,0.38
2026-01-12 02:15:00,DE-CENTRAL,Central Plant,Paint & Utilities,3334.076,0.22,68.616,394.193,3.055,0.38
2026-01-12 02:30:00,DE-CENTRAL,Central Plant,Paint & Utilities,3774.361,0.22,71.301,397.201,2.939,0.38
2026-01-12 02:45:00,DE-CENTRAL,Central Plant,Paint & Utilities,3601.391,0.22,64.42,382.155,4.17,0.38
2026-01-12 03:00:00,DE-CENTRAL,Central Plant,Paint & Utilities,3564.64,0.22,65.013,402.781,3.314,0.38
2026-01-12 03:15:00,DE-CENTRAL,Central Plant,Paint & Utilities,3315.051,0.22,65.131,379.125,2.142,0.38
2026-01-12 03:30:00,DE-CENTRAL,Central Plant,Paint & Utilities,3360.36,0.22,70.549,402.449,2.288,0.38
2026-01-12 03:45:00,DE-CENTRAL,Central Plant,Paint & Utilities,3608.4,0.22,73.766,406.591,1.897,0.38
2026-01-12 04:00:00,DE-CENTRAL,Central Plant,Paint & Utilities,3926.196,0.22,66.375,394.801,-0.422,0.38
2026-01-12 04:15:00,DE-CENTRAL,Central Plant,Paint & Utilities,3576.237,0.22,66.998,390.048,0.588,0.38
2026-01-12 04:30:00,DE-CENTRAL,Central Plant,Paint & Utilities,3785.722,0.22,70.488,396.838,0.921,0.38
2026-01-12 04:45:00,DE-CENTRAL,Central Plant,Paint & Utilities,3647.18,0.22,68.827,357.548,0.454,0.38
2026-01-12 05:00:00,DE-CENTRAL,Central Plant,Paint & Utilities,3735.44,0.22,74.233,395.345,0.637,0.38
2026-01-12 05:15:00,DE-CENTRAL,Central Plant,Paint & Utilities,3900.625,0.22,62.06,390.169,1.031,0.38
2026-01-12 05:30:00,DE-CENTRAL,Central Plant,Paint & Utilities,3759.638,0.22,68.419,390.714,-0.192,0.38
2026-01-12 05:45:00,DE-CENTRAL,Central Plant,Paint & Utilities,3762.575,0.22,69.258,399.573,-0.898,0.38
2026-01-12 06:00:00,DE-CENTRAL,Central Plant,Paint & Utilities,5817.342,0.22,63.756,389.95,-0.103,0.98
2026-01-12 06:15:00,DE-CENTRAL,Central Plant,Paint & Utilities,5702.675,0.22,67.907,365.454,-0.713,0.98
2026-01-12 06:30:00,DE-CENTRAL,Central Plant,Paint & Utilities,5881.137,0.22,66.788,365.759,-0.729,0.98
2026-01-12 06:45:00,DE-CENTRAL,Central Plant,Paint & Utilities,5702.625,0.22,68.285,356.666,-0.939,0.98
2026-01-12 07:00:00,DE-CENTRAL,Central Plant,Paint & Utilities,5969.298,0.22,72.128,345.762,0.74,0.98
2026-01-12 07:15:00,DE-CENTRAL,Central Plant,Paint & Utilities,5938.641,0.22,65.222,335.03,-2.472,0.98
2026-01-12 07:30:00,DE-CENTRAL,Central Plant,Paint & Utilities,5961.794,0.22,60.541,334.488,-1.229,0.98
2026-01-12 07:45:00,DE-CENTRAL,Central Plant,Paint & Utilities,5944.965,0.22,62.831,298.181,-0.992,0.98
2026-01-12 08:00:00,DE-CENTRAL,Central Plant,Paint & Utilities,5899.076,0.22,65.586,302.835,-1.547,0.98
2026-01-12 08:15:00,DE-CENTRAL,Central Plant,Paint & Utilities,5950.897,0.22,55.757,306.078,-0.359,0.98
2026-01-12 08:30:00,DE-CENTRAL,Central Plant,Paint & Utilities,5905.182,0.22,54.24,260.057,-0.388,0.98
2026-01-12 08:45:00,DE-CENTRAL,Central Plant,Paint & Utilities,6100.489,0.22,58.299,273.743,-0.937,0.98
2026-01-12 09:00:00,DE-CENTRAL,Central Plant,Paint & Utilities,5951.031,0.22,53.34,255.758,-1.019,0.98
2026-01-12 09:15:00,DE-CENTRAL,Central Plant,Paint & Utilities,5771.512,0.22,54.973,250.046,-0.813,0.98
2026-01-12 09:30:00,DE-CENTRAL,Central Plant,Paint & Utilities,5729.37,0.22,50.5,235.899,-0.693,0.98
2026-01-12 09:45:00,DE-CENTRAL,Central Plant,Paint & Utilities,5697.773,0.22,51.571,237.568,-0.539,0.98
2026-01-12 10:00:00,DE-CENTRAL,Central Plant,Paint & Utilities,5967.474,0.22,42.893,255.155,-0.462,0.98
2026-01-12 10:15:00,DE-CENTRAL,Central Plant,Paint & Utilities,5697.988,0.22,45.335,211.986,0.019,0.98
2026-01-12 10:30:00,DE-CENTRAL,Central Plant,Paint & Utilities,5833.459,0.22,42.992,207.887,0.56,0.98
2026-01-12 10:45:00,DE-CENTRAL,Central Plant,Paint & Utilities,5800.792,0.22,37.543,201.751,-0.62,0.98
2026-01-12 11:00:00,DE-CENTRAL,Central Plant,Paint & Utilities,5723.859,0.22,34.863,234.265,-0.271,0.98
2026-01-12 11:15:00,DE-CENTRAL,Central Plant,Paint & Utilities,5749.266,0.22,42.725,204.88,-0.521,0.98
2026-01-12 11:30:00,DE-CENTRAL,Central Plant,Paint & Utilities,5617.882,0.22,37.609,207.76,1.563,0.98
2026-01-12 11:45:00,DE-CENTRAL,Central Plant,Paint & Utilities,5210.497,0.22,34.132,201.64,1.397,0.98
2026-01-12 12:00:00,DE-CENTRAL,Central Plant,Paint & Utilities,5459.019,0.22,37.231,194.332,1.854,0.98
2026-01-12 12:15:00,DE-CENTRAL,Central Plant,Paint & Utilities,5537.141,0.22,41.718,202.838,0.788,0.98
2026-01-12 12:30:00,DE-CENTRAL,Central Plant,Paint & Utilities,5590.71,0.22,27.873,235.98,3.336,0.98
2026-01-12 12:45:00,DE-CENTRAL,Central Plant,Paint & Utilities,5592.783,0.22,31.008,224.856,1.967,0.98
2026-01-12 13:00:00,DE-CENTRAL,Central Plant,Paint & Utilities,5150.983,0.22,33.516,200.464,2.824,0.98
2026-01-12 13:15:00,DE-CENTRAL,Central Plant,Paint & Utilities,5233.55,0.22,43.485,221.926,3.623,0.98
2026-01-12 13:30:00,DE-CENTRAL,Central Plant,Paint & Utilities,5079.675,0.22,39.434,208.575,2.656,0.98
2026-01-12 13:45:00,DE-CENTRAL,Central Plant,Paint & Utilities,5441.892,0.22,42.273,202.613,3.291,0.98
2026-01-12 14:00:00,DE-CENTRAL,Central Plant,Paint & Utilities,5069.215,0.22,35.791,242.557,4.125,0.88
2026-01-12 14:15:00,DE-CENTRAL,Central Plant,Paint & Utilities,4928.824,0.22,37.277,251.689,6.327,0.88
2026-01-12 14:30:00,DE-CENTRAL,Central Plant,Paint & Utilities,4943.498,0.22,45.214,258.849,4.863,0.88
2026-01-12 14:45:00,DE-CENTRAL,Central Plant,Paint & Utilities,5077.854,0.22,45.593,250.287,6.1,0.88
2026-01-12 15:00:00,DE-CENTRAL,Central Plant,Paint & Utilities,5070.454,0.22,49.765,264.659,6.138,0.88
2026-01-12 15:15:00,DE-CENTRAL,Central Plant,Paint & Utilities,5090.939,0.22,49.296,287.48,5.865,0.88
2026-01-12 15:30:00,DE-CENTRAL,Central Plant,Paint & Utilities,5042.882,0.22,53.892,296.045,5.221,0.88
2026-01-12 15:45:00,DE-CENTRAL,Central Plant,Paint & Utilities,4929.136,0.22,56.38,300.452,6.953,0.88
2026-01-12 16:00:00,DE-CENTRAL,Central Plant,Paint & Utilities,5142.145,0.22,62.031,300.426,5.451,0.88
2026-01-12 16:15:00,DE-CENTRAL,Central Plant,Paint & Utilities,5127.615,0.22,65.484,336.6,7.898,0.88
2026-01-12 16:30:00,DE-CENTRAL,Central Plant,Paint & Utilities,5056.946,0.22,59.224,364.07,7.184,0.88
2026-01-12 16:45:00,DE-CENTRAL,Central Plant,Paint & Utilities,5120.551,0.22,60.213,352.931,5.442,0.88
2026-01-12 17:00:00,DE-CENTRAL,Central Plant,Paint & Utilities,5308.446,0.22,76.689,391.195,7.297,0.88
2026-01-12 17:15:00,DE-CENTRAL,Central Plant,Paint & Utilities,5397.196,0.22,80.825,403.524,8.217,0.88
2026-01-12 17:30:00,DE-CENTRAL,Central Plant,Paint & Utilities,5141.727,0.22,75.221,424.093,7.801,0.88
2026-01-12 17:45:00,DE-CENTRAL,Central Plant,Paint & Utilities,5223.653,0.22,74.865,440.382,8.658,0.88
2026-01-12 18:00:00,DE-CENTRAL,Central Plant,Paint & Utilities,5362.082,0.22,85.412,435.473,7.735,0.88
2026-01-12 18:15:00,DE-CENTRAL,Central Plant,Paint & Utilities,5417.958,0.22,89.216,425.724,7.57,0.88
2026-01-12 18:30:00,DE-CENTRAL,Central Plant,Paint & Utilities,5295.908,0.22,92.797,438.841,8.569,0.88
2026-01-12 18:45:00,DE-CENTRAL,Central Plant,Paint & Utilities,5624.067,0.22,87.414,454.795,8.757,0.88
2026-01-12 19:00:00,DE-CENTRAL,Central Plant,Paint & Utilities,5462.549,0.22,83.242,435.3,8.586,0.88
2026-01-12 19:15:00,DE-CENTRAL,Central Plant,Paint & Utilities,5463.321,0.22,80.197,430.035,9.763,0.88
2026-01-12 19:30:00,DE-CENTRAL,Central Plant,Paint & Utilities,5662.616,0.22,82.56,412.082,8.362,0.88
2026-01-12 19:45:00,DE-CENTRAL,Central Plant,Paint & Utilities,5363.843,0.22,79.816,449.734,9.209,0.88
2026-01-12 20:00:00,DE-CENTRAL,Central Plant,Paint & Utilities,5410.565,0.22,75.266,432.763,9.048,0.88
2026-01-12 20:15:00,DE-CENTRAL,Central Plant,Paint & Utilities,5280.362,0.22,85.712,425.847,7.9,0.88
2026-01-12 20:30:00,DE-CENTRAL,Central Plant,Paint & Utilities,5399.808,0.22,82.791,421.79,8.034,0.88
2026-01-12 20:45:00,DE-CENTRAL,Central Plant,Paint & Utilities,5190.096,0.22,78.329,410.681,8.912,0.88
2026-01-12 21:00:00,DE-CENTRAL,Central Plant,Paint & Utilities,5418.025,0.22,68.291,394.602,10.216,0.88
2026-01-12 21:15:00,DE-CENTRAL,Central Plant,Paint & Utilities,5371.435,0.22,73.682,389.677,9.14,0.88
2026-01-12 21:30:00,DE-CENTRAL,Central Plant,Paint & Utilities,5289.388,0.22,71.24,381.067,7.411,0.88
2026-01-12 21:45:00,DE-CENTRAL,Central Plant,Paint & Utilities,5300.426,0.22,69.024,412.892,6.307,0.88
2026-01-12 22:00:00,DE-CENTRAL,Central Plant,Paint & Utilities,3805.006,0.22,70.991,383.586,8.843,0.38
2026-01-12 22:15:00,DE-CENTRAL,Central Plant,Paint & Utilities,3551.282,0.22,67.442,367.564,8.09,0.38
2026-01-12 22:30:00,DE-CENTRAL,Central Plant,Paint & Utilities,3675.396,0.22,66.933,375.489,8.766,0.38
2026-01-12 22:45:00,DE-CENTRAL,Central Plant,Paint & Utilities,3746.992,0.22,65.748,355.071,7.143,0.38
2026-01-12 23:00:00,DE-CENTRAL,Central Plant,Paint & Utilities,3385.371,0.22,63.932,383.033,7.781,0.38
2026-01-12 23:15:00,DE-CENTRAL,Central Plant,Paint & Utilities,3668.693,0.22,54.926,355.246,7.889,0.38
2026-01-12 23:30:00,DE-CENTRAL,Central Plant,Paint & Utilities,3368.898,0.22,61.993,367.757,6.731,0.38
2026-01-12 23:45:00,DE-CENTRAL,Central Plant,Paint & Utilities,3548.912,0.22,59.122,373.41,6.48,0.38
2026-01-13 00:00:00,DE-CENTRAL,Central Plant,Paint & Utilities,3393.065,0.22,55.484,362.542,6.518,0.38
2026-01-13 00:15:00,DE-CENTRAL,Central Plant,Paint & Utilities,3703.824,0.22,67.33,358.936,6.591,0.38
2026-01-13 00:30:00,DE-CENTRAL,Central Plant,Paint & Utilities,3375.706,0.22,67.528,357.831,5.903,0.38
2026-01-13 00:45:00,DE-CENTRAL,Central Plant,Paint & Utilities,3292.949,0.22,66.069,356.943,6.289,0.38
2026-01-13 01:00:00,DE-CENTRAL,Central Plant,Paint & Utilities,3545.544,0.22,61.686,350.64,4.971,0.38
2026-01-13 01:15:00,DE-CENTRAL,Central Plant,Paint & Utilities,3495.877,0.22,66.116,352.127,4.046,0.38
2026-01-13 01:30:00,DE-CENTRAL,Central Plant,Paint & Utilities,3311.25,0.22,60.829,375.257,6.037,0.38
2026-01-13 01:45:00,DE-CENTRAL,Central Plant,Paint & Utilities,3627.88,0.22,61.682,356.201,3.904,0.38
2026-01-13 02:00:00,DE-CENTRAL,Central Plant,Paint & Utilities,3324.916,0.22,56.613,348.097,3.602,0.38
2026-01-13 02:15:00,DE-CENTRAL,Central Plant,Paint & Utilities,3460.836,0.22,62.722,351.375,3.627,0.38
2026-01-13 02:30:00,DE-CENTRAL,Central Plant,Paint & Utilities,3543.586,0.22,61.557,370.839,3.394,0.38
2026-01-13 02:45:00,DE-CENTRAL,Central Plant,Paint & Utilities,3756.265,0.22,56.326,365.827,2.754,0.38
2026-01-13 03:00:00,DE-CENTRAL,Central Plant,Paint & Utilities,3845.131,0.22,61.597,364.549,2.694,0.38
2026-01-13 03:15:00,DE-CENTRAL,Central Plant,Paint & Utilities,3855.339,0.22,61.797,354.861,2.365,0.38
2026-01-13 03:30:00,DE-CENTRAL,Central Plant,Paint & Utilities,3727.626,0.22,69.672,364.977,2.209,0.38
2026-01-13 03:45:00,DE-CENTRAL,Central Plant,Paint & Utilities,3517.291,0.22,66.479,350.541,0.138,0.38
2026-01-13 04:00:00,DE-CENTRAL,Central Plant,Paint & Utilities,3842.846,0.22,63.424,355.334,2.817,0.38
2026-01-13 04:15:00,DE-CENTRAL,Central Plant,Paint & Utilities,4051.76,0.22,64.905,370.293,1.119,0.38
2026-01-13 04:30:00,DE-CENTRAL,Central Plant,Paint & Utilities,4045.598,0.22,64.672,369.372,1.363,0.38
2026-01-13 04:45:00,DE-CENTRAL,Central Plant,Paint & Utilities,4014.925,0.22,64.318,347.342,-0.261,0.38
2026-01-13 05:00:00,DE-CENTRAL,Central Plant,Paint & Utilities,3821.537,0.22,61.476,349.122,0.135,0.38
2026-01-13 05:15:00,DE-CENTRAL,Central Plant,Paint & Utilities,3939.408,0.22,65.911,360.975,-0.23,0.38
2026-01-13 05:30:00,DE-CENTRAL,Central Plant,Paint & Utilities,4243.508,0.22,64.263,380.684,1.062,0.38
2026-01-13 05:45:00,DE-CENTRAL,Central Plant,Paint & Utilities,3873.679,0.22,62.985,337.302,-0.567,0.38
2026-01-13 06:00:00,DE-CENTRAL,Central Plant,Paint & Utilities,5775.912,0.22,70.764,363.964,0.201,0.98
2026-01-13 06:15:00,DE-CENTRAL,Central Plant,Paint & Utilities,6085.668,0.22,69.097,333.019,-0.94,0.98
2026-01-13 06:30:00,DE-CENTRAL,Central Plant,Paint & Utilities,5920.028,0.22,59.166,330.892,-0.936,0.98
2026-01-13 06:45:00,DE-CENTRAL,Central Plant,Paint & Utilities,5826.732,0.22,64.561,323.218,-0.907,0.98
2026-01-13 07:00:00,DE-CENTRAL,Central Plant,Paint & Utilities,6145.389,0.22,67.724,311.793,0.069,0.98
2026-01-13 07:15:00,DE-CENTRAL,Central Plant,Paint & Utilities,6054.574,0.22,66.612,299.892,-2.227,0.98
2026-01-13 07:30:00,DE-CENTRAL,Central Plant,Paint & Utilities,5922.592,0.22,65.052,296.098,-1.878,0.98
2026-01-13 07:45:00,DE-CENTRAL,Central Plant,Paint & Utilities,5814.481,0.22,59.616,279.603,-2.352,0.98
2026-01-13 08:00:00,DE-CENTRAL,Central Plant,Paint & Utilities,6179.852,0.22,54.532,258.836,-1.761,0.98
2026-01-13 08:15:00,DE-CENTRAL,Central Plant,Paint & Utilities,5878.302,0.22,51.974,276.492,-1.557,0.98
2026-01-13 08:30:00,DE-CENTRAL,Central Plant,Paint & Utilities,6035.54,0.22,56.037,267.345,-2.087,0.98
2026-01-13 08:45:00,DE-CENTRAL,Central Plant,Paint & Utilities,5914.978,0.22,54.492,260.074,-1.418,0.98
2026-01-13 09:00:00,DE-CENTRAL,Central Plant,Paint & Utilities,5711.391,0.22,56.422,223.619,-2.24,0.98
2026-01-13 09:15:00,DE-CENTRAL,Central Plant,Paint & Utilities,5648.6,0.22,53.969,238.387,-1.447,0.98
2026-01-13 09:30:00,DE-CENTRAL,Central Plant,Paint & Utilities,5812.683,0.22,47.356,236.178,0.221,0.98
2026-01-13 09:45:00,DE-CENTRAL,Central Plant,Paint & Utilities,5779.234,0.22,41.264,209.563,-0.202,0.98
2026-01-13 10:00:00,DE-CENTRAL,Central Plant,Paint & Utilities,5308.68,0.22,43.383,216.553,-0.199,0.98
2026-01-13 10:15:00,DE-CENTRAL,Central Plant,Paint & Utilities,5591.095,0.22,44.031,210.213,-0.859,0.98
2026-01-13 10:30:00,DE-CENTRAL,Central Plant,Paint & Utilities,5469.83,0.22,40.96,229.563,-1.042,0.98
2026-01-13 10:45:00,DE-CENTRAL,Central Plant,Paint & Utilities,5305.343,0.22,38.186,227.106,-0.557,0.98
2026-01-13 11:00:00,DE-CENTRAL,Central Plant,Paint & Utilities,5414.443,0.22,40.38,181.321,0.434,0.98
2026-01-13 11:15:00,DE-CENTRAL,Central Plant,Paint & Utilities,5160.671,0.22,36.379,229.245,1.311,0.98
2026-01-13 11:30:00,DE-CENTRAL,Central Plant,Paint & Utilities,5244.857,0.22,35.077,187.121,1.588,0.98
2026-01-13 11:45:00,DE-CENTRAL,Central Plant,Paint & Utilities,5184.895,0.22,38.209,209.436,1.664,0.98
2026-01-13 12:00:00,DE-CENTRAL,Central Plant,Paint & Utilities,5229.76,0.22,34.917,209.673,0.984,0.98
2026-01-13 12:15:00,DE-CENTRAL,Central Plant,Paint & Utilities,5261.582,0.22,37.259,187.252,1.806,0.98
2026-01-13 12:30:00,DE-CENTRAL,Central Plant,Paint & Utilities,5143.345,0.22,37.336,207.126,1.862,0.98
2026-01-13 12:45:00,DE-CENTRAL,Central Plant,Paint & Utilities,5473.984,0.22,31.854,202.779,2.252,0.98
2026-01-13 13:00:00,DE-CENTRAL,Central Plant,Paint & Utilities,5307.383,0.22,34.87,214.465,4.132,0.98
2026-01-13 13:15:00,DE-CENTRAL,Central Plant,Paint & Utilities,5551.61,0.22,43.151,215.237,1.791,0.98
2026-01-13 13:30:00,DE-CENTRAL,Central Plant,Paint & Utilities,5296.605,0.22,33.586,232.425,3.183,0.98
2026-01-13 13:45:00,DE-CENTRAL,Central Plant,Paint & Utilities,5247.466,0.22,30.84,225.553,4.521,0.98
2026-01-13 14:00:00,DE-CENTRAL,Central Plant,Paint & Utilities,5329.285,0.22,33.178,230.228,2.974,0.88
2026-01-13 14:15:00,DE-CENTRAL,Central Plant,Paint & Utilities,5047.793,0.22,42.317,254.041,3.876,0.88
2026-01-13 14:30:00,DE-CENTRAL,Central Plant,Paint & Utilities,5129.628,0.22,44.163,257.576,4.282,0.88
2026-01-13 14:45:00,DE-CENTRAL,Central Plant,Paint & Utilities,5273.597,0.22,45.676,270.213,4.819,0.88
2026-01-13 15:00:00,DE-CENTRAL,Central Plant,Paint & Utilities,5082.558,0.22,53.382,265.375,4.177,0.88
2026-01-13 15:15:00,DE-CENTRAL,Central Plant,Paint & Utilities,5329.861,0.22,40.479,273.805,6.024,0.88
2026-01-13 15:30:00,DE-CENTRAL,Central Plant,Paint & Utilities,5347.226,0.22,55.653,293.567,6.38,0.88
2026-01-13 15:45:00,DE-CENTRAL,Central Plant,Paint & Utilities,5470.638,0.22,63.449,307.915,6.567,0.88
2026-01-13 16:00:00,DE-CENTRAL,Central Plant,Paint & Utilities,5476.371,0.22,56.028,340.622,5.891,0.88
2026-01-13 16:15:00,DE-CENTRAL,Central Plant,Paint & Utilities,5540.381,0.22,62.518,359.408,6.838,0.88
2026-01-13 16:30:00,DE-CENTRAL,Central Plant,Paint & Utilities,5401.155,0.22,64.632,362.839,6.414,0.88
2026-01-13 16:45:00,DE-CENTRAL,Central Plant,Paint & Utilities,5315.381,0.22,67.721,399.151,7.064,0.88
2026-01-13 17:00:00,DE-CENTRAL,Central Plant,Paint & Utilities,5667.415,0.22,73.629,415.711,9.043,0.88
2026-01-13 17:15:00,DE-CENTRAL,Central Plant,Paint & Utilities,5247.827,0.22,84.187,419.29,7.826,0.88
2026-01-13 17:30:00,DE-CENTRAL,Central Plant,Paint & Utilities,5286.129,0.22,89.206,423.095,7.135,0.88
2026-01-13 17:45:00,DE-CENTRAL,Central Plant,Paint & Utilities,5515.345,0.22,83.659,467.711,8.284,0.88
2026-01-13 18:00:00,DE-CENTRAL,Central Plant,Paint & Utilities,5668.732,0.22,95.477,462.962,7.384,0.88
2026-01-13 18:15:00,DE-CENTRAL,Central Plant,Paint & Utilities,5470.0,0.22,88.616,467.505,7.645,0.88
2026-01-13 18:30:00,DE-CENTRAL,Central Plant,Paint & Utilities,5551.992,0.22,95.738,462.983,7.891,0.88
2026-01-13 18:45:00,DE-CENTRAL,Central Plant,Paint & Utilities,5136.363,0.22,88.225,456.188,8.424,0.88
2026-01-13 19:00:00,DE-CENTRAL,Central Plant,Paint & Utilities,5275.518,0.22,88.629,447.818,9.486,0.88
2026-01-13 19:15:00,DE-CENTRAL,Central Plant,Paint & Utilities,5073.747,0.22,88.733,470.466,9.309,0.88
2026-01-13 19:30:00,DE-CENTRAL,Central Plant,Paint & Utilities,5377.04,0.22,98.851,449.886,9.323,0.88
2026-01-13 19:45:00,DE-CENTRAL,Central Plant,Paint & Utilities,5068.648,0.22,88.155,491.576,8.22,0.88
2026-01-13 20:00:00,DE-CENTRAL,Central Plant,Paint & Utilities,5052.749,0.22,80.345,436.76,8.621,0.88
2026-01-13 20:15:00,DE-CENTRAL,Central Plant,Paint & Utilities,5225.475,0.22,85.348,429.207,9.18,0.88
2026-01-13 20:30:00,DE-CENTRAL,Central Plant,Paint & Utilities,5268.048,0.22,78.26,444.701,8.517,0.88
2026-01-13 20:45:00,DE-CENTRAL,Central Plant,Paint & Utilities,5064.67,0.22,75.981,451.195,8.709,0.88
2026-01-13 21:00:00,DE-CENTRAL,Central Plant,Paint & Utilities,5105.119,0.22,79.856,428.037,9.139,0.88
2026-01-13 21:15:00,DE-CENTRAL,Central Plant,Paint & Utilities,5076.114,0.22,74.721,428.849,8.491,0.88
2026-01-13 21:30:00,DE-CENTRAL,Central Plant,Paint & Utilities,4935.36,0.22,74.212,394.99,8.778,0.88
2026-01-13 21:45:00,DE-CENTRAL,Central Plant,Paint & Utilities,4769.078,0.22,71.803,404.598,9.599,0.88
2026-01-13 22:00:00,DE-CENTRAL,Central Plant,Paint & Utilities,3572.103,0.22,71.904,395.986,8.21,0.38
2026-01-13 22:15:00,DE-CENTRAL,Central Plant,Paint & Utilities,3541.53,0.22,71.231,382.805,8.983,0.38
2026-01-13 22:30:00,DE-CENTRAL,Central Plant,Paint & Utilities,3577.863,0.22,60.917,404.147,8.358,0.38
2026-01-13 22:45:00,DE-CENTRAL,Central Plant,Paint & Utilities,3532.2,0.22,70.613,373.513,6.732,0.38
2026-01-13 23:00:00,DE-CENTRAL,Central Plant,Paint & Utilities,3336.369,0.22,63.436,382.684,6.764,0.38
2026-01-13 23:15:00,DE-CENTRAL,Central Plant,Paint & Utilities,3572.624,0.22,61.131,390.61,6.713,0.38
2026-01-13 23:30:00,DE-CENTRAL,Central Plant,Paint & Utilities,3493.256,0.22,66.303,385.912,6.445,0.38
2026-01-13 23:45:00,DE-CENTRAL,Central Plant,Paint & Utilities,3432.139,0.22,66.592,399.743,6.715,0.38
2026-01-14 00:00:00,DE-CENTRAL,Central Plant,Paint & Utilities,3461.845,0.22,62.765,396.143,6.93,0.38
2026-01-14 00:15:00,DE-CENTRAL,Central Plant,Paint & Utilities,3422.424,0.22,68.884,403.223,7.09,0.38
2026-01-14 00:30:00,DE-CENTRAL,Central Plant,Paint & Utilities,3665.334,0.22,60.214,401.526,6.129,0.38
2026-01-14 00:45:00,DE-CENTRAL,Central Plant,Paint & Utilities,3413.002,0.22,63.984,406.167,5.295,0.38
2026-01-14 01:00:00,DE-CENTRAL,Central Plant,Paint & Utilities,3526.777,0.22,63.308,392.412,3.837,0.38
2026-01-14 01:15:00,DE-CENTRAL,Central Plant,Paint & Utilities,3609.966,0.22,65.506,396.015,5.025,0.38
2026-01-14 01:30:00,DE-CENTRAL,Central Plant,Paint & Utilities,3894.882,0.22,66.866,398.429,4.671,0.38
2026-01-14 01:45:00,DE-CENTRAL,Central Plant,Paint & Utilities,3858.665,0.22,61.794,393.887,4.455,0.38
2026-01-14 02:00:00,DE-CENTRAL,Central Plant,Paint & Utilities,3521.103,0.22,68.818,387.297,5.474,0.38
2026-01-14 02:15:00,DE-CENTRAL,Central Plant,Paint & Utilities,3955.494,0.22,66.293,387.93,4.541,0.38
2026-01-14 02:30:00,DE-CENTRAL,Central Plant,Paint & Utilities,4000.557,0.22,58.622,381.944,3.897,0.38
2026-01-14 02:45:00,DE-CENTRAL,Central Plant,Paint & Utilities,3744.497,0.22,58.538,396.63,2.351,0.38
2026-01-14 03:00:00,DE-CENTRAL,Central Plant,Paint & Utilities,3599.532,0.22,66.545,390.239,2.347,0.38
2026-01-14 03:15:00,DE-CENTRAL,Central Plant,Paint & Utilities,3936.642,0.22,65.974,383.186,2.326,0.38
2026-01-14 03:30:00,DE-CENTRAL,Central Plant,Paint & Utilities,4129.199,0.22,66.755,382.955,1.544,0.38
2026-01-14 03:45:00,DE-CENTRAL,Central Plant,Paint & Utilities,4192.828,0.22,67.416,376.115,2.139,0.38
2026-01-14 04:00:00,DE-CENTRAL,Central Plant,Paint & Utilities,3902.69,0.22,68.839,402.106,1.75,0.38
2026-01-14 04:15:00,DE-CENTRAL,Central Plant,Paint & Utilities,4278.501,0.22,72.188,391.005,0.46,0.38
2026-01-14 04:30:00,DE-CENTRAL,Central Plant,Paint & Utilities,3745.31,0.22,64.46,379.392,1.794,0.38
2026-01-14 04:45:00,DE-CENTRAL,Central Plant,Paint & Utilities,4008.831,0.22,64.768,399.115,0.775,0.38
2026-01-14 05:00:00,DE-CENTRAL,Central Plant,Paint & Utilities,4036.624,0.22,65.672,382.336,-0.746,0.38
2026-01-14 05:15:00,DE-CENTRAL,Central Plant,Paint & Utilities,4207.168,0.22,71.817,371.816,0.205,0.38
2026-01-14 05:30:00,DE-CENTRAL,Central Plant,Paint & Utilities,4214.24,0.22,76.275,400.565,0.23,0.38
2026-01-14 05:45:00,DE-CENTRAL,Central Plant,Paint & Utilities,4148.435,0.22,70.207,381.465,0.524,0.38
2026-01-14 06:00:00,DE-CENTRAL,Central Plant,Paint & Utilities,5716.865,0.22,62.551,382.589,-0.566,0.98
2026-01-14 06:15:00,DE-CENTRAL,Central Plant,Paint & Utilities,5950.508,0.22,64.443,376.114,0.095,0.98
2026-01-14 06:30:00,DE-CENTRAL,Central Plant,Paint & Utilities,5882.538,0.22,66.591,377.491,-0.488,0.98
2026-01-14 06:45:00,DE-CENTRAL,Central Plant,Paint & Utilities,5592.174,0.22,66.311,352.263,-1.655,0.98
2026-01-14 07:00:00,DE-CENTRAL,Central Plant,Paint & Utilities,5502.63,0.22,65.474,326.01,-1.82,0.98
2026-01-14 07:15:00,DE-CENTRAL,Central Plant,Paint & Utilities,5812.838,0.22,65.767,335.483,-0.118,0.98
2026-01-14 07:30:00,DE-CENTRAL,Central Plant,Paint & Utilities,5611.875,0.22,62.807,311.923,-0.12,0.98
2026-01-14 07:45:00,DE-CENTRAL,Central Plant,Paint & Utilities,5440.771,0.22,66.626,329.459,-0.763,0.98
2026-01-14 08:00:00,DE-CENTRAL,Central Plant,Paint & Utilities,5513.99,0.22,58.037,296.173,0.047,0.98
2026-01-14 08:15:00,DE-CENTRAL,Central Plant,Paint & Utilities,5551.311,0.22,55.545,259.112,-0.25,0.98
2026-01-14 08:30:00,DE-CENTRAL,Central Plant,Paint & Utilities,5459.842,0.22,59.114,280.374,-0.479,0.98
2026-01-14 08:45:00,DE-CENTRAL,Central Plant,Paint & Utilities,5261.64,0.22,49.222,290.021,-1.542,0.98
2026-01-14 09:00:00,DE-CENTRAL,Central Plant,Paint & Utilities,5621.669,0.22,55.069,276.683,0.382,0.98
2026-01-14 09:15:00,DE-CENTRAL,Central Plant,Paint & Utilities,5500.0,0.22,52.062,271.352,-0.359,0.98
2026-01-14 09:30:00,DE-CENTRAL,Central Plant,Paint & Utilities,5320.362,0.22,49.221,229.309,-0.889,0.98
2026-01-14 09:45:00,DE-CENTRAL,Central Plant,Paint & Utilities,5311.407,0.22,54.36,245.247,-0.952,0.98
2026-01-14 10:00:00,DE-CENTRAL,Central Plant,Paint & Utilities,5366.317,0.22,43.775,219.011,-0.15,0.98
2026-01-14 10:15:00,DE-CENTRAL,Central Plant,Paint & Utilities,5201.868,0.22,52.844,224.386,-1.327,0.98
2026-01-14 10:30:00,DE-CENTRAL,Central Plant,Paint & Utilities,5346.341,0.22,42.142,201.112,0.523,0.98
2026-01-14 10:45:00,DE-CENTRAL,Central Plant,Paint & Utilities,5168.491,0.22,36.499,204.041,-0.427,0.98
2026-01-14 11:00:00,DE-CENTRAL,Central Plant,Paint & Utilities,5317.973,0.22,40.589,199.763,0.724,0.98
2026-01-14 11:15:00,DE-CENTRAL,Central Plant,Paint & Utilities,5209.57,0.22,34.861,215.501,0.338,0.98
2026-01-14 11:30:00,DE-CENTRAL,Central Plant,Paint & Utilities,5233.419,0.22,35.183,211.921,0.771,0.98
2026-01-14 11:45:00,DE-CENTRAL,Central Plant,Paint & Utilities,5620.394,0.22,38.981,204.003,0.692,0.98
2026-01-14 12:00:00,DE-CENTRAL,Central Plant,Paint & Utilities,5438.37,0.22,39.006,183.636,1.387,0.98
2026-01-14 12:15:00,DE-CENTRAL,Central Plant,Paint & Utilities,5456.296,0.22,33.882,196.072,3.111,0.98
2026-01-14 12:30:00,DE-CENTRAL,Central Plant,Paint & Utilities,5217.784,0.22,40.108,191.662,3.056,0.98
2026-01-14 12:45:00,DE-CENTRAL,Central Plant,Paint & Utilities,5452.923,0.22,40.785,212.713,2.641,0.98
2026-01-14 13:00:00,DE-CENTRAL,Central Plant,Paint & Utilities,5632.416,0.22,42.113,218.959,2.688,0.98
2026-01-14 13:15:00,DE-CENTRAL,Central Plant,Paint & Utilities,5621.748,0.22,38.919,220.957,3.615,0.98
2026-01-14 13:30:00,DE-CENTRAL,Central Plant,Paint & Utilities,5354.45,0.22,42.919,203.626,4.138,0.98
2026-01-14 13:45:00,DE-CENTRAL,Central Plant,Paint & Utilities,5723.343,0.22,30.845,185.209,3.092,0.98
2026-01-14 14:00:00,DE-CENTRAL,Central Plant,Paint & Utilities,5457.588,0.22,38.248,203.298,3.946,0.88
2026-01-14 14:15:00,DE-CENTRAL,Central Plant,Paint & Utilities,5630.347,0.22,37.46,249.038,3.052,0.88
2026-01-14 14:30:00,DE-CENTRAL,Central Plant,Paint & Utilities,5356.096,0.22,43.078,235.73,5.439,0.88
2026-01-14 14:45:00,DE-CENTRAL,Central Plant,Paint & Utilities,5155.756,0.22,42.259,241.211,6.421,0.88
2026-01-14 15:00:00,DE-CENTRAL,Central Plant,Paint & Utilities,5360.556,0.22,46.097,280.718,5.35,0.88
2026-01-14 15:15:00,DE-CENTRAL,Central Plant,Paint & Utilities,5391.98,0.22,56.776,288.07,4.12,0.88
2026-01-14 15:30:00,DE-CENTRAL,Central Plant,Paint & Utilities,5581.246,0.22,51.31,286.111,6.34,0.88
2026-01-14 15:45:00,DE-CENTRAL,Central Plant,Paint & Utilities,5161.815,0.22,56.623,296.198,5.579,0.88
2026-01-14 16:00:00,DE-CENTRAL,Central Plant,Paint & Utilities,5436.507,0.22,57.223,312.891,6.036,0.88
2026-01-14 16:15:00,DE-CENTRAL,Central Plant,Paint & Utilities,5637.464,0.22,61.803,332.666,7.216,0.88
2026-01-14 16:30:00,DE-CENTRAL,Central Plant,Paint & Utilities,5440.898,0.22,64.985,365.12,7.222,0.88
2026-01-14 16:45:00,DE-CENTRAL,Central Plant,Paint & Utilities,5539.515,0.22,70.266,367.267,6.955,0.88
2026-01-14 17:00:00,DE-CENTRAL,Central Plant,Paint & Utilities,5186.579,0.22,76.629,387.241,7.081,0.88
2026-01-14 17:15:00,DE-CENTRAL,Central Plant,Paint & Utilities,5142.331,0.22,81.964,408.685,7.847,0.88
2026-01-14 17:30:00,DE-CENTRAL,Central Plant,Paint & Utilities,5498.925,0.22,79.86,396.278,7.68,0.88
2026-01-14 17:45:00,DE-CENTRAL,Central Plant,Paint & Utilities,5297.565,0.22,83.998,434.321,7.381,0.88
2026-01-14 18:00:00,DE-CENTRAL,Central Plant,Paint & Utilities,5239.933,0.22,79.766,435.742,8.097,0.88
2026-01-14 18:15:00,DE-CENTRAL,Central Plant,Paint & Utilities,5026.836,0.22,84.513,410.537,8.722,0.88
2026-01-14 18:30:00,DE-CENTRAL,Central Plant,Paint & Utilities,5144.526,0.22,88.76,415.445,8.495,0.88
2026-01-14 18:45:00,DE-CENTRAL,Central Plant,Paint & Utilities,4960.449,0.22,88.225,427.79,7.745,0.88
2026-01-14 19:00:00,DE-CENTRAL,Central Plant,Paint & Utilities,5173.08,0.22,85.008,444.208,9.522,0.88
2026-01-14 19:15:00,DE-CENTRAL,Central Plant,Paint & Utilities,5390.046,0.22,86.77,435.91,6.987,0.88
2026-01-14 19:30:00,DE-CENTRAL,Central Plant,Paint & Utilities,5026.437,0.22,83.954,432.488,8.645,0.88
2026-01-14 19:45:00,DE-CENTRAL,Central Plant,Paint & Utilities,4851.607,0.22,85.314,448.611,8.555,0.88
2026-01-14 20:00:00,DE-CENTRAL,Central Plant,Paint & Utilities,4566.132,0.22,80.006,404.288,9.104,0.88
2026-01-14 20:15:00,DE-CENTRAL,Central Plant,Paint & Utilities,4642.205,0.22,75.642,413.111,9.382,0.88
2026-01-14 20:30:00,DE-CENTRAL,Central Plant,Paint & Utilities,5026.219,0.22,76.566,410.835,9.746,0.88
2026-01-14 20:45:00,DE-CENTRAL,Central Plant,Paint & Utilities,4714.3,0.22,61.66,392.105,8.405,0.88
2026-01-14 21:00:00,DE-CENTRAL,Central Plant,Paint & Utilities,4769.516,0.22,73.129,395.233,9.24,0.88
2026-01-14 21:15:00,DE-CENTRAL,Central Plant,Paint & Utilities,4906.633,0.22,55.317,369.985,8.872,0.88
2026-01-14 21:30:00,DE-CENTRAL,Central Plant,Paint & Utilities,5050.491,0.22,61.463,400.844,7.421,0.88
2026-01-14 21:45:00,DE-CENTRAL,Central Plant,Paint & Utilities,4788.322,0.22,68.763,371.012,9.815,0.88
2026-01-14 22:00:00,DE-CENTRAL,Central Plant,Paint & Utilities,3438.851,0.22,67.632,399.399,7.323,0.38
2026-01-14 22:15:00,DE-CENTRAL,Central Plant,Paint & Utilities,3487.496,0.22,60.008,371.04,8.451,0.38
2026-01-14 22:30:00,DE-CENTRAL,Central Plant,Paint & Utilities,3422.046,0.22,60.91,380.735,8.24,0.38
2026-01-14 22:45:00,DE-CENTRAL,Central Plant,Paint & Utilities,3457.71,0.22,68.496,365.254,7.952,0.38
2026-01-14 23:00:00,DE-CENTRAL,Central Plant,Paint & Utilities,3626.411,0.22,60.474,363.5,7.189,0.38
2026-01-14 23:15:00,DE-CENTRAL,Central Plant,Paint & Utilities,3608.078,0.22,70.902,355.26,7.876,0.38
2026-01-14 23:30:00,DE-CENTRAL,Central Plant,Paint & Utilities,3931.21,0.22,61.55,362.464,5.952,0.38
2026-01-14 23:45:00,DE-CENTRAL,Central Plant,Paint & Utilities,3726.631,0.22,62.906,363.927,6.732,0.38
2026-01-15 00:00:00,DE-CENTRAL,Central Plant,Paint & Utilities,3863.023,0.22,67.027,348.208,6.105,0.38
2026-01-15 00:15:00,DE-CENTRAL,Central Plant,Paint & Utilities,3618.977,0.22,61.112,356.199,5.737,0.38
2026-01-15 00:30:00,DE-CENTRAL,Central Plant,Paint & Utilities,3840.901,0.22,56.617,350.48,6.214,0.38
2026-01-15 00:45:00,DE-CENTRAL,Central Plant,Paint & Utilities,3706.736,0.22,60.236,385.518,6.361,0.38
2026-01-15 01:00:00,DE-CENTRAL,Central Plant,Paint & Utilities,3907.376,0.22,60.595,356.988,5.054,0.38
2026-01-15 01:15:00,DE-CENTRAL,Central Plant,Paint & Utilities,3957.755,0.22,55.356,376.769,5.522,0.38
2026-01-15 01:30:00,DE-CENTRAL,Central Plant,Paint & Utilities,3917.702,0.22,59.887,356.061,4.687,0.38
2026-01-15 01:45:00,DE-CENTRAL,Central Plant,Paint & Utilities,4259.935,0.22,58.06,361.722,3.702,0.38
2026-01-15 02:00:00,DE-CENTRAL,Central Plant,Paint & Utilities,4146.557,0.22,64.871,342.975,3.819,0.38
2026-01-15 02:15:00,DE-CENTRAL,Central Plant,Paint & Utilities,4133.444,0.22,61.487,353.707,3.463,0.38
2026-01-15 02:30:00,DE-CENTRAL,Central Plant,Paint & Utilities,4101.383,0.22,60.427,361.858,2.86,0.38
2026-01-15 02:45:00,DE-CENTRAL,Central Plant,Paint & Utilities,4219.384,0.22,61.382,378.641,3.324,0.38
2026-01-15 03:00:00,DE-CENTRAL,Central Plant,Paint & Utilities,3819.653,0.22,62.992,362.569,2.87,0.38
2026-01-15 03:15:00,DE-CENTRAL,Central Plant,Paint & Utilities,4208.852,0.22,64.907,376.824,1.279,0.38
2026-01-15 03:30:00,DE-CENTRAL,Central Plant,Paint & Utilities,3905.051,0.22,58.834,368.24,0.931,0.38
2026-01-15 03:45:00,DE-CENTRAL,Central Plant,Paint & Utilities,3916.729,0.22,59.113,380.429,2.086,0.38
2026-01-15 04:00:00,DE-CENTRAL,Central Plant,Paint & Utilities,4069.35,0.22,68.2,360.558,0.929,0.38
2026-01-15 04:15:00,DE-CENTRAL,Central Plant,Paint & Utilities,4120.979,0.22,62.689,390.331,1.434,0.38
2026-01-15 04:30:00,DE-CENTRAL,Central Plant,Paint & Utilities,3790.26,0.22,59.28,356.222,1.503,0.38
2026-01-15 04:45:00,DE-CENTRAL,Central Plant,Paint & Utilities,3885.484,0.22,67.381,353.262,-0.186,0.38
2026-01-15 05:00:00,DE-CENTRAL,Central Plant,Paint & Utilities,3942.553,0.22,68.159,348.367,-0.524,0.38
2026-01-15 05:15:00,DE-CENTRAL,Central Plant,Paint & Utilities,3829.9,0.22,60.916,391.303,1.413,0.38
2026-01-15 05:30:00,DE-CENTRAL,Central Plant,Paint & Utilities,3959.215,0.22,68.71,373.621,0.279,0.38
2026-01-15 05:45:00,DE-CENTRAL,Central Plant,Paint & Utilities,4275.451,0.22,71.496,360.248,-0.451,0.38
2026-01-15 06:00:00,DE-CENTRAL,Central Plant,Paint & Utilities,5617.184,0.22,70.805,379.728,-0.984,0.98
2026-01-15 06:15:00,DE-CENTRAL,Central Plant,Paint & Utilities,5423.898,0.22,70.668,362.041,-0.842,0.98
2026-01-15 06:30:00,DE-CENTRAL,Central Plant,Paint & Utilities,5327.124,0.22,61.323,366.493,-1.453,0.98
2026-01-15 06:45:00,DE-CENTRAL,Central Plant,Paint & Utilities,5382.621,0.22,67.023,313.544,-0.116,0.98
2026-01-15 07:00:00,DE-CENTRAL,Central Plant,Paint & Utilities,5302.468,0.22,63.196,318.309,-1.373,0.98
2026-01-15 07:15:00,DE-CENTRAL,Central Plant,Paint & Utilities,5425.415,0.22,61.126,305.522,-0.138,0.98
2026-01-15 07:30:00,DE-CENTRAL,Central Plant,Paint & Utilities,5428.455,0.22,65.13,277.217,-1.238,0.98
2026-01-15 07:45:00,DE-CENTRAL,Central Plant,Paint & Utilities,5307.959,0.22,66.092,303.749,-1.72,0.98
2026-01-15 08:00:00,DE-CENTRAL,Central Plant,Paint & Utilities,5600.905,0.22,65.819,278.244,-1.298,0.98
2026-01-15 08:15:00,DE-CENTRAL,Central Plant,Paint & Utilities,5288.124,0.22,62.311,281.21,-2.826,0.98
2026-01-15 08:30:00,DE-CENTRAL,Central Plant,Paint & Utilities,5327.777,0.22,54.976,291.92,-1.042,0.98
2026-01-15 08:45:00,DE-CENTRAL,Central Plant,Paint & Utilities,5434.441,0.22,55.154,251.094,-1.023,0.98
2026-01-15 09:00:00,DE-CENTRAL,Central Plant,Paint & Utilities,5464.824,0.22,55.119,242.509,-0.252,0.98
2026-01-15 09:15:00,DE-CENTRAL,Central Plant,Paint & Utilities,5579.785,0.22,50.844,241.752,-2.055,0.98
2026-01-15 09:30:00,DE-CENTRAL,Central Plant,Paint & Utilities,5445.538,0.22,49.207,245.507,0.194,0.98
2026-01-15 09:45:00,DE-CENTRAL,Central Plant,Paint & Utilities,5560.25,0.22,50.344,220.79,0.09,0.98
2026-01-15 10:00:00,DE-CENTRAL,Central Plant,Paint & Utilities,5367.573,0.22,45.237,214.576,0.546,0.98
2026-01-15 10:15:00,DE-CENTRAL,Central Plant,Paint & Utilities,5627.72,0.22,41.066,230.045,-0.194,0.98
2026-01-15 10:30:00,DE-CENTRAL,Central Plant,Paint & Utilities,5646.666,0.22,40.937,217.79,0.743,0.98
2026-01-15 10:45:00,DE-CENTRAL,Central Plant,Paint & Utilities,5805.863,0.22,43.865,185.296,-0.789,0.98
2026-01-15 11:00:00,DE-CENTRAL,Central Plant,Paint & Utilities,5403.899,0.22,40.215,192.434,0.964,0.98
2026-01-15 11:15:00,DE-CENTRAL,Central Plant,Paint & Utilities,5565.781,0.22,40.593,223.196,0.163,0.98
2026-01-15 11:30:00,DE-CENTRAL,Central Plant,Paint & Utilities,5839.705,0.22,41.108,208.801,-0.2,0.98
2026-01-15 11:45:00,DE-CENTRAL,Central Plant,Paint & Utilities,5424.116,0.22,36.303,194.4,0.435,0.98
2026-01-15 12:00:00,DE-CENTRAL,Central Plant,Paint & Utilities,5839.094,0.22,40.389,201.858,1.504,0.98
2026-01-15 12:15:00,DE-CENTRAL,Central Plant,Paint & Utilities,5954.73,0.22,38.636,205.224,1.212,0.98
2026-01-15 12:30:00,DE-CENTRAL,Central Plant,Paint & Utilities,5750.667,0.22,32.139,215.884,2.35,0.98
2026-01-15 12:45:00,DE-CENTRAL,Central Plant,Paint & Utilities,5825.516,0.22,43.013,193.594,1.127,0.98
2026-01-15 13:00:00,DE-CENTRAL,Central Plant,Paint & Utilities,5762.566,0.22,35.619,203.515,1.217,0.98
2026-01-15 13:15:00,DE-CENTRAL,Central Plant,Paint & Utilities,5781.905,0.22,31.602,221.5,3.985,0.98
2026-01-15 13:30:00,DE-CENTRAL,Central Plant,Paint & Utilities,5794.747,0.22,34.87,222.582,3.98,0.98
2026-01-15 13:45:00,DE-CENTRAL,Central Plant,Paint & Utilities,5798.024,0.22,36.031,237.17,2.938,0.98
2026-01-15 14:00:00,DE-CENTRAL,Central Plant,Paint & Utilities,5448.286,0.22,41.634,223.09,3.998,0.88
2026-01-15 14:15:00,DE-CENTRAL,Central Plant,Paint & Utilities,5472.889,0.22,41.896,250.71,5.041,0.88
2026-01-15 14:30:00,DE-CENTRAL,Central Plant,Paint & Utilities,5457.849,0.22,43.472,269.175,4.946,0.88
2026-01-15 14:45:00,DE-CENTRAL,Central Plant,Paint & Utilities,5708.36,0.22,49.395,272.66,5.079,0.88
2026-01-15 15:00:00,DE-CENTRAL,Central Plant,Paint & Utilities,5369.113,0.22,50.642,280.322,6.061,0.88
2026-01-15 15:15:00,DE-CENTRAL,Central Plant,Paint & Utilities,5455.33,0.22,53.179,290.41,5.096,0.88
2026-01-15 15:30:00,DE-CENTRAL,Central Plant,Paint & Utilities,5282.701,0.22,56.44,295.477,5.935,0.88
2026-01-15 15:45:00,DE-CENTRAL,Central Plant,Paint & Utilities,5236.45,0.22,60.384,319.513,6.199,0.88
2026-01-15 16:00:00,DE-CENTRAL,Central Plant,Paint & Utilities,5050.9,0.22,52.808,351.208,6.309,0.88
2026-01-15 16:15:00,DE-CENTRAL,Central Plant,Paint & Utilities,5020.741,0.22,63.263,351.057,6.505,0.88
2026-01-15 16:30:00,DE-CENTRAL,Central Plant,Paint & Utilities,5009.849,0.22,59.59,358.692,7.095,0.88
2026-01-15 16:45:00,DE-CENTRAL,Central Plant,Paint & Utilities,5138.649,0.22,72.092,380.616,7.321,0.88
2026-01-15 17:00:00,DE-CENTRAL,Central Plant,Paint & Utilities,5222.79,0.22,75.545,406.111,6.802,0.88
2026-01-15 17:15:00,DE-CENTRAL,Central Plant,Paint & Utilities,4781.054,0.22,83.27,416.162,8.32,0.88
2026-01-15 17:30:00,DE-CENTRAL,Central Plant,Paint & Utilities,4926.125,0.22,87.197,442.914,7.283,0.88
2026-01-15 17:45:00,DE-CENTRAL,Central Plant,Paint & Utilities,4770.354,0.22,86.384,459.067,8.005,0.88
2026-01-15 18:00:00,DE-CENTRAL,Central Plant,Paint & Utilities,4878.018,0.22,86.404,478.197,8.123,0.88
2026-01-15 18:15:00,DE-CENTRAL,Central Plant,Paint & Utilities,5008.863,0.22,90.94,486.753,8.735,0.88
2026-01-15 18:30:00,DE-CENTRAL,Central Plant,Paint & Utilities,4833.018,0.22,87.114,482.528,7.136,0.88
2026-01-15 18:45:00,DE-CENTRAL,Central Plant,Paint & Utilities,4816.18,0.22,89.071,459.01,9.358,0.88
2026-01-15 19:00:00,DE-CENTRAL,Central Plant,Paint & Utilities,5023.371,0.22,92.505,457.786,8.356,0.88
2026-01-15 19:15:00,DE-CENTRAL,Central Plant,Paint & Utilities,4860.215,0.22,85.471,464.977,9.758,0.88
2026-01-15 19:30:00,DE-CENTRAL,Central Plant,Paint & Utilities,4736.0,0.22,89.764,456.712,8.623,0.88
2026-01-15 19:45:00,DE-CENTRAL,Central Plant,Paint & Utilities,4855.115,0.22,87.839,443.861,8.955,0.88
2026-01-15 20:00:00,DE-CENTRAL,Central Plant,Paint & Utilities,4711.93,0.22,79.709,446.97,10.34,0.88
2026-01-15 20:15:00,DE-CENTRAL,Central Plant,Paint & Utilities,4929.511,0.22,85.695,440.893,8.795,0.88
2026-01-15 20:30:00,DE-CENTRAL,Central Plant,Paint & Utilities,4943.427,0.22,82.803,432.621,9.824,0.88
2026-01-15 20:45:00,DE-CENTRAL,Central Plant,Paint & Utilities,4755.964,0.22,78.621,430.967,8.931,0.88
2026-01-15 21:00:00,DE-CENTRAL,Central Plant,Paint & Utilities,4983.148,0.22,73.418,443.124,9.12,0.88
2026-01-15 21:15:00,DE-CENTRAL,Central Plant,Paint & Utilities,4992.235,0.22,71.378,425.899,8.784,0.88
2026-01-15 21:30:00,DE-CENTRAL,Central Plant,Paint & Utilities,5107.161,0.22,71.137,448.103,9.213,0.88
2026-01-15 21:45:00,DE-CENTRAL,Central Plant,Paint & Utilities,5215.139,0.22,74.079,415.905,8.004,0.88
2026-01-15 22:00:00,DE-CENTRAL,Central Plant,Paint & Utilities,3741.347,0.22,66.868,406.32,7.641,0.38
2026-01-15 22:15:00,DE-CENTRAL,Central Plant,Paint & Utilities,3670.627,0.22,71.386,406.326,7.71,0.38
2026-01-15 22:30:00,DE-CENTRAL,Central Plant,Paint & Utilities,3850.226,0.22,63.773,406.351,8.037,0.38
2026-01-15 22:45:00,DE-CENTRAL,Central Plant,Paint & Utilities,3658.743,0.22,67.178,405.978,7.605,0.38
2026-01-15 23:00:00,DE-CENTRAL,Central Plant,Paint & Utilities,3617.998,0.22,67.821,423.595,8.033,0.38
2026-01-15 23:15:00,DE-CENTRAL,Central Plant,Paint & Utilities,3398.864,0.22,76.669,386.834,8.21,0.38
2026-01-15 23:30:00,DE-CENTRAL,Central Plant,Paint & Utilities,3862.939,0.22,60.987,405.915,6.361,0.38
2026-01-15 23:45:00,DE-CENTRAL,Central Plant,Paint & Utilities,3787.338,0.22,72.075,396.996,6.264,0.38
2026-01-16 00:00:00,DE-CENTRAL,Central Plant,Paint & Utilities,3975.433,0.22,66.041,372.939,5.495,0.38
2026-01-16 00:15:00,DE-CENTRAL,Central Plant,Paint & Utilities,3632.238,0.22,67.078,400.86,7.633,0.38
2026-01-16 00:30:00,DE-CENTRAL,Central Plant,Paint & Utilities,3843.151,0.22,65.901,406.624,6.127,0.38
2026-01-16 00:45:00,DE-CENTRAL,Central Plant,Paint & Utilities,3991.652,0.22,67.207,380.907,5.943,0.38
2026-01-16 01:00:00,DE-CENTRAL,Central Plant,Paint & Utilities,3835.733,0.22,64.821,390.847,4.356,0.38
2026-01-16 01:15:00,DE-CENTRAL,Central Plant,Paint & Utilities,3997.312,0.22,71.269,369.993,4.975,0.38
2026-01-16 01:30:00,DE-CENTRAL,Central Plant,Paint & Utilities,3862.062,0.22,63.658,375.316,5.009,0.38
2026-01-16 01:45:00,DE-CENTRAL,Central Plant,Paint & Utilities,3934.356,0.22,70.06,402.703,4.15,0.38
2026-01-16 02:00:00,DE-CENTRAL,Central Plant,Paint & Utilities,3981.164,0.22,63.022,384.217,4.753,0.38
2026-01-16 02:15:00,DE-CENTRAL,Central Plant,Paint & Utilities,3991.81,0.22,65.452,376.179,5.291,0.38
2026-01-16 02:30:00,DE-CENTRAL,Central Plant,Paint & Utilities,3919.855,0.22,61.528,391.891,2.684,0.38
2026-01-16 02:45:00,DE-CENTRAL,Central Plant,Paint & Utilities,3786.162,0.22,67.793,382.504,2.309,0.38
2026-01-16 03:00:00,DE-CENTRAL,Central Plant,Paint & Utilities,3807.911,0.22,71.95,382.743,2.091,0.38
2026-01-16 03:15:00,DE-CENTRAL,Central Plant,Paint & Utilities,3883.296,0.22,66.099,396.869,3.517,0.38
2026-01-16 03:30:00,DE-CENTRAL,Central Plant,Paint & Utilities,3658.147,0.22,65.907,373.644,2.816,0.38
2026-01-16 03:45:00,DE-CENTRAL,Central Plant,Paint & Utilities,3762.128,0.22,62.572,376.294,1.694,0.38
2026-01-16 04:00:00,DE-CENTRAL,Central Plant,Paint & Utilities,3709.903,0.22,66.5,388.566,1.526,0.38
2026-01-16 04:15:00,DE-CENTRAL,Central Plant,Paint & Utilities,3738.474,0.22,61.483,397.895,0.651,0.38
2026-01-16 04:30:00,DE-CENTRAL,Central Plant,Paint & Utilities,3574.12,0.22,64.689,400.651,1.579,0.38
2026-01-16 04:45:00,DE-CENTRAL,Central Plant,Paint & Utilities,3469.955,0.22,69.778,377.331,0.437,0.38
2026-01-16 05:00:00,DE-CENTRAL,Central Plant,Paint & Utilities,3754.984,0.22,74.715,396.067,0.282,0.38
2026-01-16 05:15:00,DE-CENTRAL,Central Plant,Paint & Utilities,3784.435,0.22,81.273,374.904,0.667,0.38
2026-01-16 05:30:00,DE-CENTRAL,Central Plant,Paint & Utilities,3437.24,0.22,68.304,405.711,-0.098,0.38
2026-01-16 05:45:00,DE-CENTRAL,Central Plant,Paint & Utilities,3708.016,0.22,77.011,369.665,-0.322,0.38
2026-01-16 06:00:00,DE-CENTRAL,Central Plant,Paint & Utilities,5462.309,0.22,72.853,398.675,-0.323,0.98
2026-01-16 06:15:00,DE-CENTRAL,Central Plant,Paint & Utilities,5388.333,0.22,69.957,362.864,0.072,0.98
2026-01-16 06:30:00,DE-CENTRAL,Central Plant,Paint & Utilities,5252.34,0.22,70.941,382.95,0.533,0.98
2026-01-16 06:45:00,DE-CENTRAL,Central Plant,Paint & Utilities,5216.379,0.22,68.062,354.026,-0.325,0.98
2026-01-16 07:00:00,DE-CENTRAL,Central Plant,Paint & Utilities,5362.471,0.22,66.807,323.016,-0.267,0.98
2026-01-16 07:15:00,DE-CENTRAL,Central Plant,Paint & Utilities,5425.118,0.22,63.224,317.407,-1.044,0.98
2026-01-16 07:30:00,DE-CENTRAL,Central Plant,Paint & Utilities,5443.722,0.22,57.694,321.748,-1.453,0.98
2026-01-16 07:45:00,DE-CENTRAL,Central Plant,Paint & Utilities,5419.453,0.22,55.476,313.988,-0.532,0.98
2026-01-16 08:00:00,DE-CENTRAL,Central Plant,Paint & Utilities,5349.951,0.22,62.565,289.817,-0.88,0.98
2026-01-16 08:15:00,DE-CENTRAL,Central Plant,Paint & Utilities,5609.027,0.22,57.089,280.881,-1.985,0.98
2026-01-16 08:30:00,DE-CENTRAL,Central Plant,Paint & Utilities,5639.228,0.22,54.007,279.539,-1.187,0.98
2026-01-16 08:45:00,DE-CENTRAL,Central Plant,Paint & Utilities,5644.334,0.22,54.585,262.568,-0.962,0.98
2026-01-16 09:00:00,DE-CENTRAL,Central Plant,Paint & Utilities,5684.012,0.22,55.869,236.504,-1.187,0.98
2026-01-16 09:15:00,DE-CENTRAL,Central Plant,Paint & Utilities,5893.815,0.22,51.547,233.84,0.303,0.98
2026-01-16 09:30:00,DE-CENTRAL,Central Plant,Paint & Utilities,5658.704,0.22,46.355,238.55,-0.284,0.98
2026-01-16 09:45:00,DE-CENTRAL,Central Plant,Paint & Utilities,5926.013,0.22,52.078,243.043,0.477,0.98
2026-01-16 10:00:00,DE-CENTRAL,Central Plant,Paint & Utilities,5723.714,0.22,51.743,241.204,-0.146,0.98
2026-01-16 10:15:00,DE-CENTRAL,Central Plant,Paint & Utilities,5993.689,0.22,45.742,225.176,-0.1,0.98
2026-01-16 10:30:00,DE-CENTRAL,Central Plant,Paint & Utilities,6053.783,0.22,46.099,213.956,-0.622,0.98
2026-01-16 10:45:00,DE-CENTRAL,Central Plant,Paint & Utilities,5864.923,0.22,45.735,214.884,0.249,0.98
2026-01-16 11:00:00,DE-CENTRAL,Central Plant,Paint & Utilities,6129.778,0.22,43.991,194.01,0.474,0.98
2026-01-16 11:15:00,DE-CENTRAL,Central Plant,Paint & Utilities,6010.367,0.22,40.786,197.029,-0.254,0.98
2026-01-16 11:30:00,DE-CENTRAL,Central Plant,Paint & Utilities,5827.535,0.22,39.751,186.596,0.579,0.98
2026-01-16 11:45:00,DE-CENTRAL,Central Plant,Paint & Utilities,5883.974,0.22,38.644,179.899,0.996,0.98
2026-01-16 12:00:00,DE-CENTRAL,Central Plant,Paint & Utilities,6052.834,0.22,31.572,198.084,1.789,0.98
2026-01-16 12:15:00,DE-CENTRAL,Central Plant,Paint & Utilities,6007.693,0.22,38.357,196.322,2.112,0.98
2026-01-16 12:30:00,DE-CENTRAL,Central Plant,Paint & Utilities,5748.561,0.22,29.926,203.202,1.68,0.98
2026-01-16 12:45:00,DE-CENTRAL,Central Plant,Paint & Utilities,5817.921,0.22,32.176,203.222,2.721,0.98
2026-01-16 13:00:00,DE-CENTRAL,Central Plant,Paint & Utilities,5836.832,0.22,40.79,202.189,2.578,0.98
2026-01-16 13:15:00,DE-CENTRAL,Central Plant,Paint & Utilities,5750.605,0.22,39.381,209.487,1.016,0.98
2026-01-16 13:30:00,DE-CENTRAL,Central Plant,Paint & Utilities,6030.894,0.22,42.644,206.781,3.008,0.98
2026-01-16 13:45:00,DE-CENTRAL,Central Plant,Paint & Utilities,5685.33,0.22,36.523,217.726,4.428,0.98
2026-01-16 14:00:00,DE-CENTRAL,Central Plant,Paint & Utilities,5342.52,0.22,34.165,210.566,2.823,0.88
2026-01-16 14:15:00,DE-CENTRAL,Central Plant,Paint & Utilities,5421.781,0.22,39.234,231.289,4.406,0.88
2026-01-16 14:30:00,DE-CENTRAL,Central Plant,Paint & Utilities,5147.624,0.22,42.291,243.542,5.762,0.88
2026-01-16 14:45:00,DE-CENTRAL,Central Plant,Paint & Utilities,5311.229,0.22,44.159,237.268,4.443,0.88
2026-01-16 15:00:00,DE-CENTRAL,Central Plant,Paint & Utilities,4907.624,0.22,50.611,256.827,5.296,0.88
2026-01-16 15:15:00,DE-CENTRAL,Central Plant,Paint & Utilities,5036.657,0.22,47.133,260.723,4.694,0.88
2026-01-16 15:30:00,DE-CENTRAL,Central Plant,Paint & Utilities,5134.155,0.22,52.747,274.943,7.052,0.88
2026-01-16 15:45:00,DE-CENTRAL,Central Plant,Paint & Utilities,5188.13,0.22,50.381,281.794,6.153,0.88
2026-01-16 16:00:00,DE-CENTRAL,Central Plant,Paint & Utilities,4850.316,0.22,59.34,325.376,6.533,0.88
2026-01-16 16:15:00,DE-CENTRAL,Central Plant,Paint & Utilities,4781.667,0.22,60.92,338.579,7.726,0.88
2026-01-16 16:30:00,DE-CENTRAL,Central Plant,Paint & Utilities,4952.836,0.22,61.39,348.366,7.507,0.88
2026-01-16 16:45:00,DE-CENTRAL,Central Plant,Paint & Utilities,4806.586,0.22,66.979,382.012,6.684,0.88
2026-01-16 17:00:00,DE-CENTRAL,Central Plant,Paint & Utilities,4833.956,0.22,70.703,372.561,7.082,0.88
2026-01-16 17:15:00,DE-CENTRAL,Central Plant,Paint & Utilities,4953.259,0.22,73.789,427.498,8.106,0.88
2026-01-16 17:30:00,DE-CENTRAL,Central Plant,Paint & Utilities,4790.01,0.22,85.225,404.212,7.53,0.88
2026-01-16 17:45:00,DE-CENTRAL,Central Plant,Paint & Utilities,4639.439,0.22,80.788,425.12,6.675,0.88
2026-01-16 18:00:00,DE-CENTRAL,Central Plant,Paint & Utilities,4701.342,0.22,82.96,431.471,8.293,0.88
2026-01-16 18:15:00,DE-CENTRAL,Central Plant,Paint & Utilities,4910.35,0.22,76.067,442.341,7.448,0.88
2026-01-16 18:30:00,DE-CENTRAL,Central Plant,Paint & Utilities,4642.929,0.22,81.039,448.332,9.751,0.88
2026-01-16 18:45:00,DE-CENTRAL,Central Plant,Paint & Utilities,4895.315,0.22,83.352,436.144,8.858,0.88
2026-01-16 19:00:00,DE-CENTRAL,Central Plant,Paint & Utilities,4806.816,0.22,81.087,456.842,8.196,0.88
2026-01-16 19:15:00,DE-CENTRAL,Central Plant,Paint & Utilities,5226.575,0.22,88.448,435.29,8.415,0.88
2026-01-16 19:30:00,DE-CENTRAL,Central Plant,Paint & Utilities,5353.128,0.22,81.055,431.587,7.635,0.88
2026-01-16 19:45:00,DE-CENTRAL,Central Plant,Paint & Utilities,4970.579,0.22,85.417,412.55,8.22,0.88
2026-01-16 20:00:00,DE-CENTRAL,Central Plant,Paint & Utilities,5145.641,0.22,78.875,422.992,9.711,0.88
2026-01-16 20:15:00,DE-CENTRAL,Central Plant,Paint & Utilities,5013.355,0.22,77.02,410.482,10.552,0.88
2026-01-16 20:30:00,DE-CENTRAL,Central Plant,Paint & Utilities,5164.476,0.22,74.703,398.731,9.466,0.88
2026-01-16 20:45:00,DE-CENTRAL,Central Plant,Paint & Utilities,5489.057,0.22,73.262,390.67,8.839,0.88
2026-01-16 21:00:00,DE-CENTRAL,Central Plant,Paint & Utilities,5244.583,0.22,78.365,426.202,8.527,0.88
2026-01-16 21:15:00,DE-CENTRAL,Central Plant,Paint & Utilities,5312.728,0.22,60.554,385.472,8.065,0.88
2026-01-16 21:30:00,DE-CENTRAL,Central Plant,Paint & Utilities,5210.987,0.22,60.3,366.093,10.061,0.88
2026-01-16 21:45:00,DE-CENTRAL,Central Plant,Paint & Utilities,5543.426,0.22,64.762,370.666,8.352,0.88
2026-01-16 22:00:00,DE-CENTRAL,Central Plant,Paint & Utilities,3405.488,0.22,65.788,374.46,9.811,0.38
2026-01-16 22:15:00,DE-CENTRAL,Central Plant,Paint & Utilities,3791.394,0.22,67.455,378.249,9.133,0.38
2026-01-16 22:30:00,DE-CENTRAL,Central Plant,Paint & Utilities,3905.031,0.22,65.716,375.517,6.748,0.38
2026-01-16 22:45:00,DE-CENTRAL,Central Plant,Paint & Utilities,3814.983,0.22,61.572,374.676,7.293,0.38
2026-01-16 23:00:00,DE-CENTRAL,Central Plant,Paint & Utilities,4011.892,0.22,66.61,356.995,7.067,0.38
2026-01-16 23:15:00,DE-CENTRAL,Central Plant,Paint & Utilities,4043.674,0.22,66.203,367.418,7.241,0.38
2026-01-16 23:30:00,DE-CENTRAL,Central Plant,Paint & Utilities,3704.757,0.22,62.474,351.785,7.002,0.38
2026-01-16 23:45:00,DE-CENTRAL,Central Plant,Paint & Utilities,4091.45,0.22,65.333,354.135,8.875,0.38
2026-01-17 00:00:00,DE-CENTRAL,Central Plant,Paint & Utilities,3390.325,0.22,61.887,348.262,5.746,0.28
2026-01-17 00:15:00,DE-CENTRAL,Central Plant,Paint & Utilities,3700.765,0.22,58.607,345.288,6.372,0.28
2026-01-17 00:30:00,DE-CENTRAL,Central Plant,Paint & Utilities,3533.352,0.22,63.709,372.612,6.345,0.28
2026-01-17 00:45:00,DE-CENTRAL,Central Plant,Paint & Utilities,3442.819,0.22,61.436,368.415,5.606,0.28
2026-01-17 01:00:00,DE-CENTRAL,Central Plant,Paint & Utilities,3433.967,0.22,61.087,372.2,5.371,0.28
2026-01-17 01:15:00,DE-CENTRAL,Central Plant,Paint & Utilities,3481.387,0.22,67.078,361.297,4.244,0.28
2026-01-17 01:30:00,DE-CENTRAL,Central Plant,Paint & Utilities,3472.612,0.22,51.504,370.509,4.727,0.28
2026-01-17 01:45:00,DE-CENTRAL,Central Plant,Paint & Utilities,3301.801,0.22,55.781,340.43,4.685,0.28
2026-01-17 02:00:00,DE-CENTRAL,Central Plant,Paint & Utilities,3372.966,0.22,56.872,372.318,4.229,0.28
2026-01-17 02:15:00,DE-CENTRAL,Central Plant,Paint & Utilities,3282.262,0.22,60.366,364.496,4.072,0.28
2026-01-17 02:30:00,DE-CENTRAL,Central Plant,Paint & Utilities,3194.975,0.22,61.034,370.321,4.336,0.28
2026-01-17 02:45:00,DE-CENTRAL,Central Plant,Paint & Utilities,3239.38,0.22,56.295,367.796,3.68,0.28
2026-01-17 03:00:00,DE-CENTRAL,Central Plant,Paint & Utilities,3199.808,0.22,58.699,351.844,2.756,0.28
2026-01-17 03:15:00,DE-CENTRAL,Central Plant,Paint & Utilities,3304.999,0.22,59.559,346.18,1.573,0.28
2026-01-17 03:30:00,DE-CENTRAL,Central Plant,Paint & Utilities,3398.616,0.22,73.246,356.092,1.667,0.28
2026-01-17 03:45:00,DE-CENTRAL,Central Plant,Paint & Utilities,3350.474,0.22,71.09,371.908,1.635,0.28
2026-01-17 04:00:00,DE-CENTRAL,Central Plant,Paint & Utilities,3580.524,0.22,62.758,373.914,1.677,0.28
2026-01-17 04:15:00,DE-CENTRAL,Central Plant,Paint & Utilities,3064.598,0.22,63.526,349.732,0.887,0.28
2026-01-17 04:30:00,DE-CENTRAL,Central Plant,Paint & Utilities,3423.034,0.22,61.012,354.9,0.301,0.28
2026-01-17 04:45:00,DE-CENTRAL,Central Plant,Paint & Utilities,3380.968,0.22,58.652,358.53,-0.128,0.28
2026-01-17 05:00:00,DE-CENTRAL,Central Plant,Paint & Utilities,3508.114,0.22,66.533,363.466,-0.691,0.28
2026-01-17 05:15:00,DE-CENTRAL,Central Plant,Paint & Utilities,3491.099,0.22,63.758,351.963,0.076,0.28
2026-01-17 05:30:00,DE-CENTRAL,Central Plant,Paint & Utilities,3421.81,0.22,68.179,351.804,-0.996,0.28
2026-01-17 05:45:00,DE-CENTRAL,Central Plant,Paint & Utilities,3481.884,0.22,62.893,359.576,-0.858,0.28
2026-01-17 06:00:00,DE-CENTRAL,Central Plant,Paint & Utilities,3897.686,0.22,67.013,371.048,-0.606,0.46
2026-01-17 06:15:00,DE-CENTRAL,Central Plant,Paint & Utilities,4119.34,0.22,69.501,344.982,-1.42,0.46
2026-01-17 06:30:00,DE-CENTRAL,Central Plant,Paint & Utilities,3806.797,0.22,69.182,346.949,-0.354,0.46
2026-01-17 06:45:00,DE-CENTRAL,Central Plant,Paint & Utilities,4174.147,0.22,68.156,350.334,-0.216,0.46
2026-01-17 07:00:00,DE-CENTRAL,Central Plant,Paint & Utilities,4128.676,0.22,59.922,311.452,-1.214,0.46
2026-01-17 07:15:00,DE-CENTRAL,Central Plant,Paint & Utilities,4101.891,0.22,67.282,314.235,-1.21,0.46
2026-01-17 07:30:00,DE-CENTRAL,Central Plant,Paint & Utilities,4150.937,0.22,59.26,318.893,-0.581,0.46
2026-01-17 07:45:00,DE-CENTRAL,Central Plant,Paint & Utilities,4212.341,0.22,63.527,291.748,-1.489,0.46
2026-01-17 08:00:00,DE-CENTRAL,Central Plant,Paint & Utilities,4427.675,0.22,59.425,280.386,-1.548,0.46
2026-01-17 08:15:00,DE-CENTRAL,Central Plant,Paint & Utilities,4666.632,0.22,52.377,292.111,-0.152,0.46
2026-01-17 08:30:00,DE-CENTRAL,Central Plant,Paint & Utilities,4436.836,0.22,54.985,265.769,-0.338,0.46
2026-01-17 08:45:00,DE-CENTRAL,Central Plant,Paint & Utilities,4231.56,0.22,56.042,274.448,-0.483,0.46
2026-01-17 09:00:00,DE-CENTRAL,Central Plant,Paint & Utilities,4391.595,0.22,55.343,258.583,-0.182,0.46
2026-01-17 09:15:00,DE-CENTRAL,Central Plant,Paint & Utilities,4454.24,0.22,50.635,242.092,-2.119,0.46
2026-01-17 09:30:00,DE-CENTRAL,Central Plant,Paint & Utilities,4197.807,0.22,55.651,245.293,0.328,0.46
2026-01-17 09:45:00,DE-CENTRAL,Central Plant,Paint & Utilities,4169.409,0.22,51.917,237.304,-0.21,0.46
2026-01-17 10:00:00,DE-CENTRAL,Central Plant,Paint & Utilities,4304.822,0.22,45.284,240.251,0.377,0.46
2026-01-17 10:15:00,DE-CENTRAL,Central Plant,Paint & Utilities,4414.439,0.22,47.816,216.608,0.114,0.46
2026-01-17 10:30:00,DE-CENTRAL,Central Plant,Paint & Utilities,4094.863,0.22,51.159,219.541,0.067,0.46
2026-01-17 10:45:00,DE-CENTRAL,Central Plant,Paint & Utilities,4192.542,0.22,49.995,214.859,0.048,0.46
2026-01-17 11:00:00,DE-CENTRAL,Central Plant,Paint & Utilities,4321.08,0.22,36.109,221.309,0.721,0.46
2026-01-17 11:15:00,DE-CENTRAL,Central Plant,Paint & Utilities,4235.396,0.22,36.336,198.55,0.485,0.46
2026-01-17 11:30:00,DE-CENTRAL,Central Plant,Paint & Utilities,4358.144,0.22,45.17,221.796,1.564,0.46
2026-01-17 11:45:00,DE-CENTRAL,Central Plant,Paint & Utilities,4003.438,0.22,34.362,214.693,0.112,0.46
2026-01-17 12:00:00,DE-CENTRAL,Central Plant,Paint & Utilities,4428.212,0.22,32.857,193.58,1.121,0.46
2026-01-17 12:15:00,DE-CENTRAL,Central Plant,Paint & Utilities,3849.795,0.22,35.948,224.969,3.22,0.46
2026-01-17 12:30:00,DE-CENTRAL,Central Plant,Paint & Utilities,3792.303,0.22,39.519,239.185,1.648,0.46
2026-01-17 12:45:00,DE-CENTRAL,Central Plant,Paint & Utilities,3997.192,0.22,37.581,227.147,2.226,0.46
2026-01-17 13:00:00,DE-CENTRAL,Central Plant,Paint & Utilities,3831.687,0.22,35.754,235.867,2.088,0.46
2026-01-17 13:15:00,DE-CENTRAL,Central Plant,Paint & Utilities,3913.027,0.22,36.244,224.284,3.26,0.46
2026-01-17 13:30:00,DE-CENTRAL,Central Plant,Paint & Utilities,3890.635,0.22,36.905,208.769,2.832,0.46
2026-01-17 13:45:00,DE-CENTRAL,Central Plant,Paint & Utilities,3832.432,0.22,37.285,212.992,3.543,0.46
2026-01-17 14:00:00,DE-CENTRAL,Central Plant,Paint & Utilities,3476.663,0.22,51.223,245.6,4.594,0.38
2026-01-17 14:15:00,DE-CENTRAL,Central Plant,Paint & Utilities,3639.722,0.22,44.834,243.891,3.838,0.38
2026-01-17 14:30:00,DE-CENTRAL,Central Plant,Paint & Utilities,3497.368,0.22,49.001,249.541,5.205,0.38
2026-01-17 14:45:00,DE-CENTRAL,Central Plant,Paint & Utilities,3660.326,0.22,45.575,270.37,5.551,0.38
2026-01-17 15:00:00,DE-CENTRAL,Central Plant,Paint & Utilities,3479.367,0.22,49.134,290.204,6.033,0.38
2026-01-17 15:15:00,DE-CENTRAL,Central Plant,Paint & Utilities,3385.871,0.22,49.635,278.146,5.706,0.38
2026-01-17 15:30:00,DE-CENTRAL,Central Plant,Paint & Utilities,3237.255,0.22,44.746,303.977,8.182,0.38
2026-01-17 15:45:00,DE-CENTRAL,Central Plant,Paint & Utilities,3467.398,0.22,52.937,342.209,6.95,0.38
2026-01-17 16:00:00,DE-CENTRAL,Central Plant,Paint & Utilities,3344.325,0.22,54.505,326.742,6.727,0.38
2026-01-17 16:15:00,DE-CENTRAL,Central Plant,Paint & Utilities,3362.928,0.22,56.206,366.313,6.165,0.38
2026-01-17 16:30:00,DE-CENTRAL,Central Plant,Paint & Utilities,3601.832,0.22,63.99,366.775,6.976,0.38
2026-01-17 16:45:00,DE-CENTRAL,Central Plant,Paint & Utilities,3298.486,0.22,77.683,396.124,8.295,0.38
2026-01-17 17:00:00,DE-CENTRAL,Central Plant,Paint & Utilities,3719.693,0.22,75.797,419.745,8.732,0.38
2026-01-17 17:15:00,DE-CENTRAL,Central Plant,Paint & Utilities,3585.764,0.22,84.635,432.237,8.794,0.38
2026-01-17 17:30:00,DE-CENTRAL,Central Plant,Paint & Utilities,3595.422,0.22,84.45,450.517,8.516,0.38
2026-01-17 17:45:00,DE-CENTRAL,Central Plant,Paint & Utilities,3528.854,0.22,89.036,441.306,7.278,0.38
2026-01-17 18:00:00,DE-CENTRAL,Central Plant,Paint & Utilities,3755.381,0.22,85.108,483.038,8.671,0.38
2026-01-17 18:15:00,DE-CENTRAL,Central Plant,Paint & Utilities,3713.331,0.22,91.374,461.392,7.615,0.38
2026-01-17 18:30:00,DE-CENTRAL,Central Plant,Paint & Utilities,3656.816,0.22,92.393,475.454,7.578,0.38
2026-01-17 18:45:00,DE-CENTRAL,Central Plant,Paint & Utilities,3766.348,0.22,86.994,474.887,8.902,0.38
2026-01-17 19:00:00,DE-CENTRAL,Central Plant,Paint & Utilities,3545.69,0.22,90.995,475.821,9.196,0.38
2026-01-17 19:15:00,DE-CENTRAL,Central Plant,Paint & Utilities,3567.534,0.22,90.134,471.103,9.536,0.38
2026-01-17 19:30:00,DE-CENTRAL,Central Plant,Paint & Utilities,3659.771,0.22,84.482,452.974,9.305,0.38
2026-01-17 19:45:00,DE-CENTRAL,Central Plant,Paint & Utilities,3863.443,0.22,80.749,442.096,9.361,0.38
2026-01-17 20:00:00,DE-CENTRAL,Central Plant,Paint & Utilities,3857.572,0.22,78.873,463.311,8.311,0.38
2026-01-17 20:15:00,DE-CENTRAL,Central Plant,Paint & Utilities,3987.082,0.22,82.199,449.188,8.916,0.38
2026-01-17 20:30:00,DE-CENTRAL,Central Plant,Paint & Utilities,3766.012,0.22,81.34,454.643,7.902,0.38
2026-01-17 20:45:00,DE-CENTRAL,Central Plant,Paint & Utilities,3967.507,0.22,75.038,434.184,7.502,0.38
2026-01-17 21:00:00,DE-CENTRAL,Central Plant,Paint & Utilities,3832.348,0.22,76.54,411.883,9.348,0.38
2026-01-17 21:15:00,DE-CENTRAL,Central Plant,Paint & Utilities,3746.646,0.22,77.034,434.661,8.207,0.38
2026-01-17 21:30:00,DE-CENTRAL,Central Plant,Paint & Utilities,3879.957,0.22,75.668,413.355,9.23,0.38
2026-01-17 21:45:00,DE-CENTRAL,Central Plant,Paint & Utilities,3806.265,0.22,77.996,417.12,9.26,0.38
2026-01-17 22:00:00,DE-CENTRAL,Central Plant,Paint & Utilities,3439.291,0.22,75.649,400.988,7.897,0.28
2026-01-17 22:15:00,DE-CENTRAL,Central Plant,Paint & Utilities,3488.279,0.22,65.453,424.767,8.571,0.28
2026-01-17 22:30:00,DE-CENTRAL,Central Plant,Paint & Utilities,3469.068,0.22,75.269,391.315,7.504,0.28
2026-01-17 22:45:00,DE-CENTRAL,Central Plant,Paint & Utilities,3465.867,0.22,65.636,395.071,6.467,0.28
2026-01-17 23:00:00,DE-CENTRAL,Central Plant,Paint & Utilities,3378.579,0.22,71.301,398.136,7.622,0.28
2026-01-17 23:15:00,DE-CENTRAL,Central Plant,Paint & Utilities,3252.939,0.22,66.872,381.852,6.967,0.28
2026-01-17 23:30:00,DE-CENTRAL,Central Plant,Paint & Utilities,3406.372,0.22,64.532,397.364,6.736,0.28
2026-01-17 23:45:00,DE-CENTRAL,Central Plant,Paint & Utilities,3232.381,0.22,58.614,411.451,8.161,0.28
2026-01-18 00:00:00,DE-CENTRAL,Central Plant,Paint & Utilities,3242.893,0.22,64.387,383.327,5.432,0.28
2026-01-18 00:15:00,DE-CENTRAL,Central Plant,Paint & Utilities,3291.165,0.22,58.801,393.594,6.479,0.28
2026-01-18 00:30:00,DE-CENTRAL,Central Plant,Paint & Utilities,3421.52,0.22,68.878,355.482,5.217,0.28
2026-01-18 00:45:00,DE-CENTRAL,Central Plant,Paint & Utilities,3305.019,0.22,71.051,387.615,6.243,0.28
2026-01-18 01:00:00,DE-CENTRAL,Central Plant,Paint & Utilities,3212.146,0.22,61.779,383.917,5.503,0.28
2026-01-18 01:15:00,DE-CENTRAL,Central Plant,Paint & Utilities,3197.166,0.22,66.169,377.428,5.241,0.28
2026-01-18 01:30:00,DE-CENTRAL,Central Plant,Paint & Utilities,3368.362,0.22,62.067,399.789,3.991,0.28
2026-01-18 01:45:00,DE-CENTRAL,Central Plant,Paint & Utilities,2977.495,0.22,62.479,382.445,3.791,0.28
2026-01-18 02:00:00,DE-CENTRAL,Central Plant,Paint & Utilities,3359.006,0.22,68.138,383.764,4.649,0.28
2026-01-18 02:15:00,DE-CENTRAL,Central Plant,Paint & Utilities,3010.915,0.22,64.957,380.889,4.913,0.28
2026-01-18 02:30:00,DE-CENTRAL,Central Plant,Paint & Utilities,3101.72,0.22,72.173,361.923,3.684,0.28
2026-01-18 02:45:00,DE-CENTRAL,Central Plant,Paint & Utilities,3254.291,0.22,63.422,370.838,2.396,0.28
2026-01-18 03:00:00,DE-CENTRAL,Central Plant,Paint & Utilities,3594.017,0.22,69.526,395.441,2.943,0.28
2026-01-18 03:15:00,DE-CENTRAL,Central Plant,Paint & Utilities,3517.804,0.22,66.139,358.063,4.092,0.28
2026-01-18 03:30:00,DE-CENTRAL,Central Plant,Paint & Utilities,3457.904,0.22,69.201,373.652,2.158,0.28
2026-01-18 03:45:00,DE-CENTRAL,Central Plant,Paint & Utilities,3418.03,0.22,64.548,377.508,2.812,0.28
2026-01-18 04:00:00,DE-CENTRAL,Central Plant,Paint & Utilities,3202.012,0.22,66.509,402.675,0.982,0.28
2026-01-18 04:15:00,DE-CENTRAL,Central Plant,Paint & Utilities,3479.399,0.22,66.668,390.414,1.193,0.28
2026-01-18 04:30:00,DE-CENTRAL,Central Plant,Paint & Utilities,3411.228,0.22,64.257,373.937,1.39,0.28
2026-01-18 04:45:00,DE-CENTRAL,Central Plant,Paint & Utilities,3414.518,0.22,70.767,395.703,0.981,0.28
2026-01-18 05:00:00,DE-CENTRAL,Central Plant,Paint & Utilities,3591.697,0.22,71.275,370.582,-0.072,0.28
2026-01-18 05:15:00,DE-CENTRAL,Central Plant,Paint & Utilities,3545.898,0.22,71.634,390.991,-0.326,0.28
2026-01-18 05:30:00,DE-CENTRAL,Central Plant,Paint & Utilities,3718.801,0.22,76.012,361.985,0.725,0.28
2026-01-18 05:45:00,DE-CENTRAL,Central Plant,Paint & Utilities,3388.266,0.22,76.271,390.576,0.677,0.28
2026-01-18 06:00:00,DE-CENTRAL,Central Plant,Paint & Utilities,4218.156,0.22,69.573,372.225,0.728,0.46
2026-01-18 06:15:00,DE-CENTRAL,Central Plant,Paint & Utilities,4120.806,0.22,71.242,352.711,0.778,0.46
2026-01-18 06:30:00,DE-CENTRAL,Central Plant,Paint & Utilities,4234.29,0.22,65.897,350.449,-0.525,0.46
2026-01-18 06:45:00,DE-CENTRAL,Central Plant,Paint & Utilities,4354.347,0.22,67.083,344.481,-0.952,0.46
2026-01-18 07:00:00,DE-CENTRAL,Central Plant,Paint & Utilities,4162.145,0.22,63.136,323.46,0.116,0.46
2026-01-18 07:15:00,DE-CENTRAL,Central Plant,Paint & Utilities,4348.489,0.22,70.504,324.483,-0.405,0.46
2026-01-18 07:30:00,DE-CENTRAL,Central Plant,Paint & Utilities,4336.181,0.22,63.904,299.52,-1.645,0.46
2026-01-18 07:45:00,DE-CENTRAL,Central Plant,Paint & Utilities,4281.974,0.22,59.94,302.929,-1.713,0.46
2026-01-18 08:00:00,DE-CENTRAL,Central Plant,Paint & Utilities,4277.489,0.22,63.887,290.094,-0.656,0.46
2026-01-18 08:15:00,DE-CENTRAL,Central Plant,Paint & Utilities,4320.843,0.22,48.674,273.737,-1.113,0.46
2026-01-18 08:30:00,DE-CENTRAL,Central Plant,Paint & Utilities,4226.997,0.22,47.497,259.273,-0.976,0.46
2026-01-18 08:45:00,DE-CENTRAL,Central Plant,Paint & Utilities,4289.538,0.22,56.898,256.95,-0.153,0.46
2026-01-18 09:00:00,DE-CENTRAL,Central Plant,Paint & Utilities,4236.292,0.22,52.098,252.796,-0.298,0.46
2026-01-18 09:15:00,DE-CENTRAL,Central Plant,Paint & Utilities,4158.174,0.22,50.998,262.533,0.196,0.46
2026-01-18 09:30:00,DE-CENTRAL,Central Plant,Paint & Utilities,4464.128,0.22,42.85,241.233,-1.971,0.46
2026-01-18 09:45:00,DE-CENTRAL,Central Plant,Paint & Utilities,4245.312,0.22,46.262,234.444,-0.307,0.46
2026-01-18 10:00:00,DE-CENTRAL,Central Plant,Paint & Utilities,4101.551,0.22,52.63,253.198,0.156,0.46
2026-01-18 10:15:00,DE-CENTRAL,Central Plant,Paint & Utilities,4170.039,0.22,46.257,216.392,-1.226,0.46
2026-01-18 10:30:00,DE-CENTRAL,Central Plant,Paint & Utilities,3968.711,0.22,42.089,210.767,-0.425,0.46
2026-01-18 10:45:00,DE-CENTRAL,Central Plant,Paint & Utilities,4009.634,0.22,38.227,208.858,-0.348,0.46
2026-01-18 11:00:00,DE-CENTRAL,Central Plant,Paint & Utilities,3973.024,0.22,37.119,184.491,0.48,0.46
2026-01-18 11:15:00,DE-CENTRAL,Central Plant,Paint & Utilities,3791.971,0.22,29.052,188.21,1.843,0.46
2026-01-18 11:30:00,DE-CENTRAL,Central Plant,Paint & Utilities,3959.509,0.22,37.64,185.17,2.372,0.46
2026-01-18 11:45:00,DE-CENTRAL,Central Plant,Paint & Utilities,3861.459,0.22,39.212,197.508,0.652,0.46
2026-01-18 12:00:00,DE-CENTRAL,Central Plant,Paint & Utilities,3829.094,0.22,28.938,186.945,1.869,0.46
2026-01-18 12:15:00,DE-CENTRAL,Central Plant,Paint & Utilities,3775.739,0.22,32.202,190.816,2.18,0.46
2026-01-18 12:30:00,DE-CENTRAL,Central Plant,Paint & Utilities,4206.555,0.22,30.03,203.174,2.358,0.46
2026-01-18 12:45:00,DE-CENTRAL,Central Plant,Paint & Utilities,3726.84,0.22,30.82,202.319,2.672,0.46
2026-01-18 13:00:00,DE-CENTRAL,Central Plant,Paint & Utilities,3535.751,0.22,35.135,192.753,2.919,0.46
2026-01-18 13:15:00,DE-CENTRAL,Central Plant,Paint & Utilities,3563.347,0.22,27.046,190.313,4.206,0.46
2026-01-18 13:30:00,DE-CENTRAL,Central Plant,Paint & Utilities,3869.612,0.22,38.535,216.597,4.119,0.46
2026-01-18 13:45:00,DE-CENTRAL,Central Plant,Paint & Utilities,3979.68,0.22,40.028,217.879,2.931,0.46
2026-01-18 14:00:00,DE-CENTRAL,Central Plant,Paint & Utilities,3471.789,0.22,37.193,195.97,4.557,0.38
2026-01-18 14:15:00,DE-CENTRAL,Central Plant,Paint & Utilities,3727.84,0.22,29.718,219.21,4.952,0.38
2026-01-18 14:30:00,DE-CENTRAL,Central Plant,Paint & Utilities,3680.335,0.22,37.365,233.777,4.873,0.38
2026-01-18 14:45:00,DE-CENTRAL,Central Plant,Paint & Utilities,3562.486,0.22,48.264,251.079,5.767,0.38
2026-01-18 15:00:00,DE-CENTRAL,Central Plant,Paint & Utilities,3586.716,0.22,34.477,263.718,5.426,0.38
2026-01-18 15:15:00,DE-CENTRAL,Central Plant,Paint & Utilities,3662.577,0.22,46.725,268.372,5.748,0.38
2026-01-18 15:30:00,DE-CENTRAL,Central Plant,Paint & Utilities,3774.372,0.22,46.18,285.215,5.998,0.38
2026-01-18 15:45:00,DE-CENTRAL,Central Plant,Paint & Utilities,3772.032,0.22,57.14,293.168,4.799,0.38
2026-01-18 16:00:00,DE-CENTRAL,Central Plant,Paint & Utilities,3626.172,0.22,54.451,299.384,6.444,0.38
2026-01-18 16:15:00,DE-CENTRAL,Central Plant,Paint & Utilities,3723.886,0.22,62.161,320.12,6.31,0.38
2026-01-18 16:30:00,DE-CENTRAL,Central Plant,Paint & Utilities,4030.692,0.22,66.315,339.794,6.213,0.38
2026-01-18 16:45:00,DE-CENTRAL,Central Plant,Paint & Utilities,3788.309,0.22,74.958,355.765,8.301,0.38
2026-01-18 17:00:00,DE-CENTRAL,Central Plant,Paint & Utilities,3903.355,0.22,70.346,350.231,7.888,0.38
2026-01-18 17:15:00,DE-CENTRAL,Central Plant,Paint & Utilities,3888.822,0.22,76.119,384.565,7.738,0.38
2026-01-18 17:30:00,DE-CENTRAL,Central Plant,Paint & Utilities,3879.744,0.22,71.973,406.028,7.571,0.38
2026-01-18 17:45:00,DE-CENTRAL,Central Plant,Paint & Utilities,3857.217,0.22,85.744,417.289,8.365,0.38
2026-01-18 18:00:00,DE-CENTRAL,Central Plant,Paint & Utilities,3955.703,0.22,80.723,432.088,9.024,0.38
2026-01-18 18:15:00,DE-CENTRAL,Central Plant,Paint & Utilities,3969.485,0.22,82.071,442.733,7.905,0.38
2026-01-18 18:30:00,DE-CENTRAL,Central Plant,Paint & Utilities,3899.948,0.22,84.413,424.562,8.616,0.38
2026-01-18 18:45:00,DE-CENTRAL,Central Plant,Paint & Utilities,3761.571,0.22,78.068,417.381,9.342,0.38
2026-01-18 19:00:00,DE-CENTRAL,Central Plant,Paint & Utilities,3940.805,0.22,84.69,430.952,7.474,0.38
2026-01-18 19:15:00,DE-CENTRAL,Central Plant,Paint & Utilities,3842.255,0.22,86.764,441.4,8.864,0.38
2026-01-18 19:30:00,DE-CENTRAL,Central Plant,Paint & Utilities,3804.809,0.22,82.888,448.606,8.657,0.38
2026-01-18 19:45:00,DE-CENTRAL,Central Plant,Paint & Utilities,4164.361,0.22,73.939,433.06,8.896,0.38
2026-01-18 20:00:00,DE-CENTRAL,Central Plant,Paint & Utilities,3613.358,0.22,78.193,400.77,8.649,0.38
2026-01-18 20:15:00,DE-CENTRAL,Central Plant,Paint & Utilities,3898.961,0.22,79.928,409.922,9.086,0.38
2026-01-18 20:30:00,DE-CENTRAL,Central Plant,Paint & Utilities,3612.426,0.22,67.663,409.931,10.304,0.38
2026-01-18 20:45:00,DE-CENTRAL,Central Plant,Paint & Utilities,3750.849,0.22,69.093,403.141,8.677,0.38
2026-01-18 21:00:00,DE-CENTRAL,Central Plant,Paint & Utilities,4024.046,0.22,75.171,401.833,9.034,0.38
2026-01-18 21:15:00,DE-CENTRAL,Central Plant,Paint & Utilities,3517.42,0.22,71.115,379.047,10.131,0.38
2026-01-18 21:30:00,DE-CENTRAL,Central Plant,Paint & Utilities,3562.776,0.22,70.185,385.97,8.234,0.38
2026-01-18 21:45:00,DE-CENTRAL,Central Plant,Paint & Utilities,3585.93,0.22,74.631,385.897,9.755,0.38
2026-01-18 22:00:00,DE-CENTRAL,Central Plant,Paint & Utilities,3194.373,0.22,67.89,386.987,8.334,0.28
2026-01-18 22:15:00,DE-CENTRAL,Central Plant,Paint & Utilities,3363.475,0.22,67.639,364.209,9.405,0.28
2026-01-18 22:30:00,DE-CENTRAL,Central Plant,Paint & Utilities,3180.364,0.22,75.007,367.093,8.492,0.28
2026-01-18 22:45:00,DE-CENTRAL,Central Plant,Paint & Utilities,3322.46,0.22,62.619,336.671,7.974,0.28
2026-01-18 23:00:00,DE-CENTRAL,Central Plant,Paint & Utilities,3062.09,0.22,59.733,360.016,7.49,0.28
2026-01-18 23:15:00,DE-CENTRAL,Central Plant,Paint & Utilities,3000.277,0.22,64.21,359.958,6.86,0.28
2026-01-18 23:30:00,DE-CENTRAL,Central Plant,Paint & Utilities,3183.181,0.22,63.936,353.155,7.097,0.28
2026-01-18 23:45:00,DE-CENTRAL,Central Plant,Paint & Utilities,2996.087,0.22,59.842,366.821,7.406,0.28
2026-01-19 00:00:00,DE-CENTRAL,Central Plant,Paint & Utilities,3684.765,0.22,57.156,362.033,6.491,0.38
2026-01-19 00:15:00,DE-CENTRAL,Central Plant,Paint & Utilities,3307.043,0.22,70.605,336.03,5.99,0.38
2026-01-19 00:30:00,DE-CENTRAL,Central Plant,Paint & Utilities,3379.081,0.22,62.761,366.178,5.738,0.38
2026-01-19 00:45:00,DE-CENTRAL,Central Plant,Paint & Utilities,3558.13,0.22,58.622,352.916,6.302,0.38
2026-01-19 01:00:00,DE-CENTRAL,Central Plant,Paint & Utilities,3445.926,0.22,65.325,370.361,6.152,0.38
2026-01-19 01:15:00,DE-CENTRAL,Central Plant,Paint & Utilities,3382.125,0.22,61.349,349.641,4.508,0.38
2026-01-19 01:30:00,DE-CENTRAL,Central Plant,Paint & Utilities,3862.77,0.22,60.916,365.885,4.185,0.38
2026-01-19 01:45:00,DE-CENTRAL,Central Plant,Paint & Utilities,3487.555,0.22,64.339,362.639,4.593,0.38
2026-01-19 02:00:00,DE-CENTRAL,Central Plant,Paint & Utilities,3603.921,0.22,57.11,370.198,5.069,0.38
2026-01-19 02:15:00,DE-CENTRAL,Central Plant,Paint & Utilities,3643.88,0.22,63.905,368.591,4.475,0.38
2026-01-19 02:30:00,DE-CENTRAL,Central Plant,Paint & Utilities,3838.239,0.22,70.396,364.575,2.471,0.38
2026-01-19 02:45:00,DE-CENTRAL,Central Plant,Paint & Utilities,3827.881,0.22,64.897,349.754,2.84,0.38
2026-01-19 03:00:00,DE-CENTRAL,Central Plant,Paint & Utilities,3712.931,0.22,61.858,351.022,2.054,0.38
2026-01-19 03:15:00,DE-CENTRAL,Central Plant,Paint & Utilities,3803.596,0.22,61.711,362.31,2.206,0.38
2026-01-19 03:30:00,DE-CENTRAL,Central Plant,Paint & Utilities,3821.749,0.22,62.525,369.791,3.21,0.38
2026-01-19 03:45:00,DE-CENTRAL,Central Plant,Paint & Utilities,4032.444,0.22,63.63,363.171,0.793,0.38
2026-01-19 04:00:00,DE-CENTRAL,Central Plant,Paint & Utilities,3824.521,0.22,63.668,378.558,0.367,0.38
2026-01-19 04:15:00,DE-CENTRAL,Central Plant,Paint & Utilities,4248.001,0.22,69.431,368.295,0.642,0.38
2026-01-19 04:30:00,DE-CENTRAL,Central Plant,Paint & Utilities,3902.374,0.22,59.471,360.66,1.157,0.38
2026-01-19 04:45:00,DE-CENTRAL,Central Plant,Paint & Utilities,4015.964,0.22,70.536,369.5,1.138,0.38
2026-01-19 05:00:00,DE-CENTRAL,Central Plant,Paint & Utilities,3891.678,0.22,66.294,376.148,0.771,0.38
2026-01-19 05:15:00,DE-CENTRAL,Central Plant,Paint & Utilities,3876.678,0.22,70.076,377.938,1.064,0.38
2026-01-19 05:30:00,DE-CENTRAL,Central Plant,Paint & Utilities,3990.477,0.22,64.835,397.183,-1.201,0.38
2026-01-19 05:45:00,DE-CENTRAL,Central Plant,Paint & Utilities,3934.293,0.22,75.438,367.219,0.674,0.38
2026-01-19 06:00:00,DE-CENTRAL,Central Plant,Paint & Utilities,5910.871,0.22,75.877,374.967,-0.549,0.98
2026-01-19 06:15:00,DE-CENTRAL,Central Plant,Paint & Utilities,5813.691,0.22,73.581,370.119,0.028,0.98
2026-01-19 06:30:00,DE-CENTRAL,Central Plant,Paint & Utilities,6047.406,0.22,62.497,353.928,-1.546,0.98
2026-01-19 06:45:00,DE-CENTRAL,Central Plant,Paint & Utilities,5815.949,0.22,70.642,337.501,-0.731,0.98
2026-01-19 07:00:00,DE-CENTRAL,Central Plant,Paint & Utilities,5771.453,0.22,67.663,314.36,-0.664,0.98
2026-01-19 07:15:00,DE-CENTRAL,Central Plant,Paint & Utilities,5788.108,0.22,58.281,316.453,-0.095,0.98
2026-01-19 07:30:00,DE-CENTRAL,Central Plant,Paint & Utilities,5974.491,0.22,63.2,299.567,-2.067,0.98
2026-01-19 07:45:00,DE-CENTRAL,Central Plant,Paint & Utilities,5807.955,0.22,63.287,281.883,-0.968,0.98
2026-01-19 08:00:00,DE-CENTRAL,Central Plant,Paint & Utilities,5743.392,0.22,62.521,283.53,-1.76,0.98
2026-01-19 08:15:00,DE-CENTRAL,Central Plant,Paint & Utilities,5501.336,0.22,59.416,271.357,-0.635,0.98
2026-01-19 08:30:00,DE-CENTRAL,Central Plant,Paint & Utilities,5487.256,0.22,58.233,282.18,-0.413,0.98
2026-01-19 08:45:00,DE-CENTRAL,Central Plant,Paint & Utilities,5414.584,0.22,61.287,274.089,-0.003,0.98
2026-01-19 09:00:00,DE-CENTRAL,Central Plant,Paint & Utilities,5728.68,0.22,58.599,248.216,-1.204,0.98
2026-01-19 09:15:00,DE-CENTRAL,Central Plant,Paint & Utilities,5560.574,0.22,40.525,248.648,-0.086,0.98
2026-01-19 09:30:00,DE-CENTRAL,Central Plant,Paint & Utilities,5333.669,0.22,49.039,222.734,0.333,0.98
2026-01-19 09:45:00,DE-CENTRAL,Central Plant,Paint & Utilities,5383.181,0.22,48.003,232.947,-1.635,0.98
2026-01-19 10:00:00,DE-CENTRAL,Central Plant,Paint & Utilities,5277.163,0.22,40.065,238.128,0.099,0.98
2026-01-19 10:15:00,DE-CENTRAL,Central Plant,Paint & Utilities,5233.418,0.22,45.943,238.339,0.514,0.98
2026-01-19 10:30:00,DE-CENTRAL,Central Plant,Paint & Utilities,5400.495,0.22,49.156,215.648,-0.148,0.98
2026-01-19 10:45:00,DE-CENTRAL,Central Plant,Paint & Utilities,5301.767,0.22,38.529,233.277,-0.607,0.98
2026-01-19 11:00:00,DE-CENTRAL,Central Plant,Paint & Utilities,5554.171,0.22,43.073,199.622,1.125,0.98
2026-01-19 11:15:00,DE-CENTRAL,Central Plant,Paint & Utilities,5476.949,0.22,37.07,200.719,-0.136,0.98
2026-01-19 11:30:00,DE-CENTRAL,Central Plant,Paint & Utilities,5466.236,0.22,37.217,222.829,0.831,0.98
2026-01-19 11:45:00,DE-CENTRAL,Central Plant,Paint & Utilities,5387.576,0.22,45.162,233.747,1.194,0.98
2026-01-19 12:00:00,DE-CENTRAL,Central Plant,Paint & Utilities,5246.328,0.22,36.615,219.773,2.001,0.98
2026-01-19 12:15:00,DE-CENTRAL,Central Plant,Paint & Utilities,5415.501,0.22,40.361,214.319,1.35,0.98
2026-01-19 12:30:00,DE-CENTRAL,Central Plant,Paint & Utilities,5317.431,0.22,30.953,190.228,1.607,0.98
2026-01-19 12:45:00,DE-CENTRAL,Central Plant,Paint & Utilities,5582.833,0.22,46.019,194.906,2.462,0.98
2026-01-19 13:00:00,DE-CENTRAL,Central Plant,Paint & Utilities,5441.428,0.22,41.324,224.196,3.41,0.98
2026-01-19 13:15:00,DE-CENTRAL,Central Plant,Paint & Utilities,5435.156,0.22,38.747,222.709,4.626,0.98
2026-01-19 13:30:00,DE-CENTRAL,Central Plant,Paint & Utilities,5517.393,0.22,42.569,219.025,2.292,0.98
2026-01-19 13:45:00,DE-CENTRAL,Central Plant,Paint & Utilities,5729.719,0.22,35.653,239.333,3.894,0.98
2026-01-19 14:00:00,DE-CENTRAL,Central Plant,Paint & Utilities,5090.025,0.22,47.292,247.179,3.239,0.88
2026-01-19 14:15:00,DE-CENTRAL,Central Plant,Paint & Utilities,5506.991,0.22,42.789,265.415,5.04,0.88
2026-01-19 14:30:00,DE-CENTRAL,Central Plant,Paint & Utilities,5315.831,0.22,45.054,265.069,3.996,0.88
2026-01-19 14:45:00,DE-CENTRAL,Central Plant,Paint & Utilities,5188.024,0.22,45.956,288.599,4.503,0.88
2026-01-19 15:00:00,DE-CENTRAL,Central Plant,Paint & Utilities,5299.465,0.22,47.92,285.468,4.882,0.88
2026-01-19 15:15:00,DE-CENTRAL,Central Plant,Paint & Utilities,5202.37,0.22,55.606,296.566,5.554,0.88
2026-01-19 15:30:00,DE-CENTRAL,Central Plant,Paint & Utilities,5511.522,0.22,56.689,324.319,6.14,0.88
2026-01-19 15:45:00,DE-CENTRAL,Central Plant,Paint & Utilities,5310.523,0.22,61.341,314.344,6.55,0.88
2026-01-19 16:00:00,DE-CENTRAL,Central Plant,Paint & Utilities,5484.962,0.22,61.97,375.222,6.496,0.88
2026-01-19 16:15:00,DE-CENTRAL,Central Plant,Paint & Utilities,5637.19,0.22,67.488,361.987,5.847,0.88
2026-01-19 16:30:00,DE-CENTRAL,Central Plant,Paint & Utilities,5373.5,0.22,67.297,378.575,7.553,0.88
2026-01-19 16:45:00,DE-CENTRAL,Central Plant,Paint & Utilities,5433.46,0.22,81.476,397.091,7.26,0.88
2026-01-19 17:00:00,DE-CENTRAL,Central Plant,Paint & Utilities,5270.572,0.22,69.848,430.119,8.349,0.88
2026-01-19 17:15:00,DE-CENTRAL,Central Plant,Paint & Utilities,5402.447,0.22,84.633,433.668,7.264,0.88
2026-01-19 17:30:00,DE-CENTRAL,Central Plant,Paint & Utilities,5773.518,0.22,88.366,420.961,6.845,0.88
2026-01-19 17:45:00,DE-CENTRAL,Central Plant,Paint & Utilities,5491.404,0.22,82.556,472.38,8.134,0.88
2026-01-19 18:00:00,DE-CENTRAL,Central Plant,Paint & Utilities,5304.721,0.22,97.659,465.794,9.237,0.88
2026-01-19 18:15:00,DE-CENTRAL,Central Plant,Paint & Utilities,5244.093,0.22,93.261,472.919,8.597,0.88
2026-01-19 18:30:00,DE-CENTRAL,Central Plant,Paint & Utilities,5283.848,0.22,93.335,456.794,8.48,0.88
2026-01-19 18:45:00,DE-CENTRAL,Central Plant,Paint & Utilities,5275.619,0.22,89.356,477.705,8.125,0.88
2026-01-19 19:00:00,DE-CENTRAL,Central Plant,Paint & Utilities,5118.082,0.22,87.802,461.584,10.06,0.88
2026-01-19 19:15:00,DE-CENTRAL,Central Plant,Paint & Utilities,5241.543,0.22,86.917,467.461,8.183,0.88
2026-01-19 19:30:00,DE-CENTRAL,Central Plant,Paint & Utilities,5002.771,0.22,88.099,458.69,8.449,0.88
2026-01-19 19:45:00,DE-CENTRAL,Central Plant,Paint & Utilities,4936.615,0.22,90.674,480.195,9.388,0.88
2026-01-19 20:00:00,DE-CENTRAL,Central Plant,Paint & Utilities,5104.637,0.22,84.135,475.233,7.701,0.88
2026-01-19 20:15:00,DE-CENTRAL,Central Plant,Paint & Utilities,4816.195,0.22,77.979,445.922,9.882,0.88
2026-01-19 20:30:00,DE-CENTRAL,Central Plant,Paint & Utilities,5032.726,0.22,83.075,439.831,9.394,0.88
2026-01-19 20:45:00,DE-CENTRAL,Central Plant,Paint & Utilities,4901.037,0.22,81.61,428.26,9.533,0.88
2026-01-19 21:00:00,DE-CENTRAL,Central Plant,Paint & Utilities,4647.962,0.22,78.742,439.848,9.22,0.88
2026-01-19 21:15:00,DE-CENTRAL,Central Plant,Paint & Utilities,4884.816,0.22,77.397,416.764,8.622,0.88
2026-01-19 21:30:00,DE-CENTRAL,Central Plant,Paint & Utilities,4654.713,0.22,71.749,410.203,7.875,0.88
2026-01-19 21:45:00,DE-CENTRAL,Central Plant,Paint & Utilities,4932.215,0.22,67.683,422.037,8.386,0.88
2026-01-19 22:00:00,DE-CENTRAL,Central Plant,Paint & Utilities,3431.601,0.22,66.654,399.398,7.647,0.38
2026-01-19 22:15:00,DE-CENTRAL,Central Plant,Paint & Utilities,3677.958,0.22,62.477,401.508,8.498,0.38
2026-01-19 22:30:00,DE-CENTRAL,Central Plant,Paint & Utilities,3581.126,0.22,69.019,379.613,8.532,0.38
2026-01-19 22:45:00,DE-CENTRAL,Central Plant,Paint & Utilities,3310.714,0.22,66.939,404.158,8.793,0.38
2026-01-19 23:00:00,DE-CENTRAL,Central Plant,Paint & Utilities,3224.072,0.22,64.85,416.561,7.796,0.38
2026-01-19 23:15:00,DE-CENTRAL,Central Plant,Paint & Utilities,3397.613,0.22,54.244,399.879,7.944,0.38
2026-01-19 23:30:00,DE-CENTRAL,Central Plant,Paint & Utilities,3384.076,0.22,60.636,407.051,6.836,0.38
2026-01-19 23:45:00,DE-CENTRAL,Central Plant,Paint & Utilities,3804.479,0.22,69.751,377.916,6.443,0.38
2026-01-20 00:00:00,DE-CENTRAL,Central Plant,Paint & Utilities,3586.267,0.22,61.817,387.866,6.832,0.38
2026-01-20 00:15:00,DE-CENTRAL,Central Plant,Paint & Utilities,3755.388,0.22,65.864,373.211,5.941,0.38
2026-01-20 00:30:00,DE-CENTRAL,Central Plant,Paint & Utilities,3625.245,0.22,58.809,381.284,6.102,0.38
2026-01-20 00:45:00,DE-CENTRAL,Central Plant,Paint & Utilities,3698.51,0.22,70.083,392.762,4.864,0.38
2026-01-20 01:00:00,DE-CENTRAL,Central Plant,Paint & Utilities,3752.332,0.22,63.718,384.184,4.677,0.38
2026-01-20 01:15:00,DE-CENTRAL,Central Plant,Paint & Utilities,3910.137,0.22,65.431,365.469,5.42,0.38
2026-01-20 01:30:00,DE-CENTRAL,Central Plant,Paint & Utilities,3841.914,0.22,73.565,366.089,5.273,0.38
2026-01-20 01:45:00,DE-CENTRAL,Central Plant,Paint & Utilities,3734.846,0.22,70.338,364.737,3.637,0.38
2026-01-20 02:00:00,DE-CENTRAL,Central Plant,Paint & Utilities,4082.779,0.22,63.078,386.642,4.469,0.38
2026-01-20 02:15:00,DE-CENTRAL,Central Plant,Paint & Utilities,3890.359,0.22,61.99,404.938,3.3,0.38
2026-01-20 02:30:00,DE-CENTRAL,Central Plant,Paint & Utilities,3888.93,0.22,63.15,395.941,3.359,0.38
2026-01-20 02:45:00,DE-CENTRAL,Central Plant,Paint & Utilities,3587.782,0.22,66.617,356.255,4.016,0.38
2026-01-20 03:00:00,DE-CENTRAL,Central Plant,Paint & Utilities,4060.863,0.22,64.323,395.47,3.271,0.38
2026-01-20 03:15:00,DE-CENTRAL,Central Plant,Paint & Utilities,4010.07,0.22,63.374,389.06,2.95,0.38
2026-01-20 03:30:00,DE-CENTRAL,Central Plant,Paint & Utilities,4003.851,0.22,71.083,358.683,3.423,0.38
2026-01-20 03:45:00,DE-CENTRAL,Central Plant,Paint & Utilities,3991.72,0.22,65.069,372.988,1.296,0.38
2026-01-20 04:00:00,DE-CENTRAL,Central Plant,Paint & Utilities,3977.964,0.22,75.088,389.171,0.81,0.38
2026-01-20 04:15:00,DE-CENTRAL,Central Plant,Paint & Utilities,3998.688,0.22,66.668,382.027,0.717,0.38
2026-01-20 04:30:00,DE-CENTRAL,Central Plant,Paint & Utilities,4091.522,0.22,73.914,359.109,0.778,0.38
2026-01-20 04:45:00,DE-CENTRAL,Central Plant,Paint & Utilities,4139.547,0.22,68.715,381.544,-0.945,0.38
2026-01-20 05:00:00,DE-CENTRAL,Central Plant,Paint & Utilities,3978.93,0.22,71.69,347.963,0.319,0.38
2026-01-20 05:15:00,DE-CENTRAL,Central Plant,Paint & Utilities,4117.897,0.22,65.523,370.338,-0.14,0.38
2026-01-20 05:30:00,DE-CENTRAL,Central Plant,Paint & Utilities,3944.273,0.22,65.61,386.07,0.582,0.38
2026-01-20 05:45:00,DE-CENTRAL,Central Plant,Paint & Utilities,3874.437,0.22,71.473,372.04,0.089,0.38
2026-01-20 06:00:00,DE-CENTRAL,Central Plant,Paint & Utilities,5755.61,0.22,74.188,365.24,-0.751,0.98
2026-01-20 06:15:00,DE-CENTRAL,Central Plant,Paint & Utilities,5495.576,0.22,69.074,369.867,-0.071,0.98
2026-01-20 06:30:00,DE-CENTRAL,Central Plant,Paint & Utilities,5653.8,0.22,62.412,358.914,-0.113,0.98
2026-01-20 06:45:00,DE-CENTRAL,Central Plant,Paint & Utilities,5409.831,0.22,60.718,351.063,-1.273,0.98
2026-01-20 07:00:00,DE-CENTRAL,Central Plant,Paint & Utilities,5428.778,0.22,59.002,334.113,-1.175,0.98
2026-01-20 07:15:00,DE-CENTRAL,Central Plant,Paint & Utilities,5291.122,0.22,56.134,325.076,-2.462,0.98
2026-01-20 07:30:00,DE-CENTRAL,Central Plant,Paint & Utilities,5469.163,0.22,62.075,309.623,-1.721,0.98
2026-01-20 07:45:00,DE-CENTRAL,Central Plant,Paint & Utilities,5656.169,0.22,64.507,293.038,-1.509,0.98
2026-01-20 08:00:00,DE-CENTRAL,Central Plant,Paint & Utilities,5391.566,0.22,58.263,280.29,-0.948,0.98
2026-01-20 08:15:00,DE-CENTRAL,Central Plant,Paint & Utilities,5479.552,0.22,47.529,266.117,-1.651,0.98
2026-01-20 08:30:00,DE-CENTRAL,Central Plant,Paint & Utilities,5669.163,0.22,54.014,244.592,-1.317,0.98
2026-01-20 08:45:00,DE-CENTRAL,Central Plant,Paint & Utilities,5417.269,0.22,52.299,238.319,-1.762,0.98
2026-01-20 09:00:00,DE-CENTRAL,Central Plant,Paint & Utilities,5235.116,0.22,59.489,237.548,-0.71,0.98
2026-01-20 09:15:00,DE-CENTRAL,Central Plant,Paint & Utilities,5244.784,0.22,43.43,235.521,-0.437,0.98
2026-01-20 09:30:00,DE-CENTRAL,Central Plant,Paint & Utilities,5327.714,0.22,45.869,242.182,-0.338,0.98
2026-01-20 09:45:00,DE-CENTRAL,Central Plant,Paint & Utilities,5261.877,0.22,52.469,217.268,-0.476,0.98
2026-01-20 10:00:00,DE-CENTRAL,Central Plant,Paint & Utilities,5311.628,0.22,45.723,223.327,-1.409,0.98
2026-01-20 10:15:00,DE-CENTRAL,Central Plant,Paint & Utilities,5512.423,0.22,44.538,218.419,-0.591,0.98
2026-01-20 10:30:00,DE-CENTRAL,Central Plant,Paint & Utilities,5538.475,0.22,41.21,197.563,-0.252,0.98
2026-01-20 10:45:00,DE-CENTRAL,Central Plant,Paint & Utilities,5226.348,0.22,40.663,203.064,-0.042,0.98
2026-01-20 11:00:00,DE-CENTRAL,Central Plant,Paint & Utilities,5356.407,0.22,41.187,189.328,0.517,0.98
2026-01-20 11:15:00,DE-CENTRAL,Central Plant,Paint & Utilities,5414.237,0.22,33.729,205.193,1.701,0.98
2026-01-20 11:30:00,DE-CENTRAL,Central Plant,Paint & Utilities,5597.569,0.22,39.541,194.809,1.525,0.98
2026-01-20 11:45:00,DE-CENTRAL,Central Plant,Paint & Utilities,5735.9,0.22,29.778,171.535,0.531,0.98
2026-01-20 12:00:00,DE-CENTRAL,Central Plant,Paint & Utilities,5945.775,0.22,36.016,187.21,1.975,0.98
2026-01-20 12:15:00,DE-CENTRAL,Central Plant,Paint & Utilities,5581.107,0.22,35.048,205.329,2.237,0.98
2026-01-20 12:30:00,DE-CENTRAL,Central Plant,Paint & Utilities,5648.904,0.22,31.703,184.507,1.522,0.98
2026-01-20 12:45:00,DE-CENTRAL,Central Plant,Paint & Utilities,5783.971,0.22,34.123,194.057,2.987,0.98
2026-01-20 13:00:00,DE-CENTRAL,Central Plant,Paint & Utilities,5670.588,0.22,31.987,198.138,2.594,0.98
2026-01-20 13:15:00,DE-CENTRAL,Central Plant,Paint & Utilities,5788.376,0.22,30.678,182.982,2.038,0.98
2026-01-20 13:30:00,DE-CENTRAL,Central Plant,Paint & Utilities,5745.292,0.22,34.27,206.348,3.666,0.98
2026-01-20 13:45:00,DE-CENTRAL,Central Plant,Paint & Utilities,5485.957,0.22,32.229,189.292,3.825,0.98
2026-01-20 14:00:00,DE-CENTRAL,Central Plant,Paint & Utilities,5543.476,0.22,39.147,205.347,3.841,0.88
2026-01-20 14:15:00,DE-CENTRAL,Central Plant,Paint & Utilities,5506.805,0.22,34.725,233.673,4.301,0.88
2026-01-20 14:30:00,DE-CENTRAL,Central Plant,Paint & Utilities,5703.115,0.22,43.911,234.057,4.149,0.88
2026-01-20 14:45:00,DE-CENTRAL,Central Plant,Paint & Utilities,5512.851,0.22,38.346,236.256,5.403,0.88
2026-01-20 15:00:00,DE-CENTRAL,Central Plant,Paint & Utilities,5350.532,0.22,43.091,256.525,5.264,0.88
2026-01-20 15:15:00,DE-CENTRAL,Central Plant,Paint & Utilities,5455.525,0.22,45.412,262.81,5.724,0.88
2026-01-20 15:30:00,DE-CENTRAL,Central Plant,Paint & Utilities,5194.385,0.22,56.024,277.106,6.163,0.88
2026-01-20 15:45:00,DE-CENTRAL,Central Plant,Paint & Utilities,5302.471,0.22,55.095,299.242,5.403,0.88
2026-01-20 16:00:00,DE-CENTRAL,Central Plant,Paint & Utilities,5499.169,0.22,56.184,297.904,5.874,0.88
2026-01-20 16:15:00,DE-CENTRAL,Central Plant,Paint & Utilities,5370.135,0.22,62.449,323.103,5.231,0.88
2026-01-20 16:30:00,DE-CENTRAL,Central Plant,Paint & Utilities,5430.553,0.22,55.562,335.384,7.439,0.88
2026-01-20 16:45:00,DE-CENTRAL,Central Plant,Paint & Utilities,5047.092,0.22,67.407,336.922,6.448,0.88
2026-01-20 17:00:00,DE-CENTRAL,Central Plant,Paint & Utilities,5197.474,0.22,79.144,361.782,7.628,0.88
2026-01-20 17:15:00,DE-CENTRAL,Central Plant,Paint & Utilities,5115.751,0.22,75.169,408.326,8.019,0.88
2026-01-20 17:30:00,DE-CENTRAL,Central Plant,Paint & Utilities,5246.139,0.22,78.238,410.346,8.388,0.88
2026-01-20 17:45:00,DE-CENTRAL,Central Plant,Paint & Utilities,5192.851,0.22,83.258,405.36,7.315,0.88
2026-01-20 18:00:00,DE-CENTRAL,Central Plant,Paint & Utilities,5123.863,0.22,87.459,417.345,8.285,0.88
2026-01-20 18:15:00,DE-CENTRAL,Central Plant,Paint & Utilities,5165.831,0.22,76.464,436.511,9.654,0.88
2026-01-20 18:30:00,DE-CENTRAL,Central Plant,Paint & Utilities,4881.385,0.22,77.941,457.422,9.819,0.88
2026-01-20 18:45:00,DE-CENTRAL,Central Plant,Paint & Utilities,5074.548,0.22,85.357,436.053,9.426,0.88
2026-01-20 19:00:00,DE-CENTRAL,Central Plant,Paint & Utilities,4750.637,0.22,81.14,452.386,9.066,0.88
2026-01-20 19:15:00,DE-CENTRAL,Central Plant,Paint & Utilities,4742.386,0.22,88.394,438.221,8.2,0.88
2026-01-20 19:30:00,DE-CENTRAL,Central Plant,Paint & Utilities,4926.926,0.22,80.736,435.969,9.46,0.88
2026-01-20 19:45:00,DE-CENTRAL,Central Plant,Paint & Utilities,4639.771,0.22,72.863,409.795,8.879,0.88
2026-01-20 20:00:00,DE-CENTRAL,Central Plant,Paint & Utilities,4885.038,0.22,73.95,431.976,9.392,0.88
2026-01-20 20:15:00,DE-CENTRAL,Central Plant,Paint & Utilities,4844.091,0.22,66.322,411.212,8.546,0.88
2026-01-20 20:30:00,DE-CENTRAL,Central Plant,Paint & Utilities,4965.904,0.22,74.625,419.911,8.836,0.88
2026-01-20 20:45:00,DE-CENTRAL,Central Plant,Paint & Utilities,4828.372,0.22,73.05,394.121,9.019,0.88
2026-01-20 21:00:00,DE-CENTRAL,Central Plant,Paint & Utilities,4860.432,0.22,70.403,400.542,9.002,0.88
2026-01-20 21:15:00,DE-CENTRAL,Central Plant,Paint & Utilities,4938.766,0.22,74.812,397.503,9.08,0.88
2026-01-20 21:30:00,DE-CENTRAL,Central Plant,Paint & Utilities,4837.603,0.22,73.816,386.737,8.214,0.88
2026-01-20 21:45:00,DE-CENTRAL,Central Plant,Paint & Utilities,4880.07,0.22,67.02,389.266,7.544,0.88
2026-01-20 22:00:00,DE-CENTRAL,Central Plant,Paint & Utilities,3585.746,0.22,58.008,377.599,9.467,0.38
2026-01-20 22:15:00,DE-CENTRAL,Central Plant,Paint & Utilities,3538.634,0.22,68.03,369.961,9.9,0.38
2026-01-20 22:30:00,DE-CENTRAL,Central Plant,Paint & Utilities,3558.432,0.22,66.96,394.523,8.28,0.38
2026-01-20 22:45:00,DE-CENTRAL,Central Plant,Paint & Utilities,3664.708,0.22,65.307,385.872,6.832,0.38
2026-01-20 23:00:00,DE-CENTRAL,Central Plant,Paint & Utilities,3905.265,0.22,67.466,362.651,6.994,0.38
2026-01-20 23:15:00,DE-CENTRAL,Central Plant,Paint & Utilities,3660.044,0.22,58.475,377.516,7.653,0.38
2026-01-20 23:30:00,DE-CENTRAL,Central Plant,Paint & Utilities,3678.003,0.22,70.868,361.052,7.983,0.38
2026-01-20 23:45:00,DE-CENTRAL,Central Plant,Paint & Utilities,3597.92,0.22,58.782,355.316,5.929,0.38
2026-01-21 00:00:00,DE-CENTRAL,Central Plant,Paint & Utilities,3824.749,0.22,64.971,379.927,6.413,0.38
2026-01-21 00:15:00,DE-CENTRAL,Central Plant,Paint & Utilities,3939.069,0.22,55.321,347.622,6.349,0.38
2026-01-21 00:30:00,DE-CENTRAL,Central Plant,Paint & Utilities,3978.465,0.22,58.452,379.752,6.519,0.38
2026-01-21 00:45:00,DE-CENTRAL,Central Plant,Paint & Utilities,3930.481,0.22,68.351,366.163,5.367,0.38
2026-01-21 01:00:00,DE-CENTRAL,Central Plant,Paint & Utilities,4079.974,0.22,61.365,367.229,4.199,0.38
2026-01-21 01:15:00,DE-CENTRAL,Central Plant,Paint & Utilities,4031.634,0.22,65.906,375.264,5.41,0.38
2026-01-21 01:30:00,DE-CENTRAL,Central Plant,Paint & Utilities,4084.705,0.22,63.647,377.905,5.44,0.38
2026-01-21 01:45:00,DE-CENTRAL,Central Plant,Paint & Utilities,4097.171,0.22,62.454,361.604,4.269,0.38
2026-01-21 02:00:00,DE-CENTRAL,Central Plant,Paint & Utilities,4167.904,0.22,68.526,380.726,4.284,0.38
2026-01-21 02:15:00,DE-CENTRAL,Central Plant,Paint & Utilities,3960.842,0.22,62.35,374.071,3.341,0.38
2026-01-21 02:30:00,DE-CENTRAL,Central Plant,Paint & Utilities,3815.321,0.22,56.432,358.237,2.755,0.38
2026-01-21 02:45:00,DE-CENTRAL,Central Plant,Paint & Utilities,4029.547,0.22,60.637,371.873,3.743,0.38
2026-01-21 03:00:00,DE-CENTRAL,Central Plant,Paint & Utilities,4043.373,0.22,66.391,391.09,2.977,0.38
2026-01-21 03:15:00,DE-CENTRAL,Central Plant,Paint & Utilities,4127.197,0.22,66.151,395.237,2.736,0.38
2026-01-21 03:30:00,DE-CENTRAL,Central Plant,Paint & Utilities,4055.421,0.22,58.731,384.329,3.138,0.38
2026-01-21 03:45:00,DE-CENTRAL,Central Plant,Paint & Utilities,4162.709,0.22,62.585,362.039,1.05,0.38
2026-01-21 04:00:00,DE-CENTRAL,Central Plant,Paint & Utilities,3963.039,0.22,63.691,382.811,1.114,0.38
2026-01-21 04:15:00,DE-CENTRAL,Central Plant,Paint & Utilities,3877.758,0.22,65.144,387.733,1.333,0.38
2026-01-21 04:30:00,DE-CENTRAL,Central Plant,Paint & Utilities,3659.934,0.22,61.74,386.827,0.561,0.38
2026-01-21 04:45:00,DE-CENTRAL,Central Plant,Paint & Utilities,3828.857,0.22,65.414,388.129,1.251,0.38
2026-01-21 05:00:00,DE-CENTRAL,Central Plant,Paint & Utilities,3711.613,0.22,65.736,383.656,0.333,0.38
2026-01-21 05:15:00,DE-CENTRAL,Central Plant,Paint & Utilities,3799.791,0.22,72.489,379.011,-0.454,0.38
2026-01-21 05:30:00,DE-CENTRAL,Central Plant,Paint & Utilities,3740.847,0.22,73.41,373.156,0.079,0.38
2026-01-21 05:45:00,DE-CENTRAL,Central Plant,Paint & Utilities,3773.262,0.22,70.366,358.251,-0.038,0.38
2026-01-21 06:00:00,DE-CENTRAL,Central Plant,Paint & Utilities,5362.543,0.22,70.146,385.665,0.324,0.98
2026-01-21 06:15:00,DE-CENTRAL,Central Plant,Paint & Utilities,5481.289,0.22,71.116,372.931,-0.209,0.98
2026-01-21 06:30:00,DE-CENTRAL,Central Plant,Paint & Utilities,4996.952,0.22,66.095,366.539,-0.297,0.98
2026-01-21 06:45:00,DE-CENTRAL,Central Plant,Paint & Utilities,5359.56,0.22,63.535,333.037,-0.51,0.98
2026-01-21 07:00:00,DE-CENTRAL,Central Plant,Paint & Utilities,5491.876,0.22,63.07,346.202,-0.961,0.98
2026-01-21 07:15:00,DE-CENTRAL,Central Plant,Paint & Utilities,5586.55,0.22,62.939,352.675,-1.405,0.98
2026-01-21 07:30:00,DE-CENTRAL,Central Plant,Paint & Utilities,5431.274,0.22,59.409,318.751,-0.755,0.98
2026-01-21 07:45:00,DE-CENTRAL,Central Plant,Paint & Utilities,5575.843,0.22,63.23,307.133,-1.222,0.98
2026-01-21 08:00:00,DE-CENTRAL,Central Plant,Paint & Utilities,5366.861,0.22,63.955,301.964,0.183,0.98
2026-01-21 08:15:00,DE-CENTRAL,Central Plant,Paint & Utilities,5375.109,0.22,53.084,313.389,-0.05,0.98
2026-01-21 08:30:00,DE-CENTRAL,Central Plant,Paint & Utilities,5482.554,0.22,57.879,267.865,-0.514,0.98
2026-01-21 08:45:00,DE-CENTRAL,Central Plant,Paint & Utilities,5451.532,0.22,55.207,274.177,-0.639,0.98
2026-01-21 09:00:00,DE-CENTRAL,Central Plant,Paint & Utilities,5396.172,0.22,55.739,254.213,-0.891,0.98
2026-01-21 09:15:00,DE-CENTRAL,Central Plant,Paint & Utilities,5488.855,0.22,52.602,249.83,-1.617,0.98
2026-01-21 09:30:00,DE-CENTRAL,Central Plant,Paint & Utilities,5436.051,0.22,45.137,248.933,-0.771,0.98
2026-01-21 09:45:00,DE-CENTRAL,Central Plant,Paint & Utilities,5681.803,0.22,44.235,259.41,-0.413,0.98
2026-01-21 10:00:00,DE-CENTRAL,Central Plant,Paint & Utilities,5655.813,0.22,47.795,259.176,-0.17,0.98
2026-01-21 10:15:00,DE-CENTRAL,Central Plant,Paint & Utilities,5645.708,0.22,50.264,237.899,0.171,0.98
2026-01-21 10:30:00,DE-CENTRAL,Central Plant,Paint & Utilities,5651.451,0.22,35.866,223.618,0.678,0.98
2026-01-21 10:45:00,DE-CENTRAL,Central Plant,Paint & Utilities,5852.304,0.22,44.798,254.347,-0.244,0.98
2026-01-21 11:00:00,DE-CENTRAL,Central Plant,Paint & Utilities,5920.977,0.22,47.004,216.302,-0.014,0.98
2026-01-21 11:15:00,DE-CENTRAL,Central Plant,Paint & Utilities,5671.034,0.22,40.616,212.297,1.719,0.98
2026-01-21 11:30:00,DE-CENTRAL,Central Plant,Paint & Utilities,5687.118,0.22,42.576,196.308,1.496,0.98
2026-01-21 11:45:00,DE-CENTRAL,Central Plant,Paint & Utilities,6011.762,0.22,36.886,233.572,0.949,0.98
2026-01-21 12:00:00,DE-CENTRAL,Central Plant,Paint & Utilities,5723.266,0.22,38.73,228.421,1.425,0.98
2026-01-21 12:15:00,DE-CENTRAL,Central Plant,Paint & Utilities,5975.295,0.22,32.424,246.591,1.717,0.98
2026-01-21 12:30:00,DE-CENTRAL,Central Plant,Paint & Utilities,6109.78,0.22,29.431,202.49,2.109,0.98
2026-01-21 12:45:00,DE-CENTRAL,Central Plant,Paint & Utilities,6096.352,0.22,42.685,239.083,2.724,0.98
2026-01-21 13:00:00,DE-CENTRAL,Central Plant,Paint & Utilities,5936.324,0.22,35.291,225.709,4.48,0.98
2026-01-21 13:15:00,DE-CENTRAL,Central Plant,Paint & Utilities,5952.462,0.22,37.945,238.714,3.157,0.98
2026-01-21 13:30:00,DE-CENTRAL,Central Plant,Paint & Utilities,6115.433,0.22,34.984,214.365,3.811,0.98
2026-01-21 13:45:00,DE-CENTRAL,Central Plant,Paint & Utilities,5538.44,0.22,35.888,257.814,2.492,0.98
2026-01-21 14:00:00,DE-CENTRAL,Central Plant,Paint & Utilities,5411.005,0.22,42.074,256.691,3.661,0.88
2026-01-21 14:15:00,DE-CENTRAL,Central Plant,Paint & Utilities,5509.698,0.22,41.347,254.873,5.187,0.88
2026-01-21 14:30:00,DE-CENTRAL,Central Plant,Paint & Utilities,5328.719,0.22,47.533,272.23,4.934,0.88
2026-01-21 14:45:00,DE-CENTRAL,Central Plant,Paint & Utilities,5563.603,0.22,49.855,265.532,1.903,0.88
2026-01-21 15:00:00,DE-CENTRAL,Central Plant,Paint & Utilities,5266.579,0.22,51.62,279.076,5.766,0.88
2026-01-21 15:15:00,DE-CENTRAL,Central Plant,Paint & Utilities,5217.306,0.22,53.847,292.845,6.95,0.88
2026-01-21 15:30:00,DE-CENTRAL,Central Plant,Paint & Utilities,5180.648,0.22,62.012,289.568,4.516,0.88
2026-01-21 15:45:00,DE-CENTRAL,Central Plant,Paint & Utilities,5039.897,0.22,54.471,336.477,7.275,0.88
2026-01-21 16:00:00,DE-CENTRAL,Central Plant,Paint & Utilities,5060.168,0.22,61.764,355.596,4.56,0.88
2026-01-21 16:15:00,DE-CENTRAL,Central Plant,Paint & Utilities,5055.771,0.22,69.915,348.714,7.434,0.88
2026-01-21 16:30:00,DE-CENTRAL,Central Plant,Paint & Utilities,4895.07,0.22,73.952,377.627,7.038,0.88
2026-01-21 16:45:00,DE-CENTRAL,Central Plant,Paint & Utilities,5115.326,0.22,66.762,386.846,5.652,0.88
2026-01-21 17:00:00,DE-CENTRAL,Central Plant,Paint & Utilities,4995.344,0.22,74.734,410.575,7.848,0.88
2026-01-21 17:15:00,DE-CENTRAL,Central Plant,Paint & Utilities,5010.86,0.22,84.857,415.469,8.565,0.88
2026-01-21 17:30:00,DE-CENTRAL,Central Plant,Paint & Utilities,4716.174,0.22,84.733,428.265,8.221,0.88
2026-01-21 17:45:00,DE-CENTRAL,Central Plant,Paint & Utilities,4622.067,0.22,86.524,466.611,8.567,0.88
2026-01-21 18:00:00,DE-CENTRAL,Central Plant,Paint & Utilities,4843.74,0.22,87.621,467.371,8.042,0.88
2026-01-21 18:15:00,DE-CENTRAL,Central Plant,Paint & Utilities,5233.601,0.22,87.467,493.959,7.181,0.88
2026-01-21 18:30:00,DE-CENTRAL,Central Plant,Paint & Utilities,4984.554,0.22,90.299,470.571,9.104,0.88
2026-01-21 18:45:00,DE-CENTRAL,Central Plant,Paint & Utilities,4743.185,0.22,87.904,457.961,9.959,0.88
2026-01-21 19:00:00,DE-CENTRAL,Central Plant,Paint & Utilities,4893.274,0.22,88.143,481.622,9.62,0.88
2026-01-21 19:15:00,DE-CENTRAL,Central Plant,Paint & Utilities,5005.12,0.22,87.686,471.145,7.512,0.88
2026-01-21 19:30:00,DE-CENTRAL,Central Plant,Paint & Utilities,4756.291,0.22,83.416,467.959,7.897,0.88
2026-01-21 19:45:00,DE-CENTRAL,Central Plant,Paint & Utilities,5125.47,0.22,86.763,468.344,8.397,0.88
2026-01-21 20:00:00,DE-CENTRAL,Central Plant,Paint & Utilities,4977.682,0.22,94.609,440.403,7.885,0.88
2026-01-21 20:15:00,DE-CENTRAL,Central Plant,Paint & Utilities,4999.184,0.22,74.035,440.46,9.02,0.88
2026-01-21 20:30:00,DE-CENTRAL,Central Plant,Paint & Utilities,5049.924,0.22,80.567,433.465,9.233,0.88
2026-01-21 20:45:00,DE-CENTRAL,Central Plant,Paint & Utilities,5267.418,0.22,74.356,413.552,7.903,0.88
2026-01-21 21:00:00,DE-CENTRAL,Central Plant,Paint & Utilities,5033.151,0.22,77.882,419.557,9.374,0.88
2026-01-21 21:15:00,DE-CENTRAL,Central Plant,Paint & Utilities,4959.97,0.22,74.029,432.741,9.155,0.88
2026-01-21 21:30:00,DE-CENTRAL,Central Plant,Paint & Utilities,5282.607,0.22,75.287,413.955,8.236,0.88
2026-01-21 21:45:00,DE-CENTRAL,Central Plant,Paint & Utilities,5017.503,0.22,75.488,389.848,8.364,0.88
2026-01-21 22:00:00,DE-CENTRAL,Central Plant,Paint & Utilities,3779.385,0.22,70.264,382.758,6.965,0.38
2026-01-21 22:15:00,DE-CENTRAL,Central Plant,Paint & Utilities,3969.598,0.22,72.896,417.378,7.925,0.38
2026-01-21 22:30:00,DE-CENTRAL,Central Plant,Paint & Utilities,3911.474,0.22,58.025,392.82,7.972,0.38
2026-01-21 22:45:00,DE-CENTRAL,Central Plant,Paint & Utilities,3989.869,0.22,72.948,383.134,7.877,0.38
2026-01-21 23:00:00,DE-CENTRAL,Central Plant,Paint & Utilities,3951.17,0.22,67.408,385.064,7.801,0.38
2026-01-21 23:15:00,DE-CENTRAL,Central Plant,Paint & Utilities,4196.596,0.22,69.66,368.469,7.468,0.38
2026-01-21 23:30:00,DE-CENTRAL,Central Plant,Paint & Utilities,3833.855,0.22,60.013,401.457,6.859,0.38
2026-01-21 23:45:00,DE-CENTRAL,Central Plant,Paint & Utilities,3957.365,0.22,61.199,378.128,6.978,0.38
2026-01-22 00:00:00,DE-CENTRAL,Central Plant,Paint & Utilities,3841.639,0.22,64.3,396.124,7.201,0.38
2026-01-22 00:15:00,DE-CENTRAL,Central Plant,Paint & Utilities,4036.824,0.22,63.582,379.751,6.145,0.38
2026-01-22 00:30:00,DE-CENTRAL,Central Plant,Paint & Utilities,3895.043,0.22,64.722,395.697,6.136,0.38
2026-01-22 00:45:00,DE-CENTRAL,Central Plant,Paint & Utilities,4121.834,0.22,67.874,381.03,5.477,0.38
2026-01-22 01:00:00,DE-CENTRAL,Central Plant,Paint & Utilities,3830.683,0.22,56.432,387.592,4.841,0.38
2026-01-22 01:15:00,DE-CENTRAL,Central Plant,Paint & Utilities,4043.048,0.22,67.357,385.383,5.341,0.38
2026-01-22 01:30:00,DE-CENTRAL,Central Plant,Paint & Utilities,3939.72,0.22,63.479,383.632,4.264,0.38
2026-01-22 01:45:00,DE-CENTRAL,Central Plant,Paint & Utilities,3824.383,0.22,62.634,379.725,4.597,0.38
2026-01-22 02:00:00,DE-CENTRAL,Central Plant,Paint & Utilities,3882.366,0.22,57.591,372.152,4.02,0.38
2026-01-22 02:15:00,DE-CENTRAL,Central Plant,Paint & Utilities,3829.756,0.22,65.542,397.328,3.46,0.38
2026-01-22 02:30:00,DE-CENTRAL,Central Plant,Paint & Utilities,3819.465,0.22,53.96,362.857,3.118,0.38
2026-01-22 02:45:00,DE-CENTRAL,Central Plant,Paint & Utilities,3728.117,0.22,66.333,373.191,2.669,0.38
2026-01-22 03:00:00,DE-CENTRAL,Central Plant,Paint & Utilities,3662.288,0.22,57.936,372.72,1.554,0.38
2026-01-22 03:15:00,DE-CENTRAL,Central Plant,Paint & Utilities,3654.384,0.22,64.329,376.774,2.661,0.38
2026-01-22 03:30:00,DE-CENTRAL,Central Plant,Paint & Utilities,3466.348,0.22,63.899,366.199,2.249,0.38
2026-01-22 03:45:00,DE-CENTRAL,Central Plant,Paint & Utilities,3761.567,0.22,69.366,374.542,2.383,0.38
2026-01-22 04:00:00,DE-CENTRAL,Central Plant,Paint & Utilities,3506.392,0.22,64.34,368.156,1.128,0.38
2026-01-22 04:15:00,DE-CENTRAL,Central Plant,Paint & Utilities,3584.997,0.22,62.698,350.621,2.549,0.38
2026-01-22 04:30:00,DE-CENTRAL,Central Plant,Paint & Utilities,3726.743,0.22,63.92,369.149,0.69,0.38
2026-01-22 04:45:00,DE-CENTRAL,Central Plant,Paint & Utilities,3756.36,0.22,71.556,355.264,0.091,0.38
2026-01-22 05:00:00,DE-CENTRAL,Central Plant,Paint & Utilities,3425.868,0.22,69.169,347.102,-0.231,0.38
2026-01-22 05:15:00,DE-CENTRAL,Central Plant,Paint & Utilities,3657.654,0.22,66.073,369.01,-0.973,0.38
2026-01-22 05:30:00,DE-CENTRAL,Central Plant,Paint & Utilities,3681.871,0.22,67.281,372.683,1.106,0.38
2026-01-22 05:45:00,DE-CENTRAL,Central Plant,Paint & Utilities,3645.242,0.22,62.577,372.62,0.802,0.38
2026-01-22 06:00:00,DE-CENTRAL,Central Plant,Paint & Utilities,5519.658,0.22,71.01,372.588,0.09,0.98
2026-01-22 06:15:00,DE-CENTRAL,Central Plant,Paint & Utilities,5296.393,0.22,61.107,330.638,-1.112,0.98
2026-01-22 06:30:00,DE-CENTRAL,Central Plant,Paint & Utilities,5127.019,0.22,69.81,325.604,0.648,0.98
2026-01-22 06:45:00,DE-CENTRAL,Central Plant,Paint & Utilities,5564.739,0.22,65.932,353.836,-0.981,0.98
2026-01-22 07:00:00,DE-CENTRAL,Central Plant,Paint & Utilities,5431.894,0.22,73.531,305.964,-1.018,0.98
2026-01-22 07:15:00,DE-CENTRAL,Central Plant,Paint & Utilities,5290.573,0.22,58.092,314.445,0.102,0.98
2026-01-22 07:30:00,DE-CENTRAL,Central Plant,Paint & Utilities,5552.624,0.22,60.53,287.71,-0.496,0.98
2026-01-22 07:45:00,DE-CENTRAL,Central Plant,Paint & Utilities,5749.79,0.22,66.521,286.049,0.551,0.98
2026-01-22 08:00:00,DE-CENTRAL,Central Plant,Paint & Utilities,5510.67,0.22,62.42,266.98,-0.826,0.98
2026-01-22 08:15:00,DE-CENTRAL,Central Plant,Paint & Utilities,6025.602,0.22,53.141,271.193,-1.267,0.98
2026-01-22 08:30:00,DE-CENTRAL,Central Plant,Paint & Utilities,5667.933,0.22,55.048,256.404,-1.385,0.98
2026-01-22 08:45:00,DE-CENTRAL,Central Plant,Paint & Utilities,5847.318,0.22,52.353,240.165,-2.197,0.98
2026-01-22 09:00:00,DE-CENTRAL,Central Plant,Paint & Utilities,5691.612,0.22,51.647,224.234,-1.025,0.98
2026-01-22 09:15:00,DE-CENTRAL,Central Plant,Paint & Utilities,5861.306,0.22,45.899,231.889,0.067,0.98
2026-01-22 09:30:00,DE-CENTRAL,Central Plant,Paint & Utilities,5875.949,0.22,46.532,206.544,-0.2,0.98
2026-01-22 09:45:00,DE-CENTRAL,Central Plant,Paint & Utilities,5735.008,0.22,38.734,219.26,-0.47,0.98
2026-01-22 10:00:00,DE-CENTRAL,Central Plant,Paint & Utilities,6318.323,0.22,43.966,239.326,-1.027,0.98
2026-01-22 10:15:00,DE-CENTRAL,Central Plant,Paint & Utilities,5883.877,0.22,43.611,218.357,0.001,0.98
2026-01-22 10:30:00,DE-CENTRAL,Central Plant,Paint & Utilities,5873.524,0.22,39.393,205.818,0.742,0.98
2026-01-22 10:45:00,DE-CENTRAL,Central Plant,Paint & Utilities,6065.722,0.22,32.458,191.931,0.542,0.98
2026-01-22 11:00:00,DE-CENTRAL,Central Plant,Paint & Utilities,6166.831,0.22,41.632,166.192,0.581,0.98
2026-01-22 11:15:00,DE-CENTRAL,Central Plant,Paint & Utilities,6077.46,0.22,38.052,170.847,0.145,0.98
2026-01-22 11:30:00,DE-CENTRAL,Central Plant,Paint & Utilities,5728.366,0.22,32.777,200.142,1.563,0.98
2026-01-22 11:45:00,DE-CENTRAL,Central Plant,Paint & Utilities,5945.506,0.22,33.827,174.1,-0.97,0.98
2026-01-22 12:00:00,DE-CENTRAL,Central Plant,Paint & Utilities,5583.256,0.22,28.407,174.826,1.768,0.98
2026-01-22 12:15:00,DE-CENTRAL,Central Plant,Paint & Utilities,5860.338,0.22,29.965,181.7,3.588,0.98
2026-01-22 12:30:00,DE-CENTRAL,Central Plant,Paint & Utilities,5560.162,0.22,31.778,172.266,1.031,0.98
2026-01-22 12:45:00,DE-CENTRAL,Central Plant,Paint & Utilities,5596.284,0.22,38.917,172.488,2.224,0.98
2026-01-22 13:00:00,DE-CENTRAL,Central Plant,Paint & Utilities,5643.137,0.22,31.736,189.703,2.7,0.98
2026-01-22 13:15:00,DE-CENTRAL,Central Plant,Paint & Utilities,5655.067,0.22,37.371,183.643,2.701,0.98
2026-01-22 13:30:00,DE-CENTRAL,Central Plant,Paint & Utilities,5486.345,0.22,33.405,190.447,4.073,0.98
2026-01-22 13:45:00,DE-CENTRAL,Central Plant,Paint & Utilities,5669.528,0.22,37.54,195.964,4.004,0.98
2026-01-22 14:00:00,DE-CENTRAL,Central Plant,Paint & Utilities,5231.563,0.22,37.222,218.645,4.107,0.88
2026-01-22 14:15:00,DE-CENTRAL,Central Plant,Paint & Utilities,5163.225,0.22,42.779,217.704,4.885,0.88
2026-01-22 14:30:00,DE-CENTRAL,Central Plant,Paint & Utilities,4892.796,0.22,38.913,227.561,4.664,0.88
2026-01-22 14:45:00,DE-CENTRAL,Central Plant,Paint & Utilities,5172.167,0.22,36.801,247.203,7.201,0.88
2026-01-22 15:00:00,DE-CENTRAL,Central Plant,Paint & Utilities,4867.473,0.22,39.876,249.796,5.4,0.88
2026-01-22 15:15:00,DE-CENTRAL,Central Plant,Paint & Utilities,5159.163,0.22,45.859,260.727,5.744,0.88
2026-01-22 15:30:00,DE-CENTRAL,Central Plant,Paint & Utilities,5201.508,0.22,45.832,283.337,4.716,0.88
2026-01-22 15:45:00,DE-CENTRAL,Central Plant,Paint & Utilities,4969.417,0.22,55.548,300.316,5.831,0.88
2026-01-22 16:00:00,DE-CENTRAL,Central Plant,Paint & Utilities,4993.448,0.22,55.331,306.004,7.303,0.88
2026-01-22 16:15:00,DE-CENTRAL,Central Plant,Paint & Utilities,4503.133,0.22,70.143,324.921,5.843,0.88
2026-01-22 16:30:00,DE-CENTRAL,Central Plant,Paint & Utilities,4884.232,0.22,57.259,331.281,5.534,0.88
2026-01-22 16:45:00,DE-CENTRAL,Central Plant,Paint & Utilities,5018.275,0.22,68.641,347.347,7.319,0.88
2026-01-22 17:00:00,DE-CENTRAL,Central Plant,Paint & Utilities,4984.74,0.22,66.916,383.976,8.495,0.88
2026-01-22 17:15:00,DE-CENTRAL,Central Plant,Paint & Utilities,4751.099,0.22,72.967,396.956,7.789,0.88
2026-01-22 17:30:00,DE-CENTRAL,Central Plant,Paint & Utilities,4898.342,0.22,78.86,413.49,7.731,0.88
2026-01-22 17:45:00,DE-CENTRAL,Central Plant,Paint & Utilities,4665.643,0.22,72.118,427.096,6.856,0.88
2026-01-22 18:00:00,DE-CENTRAL,Central Plant,Paint & Utilities,5034.734,0.22,85.204,439.048,8.647,0.88
2026-01-22 18:15:00,DE-CENTRAL,Central Plant,Paint & Utilities,4773.799,0.22,92.472,449.057,8.947,0.88
2026-01-22 18:30:00,DE-CENTRAL,Central Plant,Paint & Utilities,5237.169,0.22,83.288,452.929,7.372,0.88
2026-01-22 18:45:00,DE-CENTRAL,Central Plant,Paint & Utilities,5234.787,0.22,86.011,452.42,9.529,0.88
2026-01-22 19:00:00,DE-CENTRAL,Central Plant,Paint & Utilities,5070.677,0.22,88.579,438.853,9.366,0.88
2026-01-22 19:15:00,DE-CENTRAL,Central Plant,Paint & Utilities,5232.588,0.22,82.994,454.166,9.697,0.88
2026-01-22 19:30:00,DE-CENTRAL,Central Plant,Paint & Utilities,5188.076,0.22,80.199,436.74,9.366,0.88
2026-01-22 19:45:00,DE-CENTRAL,Central Plant,Paint & Utilities,5284.273,0.22,72.047,437.252,9.447,0.88
2026-01-22 20:00:00,DE-CENTRAL,Central Plant,Paint & Utilities,5145.878,0.22,82.156,428.101,9.365,0.88
2026-01-22 20:15:00,DE-CENTRAL,Central Plant,Paint & Utilities,5399.06,0.22,77.459,422.333,9.597,0.88
2026-01-22 20:30:00,DE-CENTRAL,Central Plant,Paint & Utilities,5185.181,0.22,72.122,405.004,7.684,0.88
2026-01-22 20:45:00,DE-CENTRAL,Central Plant,Paint & Utilities,5180.997,0.22,74.941,416.722,7.853,0.88
2026-01-22 21:00:00,DE-CENTRAL,Central Plant,Paint & Utilities,5406.263,0.22,70.416,437.108,8.314,0.88
2026-01-22 21:15:00,DE-CENTRAL,Central Plant,Paint & Utilities,5399.785,0.22,69.05,393.454,8.644,0.88
2026-01-22 21:30:00,DE-CENTRAL,Central Plant,Paint & Utilities,5462.303,0.22,72.132,394.23,8.891,0.88
2026-01-22 21:45:00,DE-CENTRAL,Central Plant,Paint & Utilities,5349.729,0.22,63.049,383.963,8.712,0.88
2026-01-22 22:00:00,DE-CENTRAL,Central Plant,Paint & Utilities,4091.857,0.22,71.453,379.955,9.112,0.38
2026-01-22 22:15:00,DE-CENTRAL,Central Plant,Paint & Utilities,3867.348,0.22,60.701,401.402,8.961,0.38
2026-01-22 22:30:00,DE-CENTRAL,Central Plant,Paint & Utilities,3902.794,0.22,62.832,372.397,7.356,0.38
2026-01-22 22:45:00,DE-CENTRAL,Central Plant,Paint & Utilities,3868.41,0.22,72.519,372.901,7.926,0.38
2026-01-22 23:00:00,DE-CENTRAL,Central Plant,Paint & Utilities,3975.063,0.22,68.82,358.121,6.942,0.38
2026-01-22 23:15:00,DE-CENTRAL,Central Plant,Paint & Utilities,3892.462,0.22,64.305,367.07,7.165,0.38
2026-01-22 23:30:00,DE-CENTRAL,Central Plant,Paint & Utilities,3847.387,0.22,59.862,355.001,7.269,0.38
2026-01-22 23:45:00,DE-CENTRAL,Central Plant,Paint & Utilities,3926.285,0.22,61.303,382.717,4.392,0.38
2026-01-23 00:00:00,DE-CENTRAL,Central Plant,Paint & Utilities,3479.477,0.22,63.076,406.779,8.188,0.38
2026-01-23 00:15:00,DE-CENTRAL,Central Plant,Paint & Utilities,3491.997,0.22,63.036,369.383,6.608,0.38
2026-01-23 00:30:00,DE-CENTRAL,Central Plant,Paint & Utilities,3706.211,0.22,62.632,354.385,5.496,0.38
2026-01-23 00:45:00,DE-CENTRAL,Central Plant,Paint & Utilities,3625.327,0.22,62.99,385.789,6.956,0.38
2026-01-23 01:00:00,DE-CENTRAL,Central Plant,Paint & Utilities,3740.715,0.22,62.384,366.87,5.051,0.38
2026-01-23 01:15:00,DE-CENTRAL,Central Plant,Paint & Utilities,3640.921,0.22,57.614,391.788,5.068,0.38
2026-01-23 01:30:00,DE-CENTRAL,Central Plant,Paint & Utilities,3704.747,0.22,61.472,373.412,4.312,0.38
2026-01-23 01:45:00,DE-CENTRAL,Central Plant,Paint & Utilities,3420.224,0.22,67.371,369.814,5.483,0.38
2026-01-23 02:00:00,DE-CENTRAL,Central Plant,Paint & Utilities,3594.677,0.22,58.437,375.856,3.927,0.38
2026-01-23 02:15:00,DE-CENTRAL,Central Plant,Paint & Utilities,3411.738,0.22,63.378,387.678,3.778,0.38
2026-01-23 02:30:00,DE-CENTRAL,Central Plant,Paint & Utilities,3609.055,0.22,61.113,376.444,4.19,0.38
2026-01-23 02:45:00,DE-CENTRAL,Central Plant,Paint & Utilities,3329.365,0.22,65.13,373.796,3.434,0.38
2026-01-23 03:00:00,DE-CENTRAL,Central Plant,Paint & Utilities,3626.876,0.22,63.463,377.948,2.668,0.38
2026-01-23 03:15:00,DE-CENTRAL,Central Plant,Paint & Utilities,3382.695,0.22,71.305,365.643,3.17,0.38
2026-01-23 03:30:00,DE-CENTRAL,Central Plant,Paint & Utilities,3508.388,0.22,67.847,386.234,3.864,0.38
2026-01-23 03:45:00,DE-CENTRAL,Central Plant,Paint & Utilities,3724.075,0.22,61.05,360.586,2.011,0.38
2026-01-23 04:00:00,DE-CENTRAL,Central Plant,Paint & Utilities,3661.588,0.22,69.51,377.246,1.582,0.38
2026-01-23 04:15:00,DE-CENTRAL,Central Plant,Paint & Utilities,3444.728,0.22,64.306,392.227,1.342,0.38
2026-01-23 04:30:00,DE-CENTRAL,Central Plant,Paint & Utilities,3575.774,0.22,65.725,387.281,1.873,0.38
2026-01-23 04:45:00,DE-CENTRAL,Central Plant,Paint & Utilities,3531.079,0.22,69.962,391.248,0.284,0.38
2026-01-23 05:00:00,DE-CENTRAL,Central Plant,Paint & Utilities,3532.275,0.22,67.451,383.892,0.27,0.38
2026-01-23 05:15:00,DE-CENTRAL,Central Plant,Paint & Utilities,3817.536,0.22,73.73,399.206,-0.835,0.38
2026-01-23 05:30:00,DE-CENTRAL,Central Plant,Paint & Utilities,3902.249,0.22,67.818,396.751,-0.795,0.38
2026-01-23 05:45:00,DE-CENTRAL,Central Plant,Paint & Utilities,3910.592,0.22,69.202,391.48,-0.52,0.38
2026-01-23 06:00:00,DE-CENTRAL,Central Plant,Paint & Utilities,5739.231,0.22,69.803,397.716,-0.369,0.98
2026-01-23 06:15:00,DE-CENTRAL,Central Plant,Paint & Utilities,5679.325,0.22,68.992,384.59,0.754,0.98
2026-01-23 06:30:00,DE-CENTRAL,Central Plant,Paint & Utilities,5714.044,0.22,74.44,359.346,-0.244,0.98
2026-01-23 06:45:00,DE-CENTRAL,Central Plant,Paint & Utilities,5681.074,0.22,71.302,337.61,-1.373,0.98
2026-01-23 07:00:00,DE-CENTRAL,Central Plant,Paint & Utilities,5799.805,0.22,74.316,348.03,-1.339,0.98
2026-01-23 07:15:00,DE-CENTRAL,Central Plant,Paint & Utilities,5688.889,0.22,75.177,338.965,0.058,0.98
2026-01-23 07:30:00,DE-CENTRAL,Central Plant,Paint & Utilities,5785.477,0.22,60.548,335.149,-0.169,0.98
2026-01-23 07:45:00,DE-CENTRAL,Central Plant,Paint & Utilities,5949.042,0.22,63.451,300.749,-0.97,0.98
2026-01-23 08:00:00,DE-CENTRAL,Central Plant,Paint & Utilities,5950.397,0.22,56.898,291.343,-1.31,0.98
2026-01-23 08:15:00,DE-CENTRAL,Central Plant,Paint & Utilities,6343.033,0.22,56.867,298.332,-0.202,0.98
2026-01-23 08:30:00,DE-CENTRAL,Central Plant,Paint & Utilities,5822.594,0.22,55.781,282.95,-1.653,0.98
2026-01-23 08:45:00,DE-CENTRAL,Central Plant,Paint & Utilities,5954.251,0.22,52.358,252.605,-0.63,0.98
2026-01-23 09:00:00,DE-CENTRAL,Central Plant,Paint & Utilities,5749.345,0.22,50.641,271.64,0.761,0.98
2026-01-23 09:15:00,DE-CENTRAL,Central Plant,Paint & Utilities,5901.524,0.22,52.528,237.326,-0.591,0.98
2026-01-23 09:30:00,DE-CENTRAL,Central Plant,Paint & Utilities,5901.919,0.22,46.511,241.174,-1.162,0.98
2026-01-23 09:45:00,DE-CENTRAL,Central Plant,Paint & Utilities,6006.448,0.22,53.055,262.274,-0.197,0.98
2026-01-23 10:00:00,DE-CENTRAL,Central Plant,Paint & Utilities,5822.92,0.22,44.382,262.095,-0.659,0.98
2026-01-23 10:15:00,DE-CENTRAL,Central Plant,Paint & Utilities,5832.997,0.22,57.737,220.383,-1.133,0.98
2026-01-23 10:30:00,DE-CENTRAL,Central Plant,Paint & Utilities,5724.533,0.22,43.24,226.448,0.524,0.98
2026-01-23 10:45:00,DE-CENTRAL,Central Plant,Paint & Utilities,5547.359,0.22,44.0,227.021,1.023,0.98
2026-01-23 11:00:00,DE-CENTRAL,Central Plant,Paint & Utilities,5617.707,0.22,37.333,244.692,0.247,0.98
2026-01-23 11:15:00,DE-CENTRAL,Central Plant,Paint & Utilities,5602.292,0.22,48.294,214.928,0.439,0.98
2026-01-23 11:30:00,DE-CENTRAL,Central Plant,Paint & Utilities,5618.36,0.22,45.067,213.381,0.283,0.98
2026-01-23 11:45:00,DE-CENTRAL,Central Plant,Paint & Utilities,5614.796,0.22,41.072,236.703,1.117,0.98
2026-01-23 12:00:00,DE-CENTRAL,Central Plant,Paint & Utilities,5469.795,0.22,33.977,213.406,1.106,0.98
2026-01-23 12:15:00,DE-CENTRAL,Central Plant,Paint & Utilities,5426.293,0.22,39.88,227.145,1.081,0.98
2026-01-23 12:30:00,DE-CENTRAL,Central Plant,Paint & Utilities,5144.308,0.22,34.423,202.139,3.411,0.98
2026-01-23 12:45:00,DE-CENTRAL,Central Plant,Paint & Utilities,5414.179,0.22,44.834,220.029,2.719,0.98
2026-01-23 13:00:00,DE-CENTRAL,Central Plant,Paint & Utilities,5216.959,0.22,42.51,205.249,3.107,0.98
2026-01-23 13:15:00,DE-CENTRAL,Central Plant,Paint & Utilities,5362.875,0.22,40.162,216.47,3.643,0.98
2026-01-23 13:30:00,DE-CENTRAL,Central Plant,Paint & Utilities,5410.107,0.22,30.769,244.101,3.887,0.98
2026-01-23 13:45:00,DE-CENTRAL,Central Plant,Paint & Utilities,5216.982,0.22,37.55,239.287,3.384,0.98
2026-01-23 14:00:00,DE-CENTRAL,Central Plant,Paint & Utilities,4805.961,0.22,45.447,242.91,4.191,0.88
2026-01-23 14:15:00,DE-CENTRAL,Central Plant,Paint & Utilities,4935.069,0.22,49.014,245.64,4.139,0.88
2026-01-23 14:30:00,DE-CENTRAL,Central Plant,Paint & Utilities,4967.634,0.22,50.327,260.925,4.96,0.88
2026-01-23 14:45:00,DE-CENTRAL,Central Plant,Paint & Utilities,4888.549,0.22,41.518,277.216,5.215,0.88
2026-01-23 15:00:00,DE-CENTRAL,Central Plant,Paint & Utilities,4878.918,0.22,51.355,296.511,5.026,0.88
2026-01-23 15:15:00,DE-CENTRAL,Central Plant,Paint & Utilities,5054.058,0.22,56.739,265.394,4.677,0.88
2026-01-23 15:30:00,DE-CENTRAL,Central Plant,Paint & Utilities,5041.479,0.22,48.824,300.115,6.016,0.88
2026-01-23 15:45:00,DE-CENTRAL,Central Plant,Paint & Utilities,4965.004,0.22,58.439,326.147,6.068,0.88
2026-01-23 16:00:00,DE-CENTRAL,Central Plant,Paint & Utilities,4855.799,0.22,62.78,338.021,5.177,0.88
2026-01-23 16:15:00,DE-CENTRAL,Central Plant,Paint & Utilities,5117.078,0.22,63.856,359.694,7.133,0.88
2026-01-23 16:30:00,DE-CENTRAL,Central Plant,Paint & Utilities,4988.356,0.22,61.133,374.197,7.72,0.88
2026-01-23 16:45:00,DE-CENTRAL,Central Plant,Paint & Utilities,5123.939,0.22,70.768,383.729,9.067,0.88
2026-01-23 17:00:00,DE-CENTRAL,Central Plant,Paint & Utilities,5202.456,0.22,74.27,397.489,7.262,0.88
2026-01-23 17:15:00,DE-CENTRAL,Central Plant,Paint & Utilities,4982.333,0.22,78.403,417.054,7.382,0.88
2026-01-23 17:30:00,DE-CENTRAL,Central Plant,Paint & Utilities,5279.749,0.22,79.993,449.478,7.19,0.88
2026-01-23 17:45:00,DE-CENTRAL,Central Plant,Paint & Utilities,5347.831,0.22,83.493,441.86,8.303,0.88
2026-01-23 18:00:00,DE-CENTRAL,Central Plant,Paint & Utilities,5396.055,0.22,87.832,463.878,8.472,0.88
2026-01-23 18:15:00,DE-CENTRAL,Central Plant,Paint & Utilities,5376.092,0.22,90.248,468.227,7.916,0.88
2026-01-23 18:30:00,DE-CENTRAL,Central Plant,Paint & Utilities,5123.766,0.22,87.382,484.916,8.497,0.88
2026-01-23 18:45:00,DE-CENTRAL,Central Plant,Paint & Utilities,5589.979,0.22,86.707,461.496,7.35,0.88
2026-01-23 19:00:00,DE-CENTRAL,Central Plant,Paint & Utilities,5446.84,0.22,88.094,474.283,9.478,0.88
2026-01-23 19:15:00,DE-CENTRAL,Central Plant,Paint & Utilities,5280.344,0.22,79.079,474.095,8.364,0.88
2026-01-23 19:30:00,DE-CENTRAL,Central Plant,Paint & Utilities,5326.268,0.22,87.408,454.071,8.933,0.88
2026-01-23 19:45:00,DE-CENTRAL,Central Plant,Paint & Utilities,5479.237,0.22,83.985,446.996,7.991,0.88
2026-01-23 20:00:00,DE-CENTRAL,Central Plant,Paint & Utilities,5516.254,0.22,82.445,439.629,8.592,0.88
2026-01-23 20:15:00,DE-CENTRAL,Central Plant,Paint & Utilities,5350.76,0.22,84.303,434.137,8.794,0.88
2026-01-23 20:30:00,DE-CENTRAL,Central Plant,Paint & Utilities,5496.908,0.22,70.76,440.878,8.949,0.88
2026-01-23 20:45:00,DE-CENTRAL,Central Plant,Paint & Utilities,5133.074,0.22,68.787,426.809,9.24,0.88
2026-01-23 21:00:00,DE-CENTRAL,Central Plant,Paint & Utilities,5186.394,0.22,75.938,420.436,9.837,0.88
2026-01-23 21:15:00,DE-CENTRAL,Central Plant,Paint & Utilities,5037.83,0.22,73.071,397.997,9.248,0.88
2026-01-23 21:30:00,DE-CENTRAL,Central Plant,Paint & Utilities,5149.363,0.22,72.164,394.201,9.293,0.88
2026-01-23 21:45:00,DE-CENTRAL,Central Plant,Paint & Utilities,5411.996,0.22,68.169,426.341,9.497,0.88
2026-01-23 22:00:00,DE-CENTRAL,Central Plant,Paint & Utilities,3960.444,0.22,71.372,393.835,8.729,0.38
2026-01-23 22:15:00,DE-CENTRAL,Central Plant,Paint & Utilities,3712.081,0.22,71.308,382.572,8.132,0.38
2026-01-23 22:30:00,DE-CENTRAL,Central Plant,Paint & Utilities,3557.185,0.22,68.538,405.48,8.673,0.38
2026-01-23 22:45:00,DE-CENTRAL,Central Plant,Paint & Utilities,3583.915,0.22,64.735,388.629,8.51,0.38
2026-01-23 23:00:00,DE-CENTRAL,Central Plant,Paint & Utilities,3655.593,0.22,56.662,389.583,7.99,0.38
2026-01-23 23:15:00,DE-CENTRAL,Central Plant,Paint & Utilities,3409.084,0.22,67.604,378.788,6.278,0.38
2026-01-23 23:30:00,DE-CENTRAL,Central Plant,Paint & Utilities,3505.255,0.22,68.952,374.766,6.455,0.38
2026-01-23 23:45:00,DE-CENTRAL,Central Plant,Paint & Utilities,3734.762,0.22,66.268,374.988,6.585,0.38
2026-01-24 00:00:00,DE-CENTRAL,Central Plant,Paint & Utilities,3105.51,0.22,59.362,357.276,7.046,0.28
2026-01-24 00:15:00,DE-CENTRAL,Central Plant,Paint & Utilities,3148.34,0.22,65.507,372.212,6.197,0.28
2026-01-24 00:30:00,DE-CENTRAL,Central Plant,Paint & Utilities,3221.335,0.22,66.192,376.22,6.709,0.28
2026-01-24 00:45:00,DE-CENTRAL,Central Plant,Paint & Utilities,3251.964,0.22,68.932,394.277,6.528,0.28
2026-01-24 01:00:00,DE-CENTRAL,Central Plant,Paint & Utilities,3141.404,0.22,59.149,372.51,6.134,0.28
2026-01-24 01:15:00,DE-CENTRAL,Central Plant,Paint & Utilities,3238.201,0.22,61.718,342.879,5.819,0.28
2026-01-24 01:30:00,DE-CENTRAL,Central Plant,Paint & Utilities,3355.076,0.22,65.599,369.177,3.927,0.28
2026-01-24 01:45:00,DE-CENTRAL,Central Plant,Paint & Utilities,3517.607,0.22,62.847,402.601,4.665,0.28
2026-01-24 02:00:00,DE-CENTRAL,Central Plant,Paint & Utilities,3289.027,0.22,58.179,379.551,3.575,0.28
2026-01-24 02:15:00,DE-CENTRAL,Central Plant,Paint & Utilities,3340.172,0.22,64.366,358.859,2.519,0.28
2026-01-24 02:30:00,DE-CENTRAL,Central Plant,Paint & Utilities,3543.323,0.22,65.115,375.125,3.146,0.28
2026-01-24 02:45:00,DE-CENTRAL,Central Plant,Paint & Utilities,3280.268,0.22,63.283,358.578,3.952,0.28
2026-01-24 03:00:00,DE-CENTRAL,Central Plant,Paint & Utilities,3227.071,0.22,63.983,350.697,3.028,0.28
2026-01-24 03:15:00,DE-CENTRAL,Central Plant,Paint & Utilities,3434.614,0.22,62.29,362.231,3.805,0.28
2026-01-24 03:30:00,DE-CENTRAL,Central Plant,Paint & Utilities,3605.047,0.22,69.508,366.989,2.211,0.28
2026-01-24 03:45:00,DE-CENTRAL,Central Plant,Paint & Utilities,3510.614,0.22,60.316,342.915,3.502,0.28
2026-01-24 04:00:00,DE-CENTRAL,Central Plant,Paint & Utilities,3525.335,0.22,61.948,351.093,1.624,0.28
2026-01-24 04:15:00,DE-CENTRAL,Central Plant,Paint & Utilities,3390.111,0.22,64.774,364.521,1.238,0.28
2026-01-24 04:30:00,DE-CENTRAL,Central Plant,Paint & Utilities,3622.577,0.22,68.732,359.025,0.061,0.28
2026-01-24 04:45:00,DE-CENTRAL,Central Plant,Paint & Utilities,3778.779,0.22,59.76,368.2,1.481,0.28
2026-01-24 05:00:00,DE-CENTRAL,Central Plant,Paint & Utilities,3520.749,0.22,61.083,348.44,0.113,0.28
2026-01-24 05:15:00,DE-CENTRAL,Central Plant,Paint & Utilities,3676.043,0.22,58.781,371.153,-0.212,0.28
2026-01-24 05:30:00,DE-CENTRAL,Central Plant,Paint & Utilities,3648.968,0.22,67.691,347.96,0.93,0.28
2026-01-24 05:45:00,DE-CENTRAL,Central Plant,Paint & Utilities,3631.406,0.22,63.724,381.476,0.653,0.28
2026-01-24 06:00:00,DE-CENTRAL,Central Plant,Paint & Utilities,4330.696,0.22,67.289,340.787,0.462,0.46
2026-01-24 06:15:00,DE-CENTRAL,Central Plant,Paint & Utilities,4393.838,0.22,70.182,336.449,-0.738,0.46
2026-01-24 06:30:00,DE-CENTRAL,Central Plant,Paint & Utilities,4395.398,0.22,63.647,342.818,-0.655,0.46
2026-01-24 06:45:00,DE-CENTRAL,Central Plant,Paint & Utilities,4218.827,0.22,65.774,346.145,-0.777,0.46
2026-01-24 07:00:00,DE-CENTRAL,Central Plant,Paint & Utilities,4117.231,0.22,62.239,318.483,-0.282,0.46
2026-01-24 07:15:00,DE-CENTRAL,Central Plant,Paint & Utilities,4340.418,0.22,64.656,310.196,0.184,0.46
2026-01-24 07:30:00,DE-CENTRAL,Central Plant,Paint & Utilities,4250.319,0.22,62.339,292.651,-0.7,0.46
2026-01-24 07:45:00,DE-CENTRAL,Central Plant,Paint & Utilities,4505.548,0.22,56.081,269.428,0.393,0.46
2026-01-24 08:00:00,DE-CENTRAL,Central Plant,Paint & Utilities,4508.617,0.22,56.525,265.518,-0.372,0.46
2026-01-24 08:15:00,DE-CENTRAL,Central Plant,Paint & Utilities,4516.417,0.22,59.671,246.905,-1.154,0.46
2026-01-24 08:30:00,DE-CENTRAL,Central Plant,Paint & Utilities,4096.788,0.22,55.321,236.588,-0.377,0.46
2026-01-24 08:45:00,DE-CENTRAL,Central Plant,Paint & Utilities,4243.655,0.22,46.378,247.714,0.29,0.46
2026-01-24 09:00:00,DE-CENTRAL,Central Plant,Paint & Utilities,4244.179,0.22,52.789,220.889,0.569,0.46
2026-01-24 09:15:00,DE-CENTRAL,Central Plant,Paint & Utilities,4208.922,0.22,44.03,230.226,0.096,0.46
2026-01-24 09:30:00,DE-CENTRAL,Central Plant,Paint & Utilities,4051.171,0.22,52.24,203.379,-0.601,0.46
2026-01-24 09:45:00,DE-CENTRAL,Central Plant,Paint & Utilities,4227.964,0.22,48.95,215.782,-0.636,0.46
2026-01-24 10:00:00,DE-CENTRAL,Central Plant,Paint & Utilities,4016.554,0.22,44.341,200.231,0.073,0.46
2026-01-24 10:15:00,DE-CENTRAL,Central Plant,Paint & Utilities,3980.475,0.22,42.223,217.517,1.014,0.46
2026-01-24 10:30:00,DE-CENTRAL,Central Plant,Paint & Utilities,3756.774,0.22,39.278,199.762,0.337,0.46
2026-01-24 10:45:00,DE-CENTRAL,Central Plant,Paint & Utilities,4004.935,0.22,41.472,206.665,0.559,0.46
2026-01-24 11:00:00,DE-CENTRAL,Central Plant,Paint & Utilities,3869.411,0.22,36.063,179.467,0.5,0.46
2026-01-24 11:15:00,DE-CENTRAL,Central Plant,Paint & Utilities,3944.704,0.22,37.433,186.667,0.474,0.46
2026-01-24 11:30:00,DE-CENTRAL,Central Plant,Paint & Utilities,3892.828,0.22,39.095,172.455,0.843,0.46
2026-01-24 11:45:00,DE-CENTRAL,Central Plant,Paint & Utilities,3865.153,0.22,32.657,178.295,1.317,0.46
2026-01-24 12:00:00,DE-CENTRAL,Central Plant,Paint & Utilities,3798.154,0.22,31.928,179.956,2.703,0.46
2026-01-24 12:15:00,DE-CENTRAL,Central Plant,Paint & Utilities,3930.039,0.22,29.302,175.064,1.621,0.46
2026-01-24 12:30:00,DE-CENTRAL,Central Plant,Paint & Utilities,3796.769,0.22,29.713,170.714,2.123,0.46
2026-01-24 12:45:00,DE-CENTRAL,Central Plant,Paint & Utilities,3653.663,0.22,26.76,170.738,1.787,0.46
2026-01-24 13:00:00,DE-CENTRAL,Central Plant,Paint & Utilities,3891.022,0.22,37.313,162.925,3.208,0.46
2026-01-24 13:15:00,DE-CENTRAL,Central Plant,Paint & Utilities,3714.235,0.22,42.174,182.559,3.981,0.46
2026-01-24 13:30:00,DE-CENTRAL,Central Plant,Paint & Utilities,3657.676,0.22,41.416,207.963,4.485,0.46
2026-01-24 13:45:00,DE-CENTRAL,Central Plant,Paint & Utilities,3736.77,0.22,30.228,187.449,3.815,0.46
2026-01-24 14:00:00,DE-CENTRAL,Central Plant,Paint & Utilities,3686.724,0.22,40.9,197.449,4.402,0.38
2026-01-24 14:15:00,DE-CENTRAL,Central Plant,Paint & Utilities,3670.427,0.22,45.215,243.664,4.22,0.38
2026-01-24 14:30:00,DE-CENTRAL,Central Plant,Paint & Utilities,3420.854,0.22,39.493,223.943,5.022,0.38
2026-01-24 14:45:00,DE-CENTRAL,Central Plant,Paint & Utilities,3669.959,0.22,43.792,245.961,5.195,0.38
2026-01-24 15:00:00,DE-CENTRAL,Central Plant,Paint & Utilities,3895.191,0.22,37.695,261.465,5.335,0.38
2026-01-24 15:15:00,DE-CENTRAL,Central Plant,Paint & Utilities,3710.028,0.22,49.403,274.459,5.704,0.38
2026-01-24 15:30:00,DE-CENTRAL,Central Plant,Paint & Utilities,3763.241,0.22,46.949,262.05,6.23,0.38
2026-01-24 15:45:00,DE-CENTRAL,Central Plant,Paint & Utilities,3950.597,0.22,55.107,292.33,6.006,0.38
2026-01-24 16:00:00,DE-CENTRAL,Central Plant,Paint & Utilities,3937.07,0.22,51.375,291.332,6.33,0.38
2026-01-24 16:15:00,DE-CENTRAL,Central Plant,Paint & Utilities,3949.716,0.22,63.267,356.464,7.973,0.38
2026-01-24 16:30:00,DE-CENTRAL,Central Plant,Paint & Utilities,3462.859,0.22,68.783,324.848,8.941,0.38
2026-01-24 16:45:00,DE-CENTRAL,Central Plant,Paint & Utilities,4113.755,0.22,65.192,348.59,6.454,0.38
2026-01-24 17:00:00,DE-CENTRAL,Central Plant,Paint & Utilities,3981.916,0.22,67.401,365.909,6.654,0.38
2026-01-24 17:15:00,DE-CENTRAL,Central Plant,Paint & Utilities,4212.932,0.22,66.861,377.464,7.089,0.38
2026-01-24 17:30:00,DE-CENTRAL,Central Plant,Paint & Utilities,3784.525,0.22,77.794,428.216,7.894,0.38
2026-01-24 17:45:00,DE-CENTRAL,Central Plant,Paint & Utilities,3638.223,0.22,79.68,456.902,8.784,0.38
2026-01-24 18:00:00,DE-CENTRAL,Central Plant,Paint & Utilities,3860.746,0.22,78.66,437.033,8.744,0.38
2026-01-24 18:15:00,DE-CENTRAL,Central Plant,Paint & Utilities,3819.579,0.22,87.299,429.242,8.605,0.38
2026-01-24 18:30:00,DE-CENTRAL,Central Plant,Paint & Utilities,3916.218,0.22,83.947,419.383,8.99,0.38
2026-01-24 18:45:00,DE-CENTRAL,Central Plant,Paint & Utilities,3971.258,0.22,81.333,443.202,8.25,0.38
2026-01-24 19:00:00,DE-CENTRAL,Central Plant,Paint & Utilities,3793.343,0.22,82.942,441.033,8.659,0.38
2026-01-24 19:15:00,DE-CENTRAL,Central Plant,Paint & Utilities,3745.208,0.22,88.633,434.589,8.89,0.38
2026-01-24 19:30:00,DE-CENTRAL,Central Plant,Paint & Utilities,3841.883,0.22,85.648,441.648,7.848,0.38
2026-01-24 19:45:00,DE-CENTRAL,Central Plant,Paint & Utilities,3706.91,0.22,81.358,439.502,8.176,0.38
2026-01-24 20:00:00,DE-CENTRAL,Central Plant,Paint & Utilities,3666.005,0.22,82.81,433.788,8.215,0.38
2026-01-24 20:15:00,DE-CENTRAL,Central Plant,Paint & Utilities,3779.904,0.22,74.023,420.862,9.524,0.38
2026-01-24 20:30:00,DE-CENTRAL,Central Plant,Paint & Utilities,3787.185,0.22,77.069,405.985,9.129,0.38
2026-01-24 20:45:00,DE-CENTRAL,Central Plant,Paint & Utilities,3729.606,0.22,75.803,421.747,9.332,0.38
2026-01-24 21:00:00,DE-CENTRAL,Central Plant,Paint & Utilities,3583.518,0.22,71.66,408.638,7.542,0.38
2026-01-24 21:15:00,DE-CENTRAL,Central Plant,Paint & Utilities,3300.563,0.22,73.704,414.201,7.696,0.38
2026-01-24 21:30:00,DE-CENTRAL,Central Plant,Paint & Utilities,3495.388,0.22,67.392,408.508,9.084,0.38
2026-01-24 21:45:00,DE-CENTRAL,Central Plant,Paint & Utilities,3455.507,0.22,71.256,377.959,6.539,0.38
2026-01-24 22:00:00,DE-CENTRAL,Central Plant,Paint & Utilities,3170.298,0.22,70.292,374.349,9.187,0.28
2026-01-24 22:15:00,DE-CENTRAL,Central Plant,Paint & Utilities,3141.365,0.22,55.45,379.588,6.881,0.28
2026-01-24 22:30:00,DE-CENTRAL,Central Plant,Paint & Utilities,3172.306,0.22,71.076,373.616,8.557,0.28
2026-01-24 22:45:00,DE-CENTRAL,Central Plant,Paint & Utilities,3068.515,0.22,53.472,393.497,7.137,0.28
2026-01-24 23:00:00,DE-CENTRAL,Central Plant,Paint & Utilities,3006.453,0.22,62.684,387.25,8.27,0.28
2026-01-24 23:15:00,DE-CENTRAL,Central Plant,Paint & Utilities,3294.992,0.22,68.856,395.226,9.542,0.28
2026-01-24 23:30:00,DE-CENTRAL,Central Plant,Paint & Utilities,3117.517,0.22,63.195,386.138,5.453,0.28
2026-01-24 23:45:00,DE-CENTRAL,Central Plant,Paint & Utilities,3205.512,0.22,58.395,383.514,7.265,0.28
2026-01-25 00:00:00,DE-CENTRAL,Central Plant,Paint & Utilities,3387.465,0.22,59.246,393.445,5.234,0.28
2026-01-25 00:15:00,DE-CENTRAL,Central Plant,Paint & Utilities,3366.806,0.22,67.829,385.27,6.51,0.28
2026-01-25 00:30:00,DE-CENTRAL,Central Plant,Paint & Utilities,3387.674,0.22,56.142,381.029,5.769,0.28
2026-01-25 00:45:00,DE-CENTRAL,Central Plant,Paint & Utilities,3347.786,0.22,68.457,398.55,5.698,0.28
2026-01-25 01:00:00,DE-CENTRAL,Central Plant,Paint & Utilities,3450.047,0.22,63.843,382.733,4.656,0.28
2026-01-25 01:15:00,DE-CENTRAL,Central Plant,Paint & Utilities,3537.508,0.22,59.428,378.257,5.522,0.28
2026-01-25 01:30:00,DE-CENTRAL,Central Plant,Paint & Utilities,3488.72,0.22,62.014,372.406,3.639,0.28
2026-01-25 01:45:00,DE-CENTRAL,Central Plant,Paint & Utilities,3190.669,0.22,60.445,391.437,5.196,0.28
2026-01-25 02:00:00,DE-CENTRAL,Central Plant,Paint & Utilities,3421.166,0.22,68.167,398.377,3.714,0.28
2026-01-25 02:15:00,DE-CENTRAL,Central Plant,Paint & Utilities,3629.664,0.22,67.847,383.447,2.691,0.28
2026-01-25 02:30:00,DE-CENTRAL,Central Plant,Paint & Utilities,3445.321,0.22,58.286,400.26,4.464,0.28
2026-01-25 02:45:00,DE-CENTRAL,Central Plant,Paint & Utilities,3793.069,0.22,63.829,361.425,2.977,0.28
2026-01-25 03:00:00,DE-CENTRAL,Central Plant,Paint & Utilities,3576.564,0.22,62.311,384.887,4.041,0.28
2026-01-25 03:15:00,DE-CENTRAL,Central Plant,Paint & Utilities,3635.787,0.22,71.301,385.546,3.248,0.28
2026-01-25 03:30:00,DE-CENTRAL,Central Plant,Paint & Utilities,3828.03,0.22,61.138,377.765,1.528,0.28
2026-01-25 03:45:00,DE-CENTRAL,Central Plant,Paint & Utilities,3671.715,0.22,73.416,415.544,1.729,0.28
2026-01-25 04:00:00,DE-CENTRAL,Central Plant,Paint & Utilities,3732.688,0.22,67.377,386.577,1.585,0.28
2026-01-25 04:15:00,DE-CENTRAL,Central Plant,Paint & Utilities,3815.883,0.22,63.425,382.898,2.291,0.28
2026-01-25 04:30:00,DE-CENTRAL,Central Plant,Paint & Utilities,3542.266,0.22,65.974,388.507,1.262,0.28
2026-01-25 04:45:00,DE-CENTRAL,Central Plant,Paint & Utilities,3704.13,0.22,66.131,364.55,0.827,0.28
2026-01-25 05:00:00,DE-CENTRAL,Central Plant,Paint & Utilities,3854.345,0.22,64.931,379.837,0.325,0.28
2026-01-25 05:15:00,DE-CENTRAL,Central Plant,Paint & Utilities,3752.008,0.22,71.129,401.11,0.205,0.28
2026-01-25 05:30:00,DE-CENTRAL,Central Plant,Paint & Utilities,3901.344,0.22,66.575,382.103,0.946,0.28
2026-01-25 05:45:00,DE-CENTRAL,Central Plant,Paint & Utilities,3524.639,0.22,63.506,380.025,-0.155,0.28
2026-01-25 06:00:00,DE-CENTRAL,Central Plant,Paint & Utilities,4057.685,0.22,71.437,405.989,-0.607,0.46
2026-01-25 06:15:00,DE-CENTRAL,Central Plant,Paint & Utilities,4353.237,0.22,64.547,395.198,-0.88,0.46
2026-01-25 06:30:00,DE-CENTRAL,Central Plant,Paint & Utilities,4341.148,0.22,67.515,374.189,-1.007,0.46
2026-01-25 06:45:00,DE-CENTRAL,Central Plant,Paint & Utilities,4193.492,0.22,65.607,351.473,-1.716,0.46
2026-01-25 07:00:00,DE-CENTRAL,Central Plant,Paint & Utilities,4229.232,0.22,64.424,343.137,-1.355,0.46
2026-01-25 07:15:00,DE-CENTRAL,Central Plant,Paint & Utilities,4204.922,0.22,74.517,325.612,0.145,0.46
2026-01-25 07:30:00,DE-CENTRAL,Central Plant,Paint & Utilities,4003.446,0.22,65.278,312.797,-1.102,0.46
2026-01-25 07:45:00,DE-CENTRAL,Central Plant,Paint & Utilities,3970.261,0.22,64.506,301.94,-0.496,0.46
2026-01-25 08:00:00,DE-CENTRAL,Central Plant,Paint & Utilities,4106.997,0.22,54.826,297.107,-2.735,0.46
2026-01-25 08:15:00,DE-CENTRAL,Central Plant,Paint & Utilities,4116.938,0.22,57.664,282.512,-0.591,0.46
2026-01-25 08:30:00,DE-CENTRAL,Central Plant,Paint & Utilities,3837.029,0.22,59.437,266.965,-1.07,0.46
2026-01-25 08:45:00,DE-CENTRAL,Central Plant,Paint & Utilities,3939.867,0.22,52.736,279.599,-1.241,0.46
2026-01-25 09:00:00,DE-CENTRAL,Central Plant,Paint & Utilities,3899.659,0.22,58.7,271.492,-0.703,0.46
2026-01-25 09:15:00,DE-CENTRAL,Central Plant,Paint & Utilities,3975.508,0.22,48.486,281.306,-1.082,0.46
2026-01-25 09:30:00,DE-CENTRAL,Central Plant,Paint & Utilities,3932.106,0.22,50.396,245.64,-2.106,0.46
2026-01-25 09:45:00,DE-CENTRAL,Central Plant,Paint & Utilities,3799.971,0.22,47.477,250.551,0.161,0.46
2026-01-25 10:00:00,DE-CENTRAL,Central Plant,Paint & Utilities,4031.793,0.22,48.816,244.692,-0.16,0.46
2026-01-25 10:15:00,DE-CENTRAL,Central Plant,Paint & Utilities,3809.019,0.22,44.015,232.466,-0.377,0.46
2026-01-25 10:30:00,DE-CENTRAL,Central Plant,Paint & Utilities,3851.524,0.22,44.011,239.672,-0.643,0.46
2026-01-25 10:45:00,DE-CENTRAL,Central Plant,Paint & Utilities,3698.489,0.22,42.787,235.949,-0.788,0.46
2026-01-25 11:00:00,DE-CENTRAL,Central Plant,Paint & Utilities,3790.116,0.22,39.568,227.18,0.621,0.46
2026-01-25 11:15:00,DE-CENTRAL,Central Plant,Paint & Utilities,3935.438,0.22,43.371,217.506,1.833,0.46
2026-01-25 11:30:00,DE-CENTRAL,Central Plant,Paint & Utilities,3949.477,0.22,41.475,214.343,1.098,0.46
2026-01-25 11:45:00,DE-CENTRAL,Central Plant,Paint & Utilities,4029.934,0.22,39.434,201.033,0.254,0.46
2026-01-25 12:00:00,DE-CENTRAL,Central Plant,Paint & Utilities,4017.493,0.22,37.518,207.359,1.658,0.46
2026-01-25 12:15:00,DE-CENTRAL,Central Plant,Paint & Utilities,4240.841,0.22,42.07,209.942,1.751,0.46
2026-01-25 12:30:00,DE-CENTRAL,Central Plant,Paint & Utilities,3888.032,0.22,37.783,205.105,2.691,0.46
2026-01-25 12:45:00,DE-CENTRAL,Central Plant,Paint & Utilities,3806.164,0.22,37.548,225.895,2.818,0.46
2026-01-25 13:00:00,DE-CENTRAL,Central Plant,Paint & Utilities,3964.154,0.22,39.455,237.86,0.616,0.46
2026-01-25 13:15:00,DE-CENTRAL,Central Plant,Paint & Utilities,3973.702,0.22,46.302,216.381,3.406,0.46
2026-01-25 13:30:00,DE-CENTRAL,Central Plant,Paint & Utilities,3988.762,0.22,34.86,235.383,2.645,0.46
2026-01-25 13:45:00,DE-CENTRAL,Central Plant,Paint & Utilities,4153.817,0.22,44.243,225.239,2.678,0.46
2026-01-25 14:00:00,DE-CENTRAL,Central Plant,Paint & Utilities,4055.32,0.22,34.778,240.657,3.868,0.38
2026-01-25 14:15:00,DE-CENTRAL,Central Plant,Paint & Utilities,4097.118,0.22,44.66,243.734,4.615,0.38
2026-01-25 14:30:00,DE-CENTRAL,Central Plant,Paint & Utilities,4011.801,0.22,51.793,268.009,3.504,0.38
2026-01-25 14:45:00,DE-CENTRAL,Central Plant,Paint & Utilities,4189.906,0.22,49.417,262.493,5.469,0.38
2026-01-25 15:00:00,DE-CENTRAL,Central Plant,Paint & Utilities,3875.53,0.22,50.383,293.719,5.828,0.38
2026-01-25 15:15:00,DE-CENTRAL,Central Plant,Paint & Utilities,3725.959,0.22,49.963,290.641,5.64,0.38
2026-01-25 15:30:00,DE-CENTRAL,Central Plant,Paint & Utilities,4080.752,0.22,55.086,298.829,5.306,0.38
2026-01-25 15:45:00,DE-CENTRAL,Central Plant,Paint & Utilities,3706.772,0.22,56.943,305.565,5.526,0.38
2026-01-25 16:00:00,DE-CENTRAL,Central Plant,Paint & Utilities,3799.955,0.22,58.0,338.456,7.218,0.38
2026-01-25 16:15:00,DE-CENTRAL,Central Plant,Paint & Utilities,3989.862,0.22,63.336,361.653,5.72,0.38
2026-01-25 16:30:00,DE-CENTRAL,Central Plant,Paint & Utilities,3848.122,0.22,68.751,370.175,7.789,0.38
2026-01-25 16:45:00,DE-CENTRAL,Central Plant,Paint & Utilities,3834.869,0.22,68.397,410.019,7.181,0.38
2026-01-25 17:00:00,DE-CENTRAL,Central Plant,Paint & Utilities,3681.725,0.22,71.73,416.596,7.468,0.38
2026-01-25 17:15:00,DE-CENTRAL,Central Plant,Paint & Utilities,3829.486,0.22,72.911,411.804,6.564,0.38
2026-01-25 17:30:00,DE-CENTRAL,Central Plant,Paint & Utilities,3901.874,0.22,83.148,427.244,7.864,0.38
2026-01-25 17:45:00,DE-CENTRAL,Central Plant,Paint & Utilities,3731.271,0.22,86.768,451.526,8.587,0.38
2026-01-25 18:00:00,DE-CENTRAL,Central Plant,Paint & Utilities,3622.126,0.22,88.222,449.704,7.395,0.38
2026-01-25 18:15:00,DE-CENTRAL,Central Plant,Paint & Utilities,3504.105,0.22,91.628,475.041,8.833,0.38
2026-01-25 18:30:00,DE-CENTRAL,Central Plant,Paint & Utilities,3532.993,0.22,88.225,465.445,8.682,0.38
2026-01-25 18:45:00,DE-CENTRAL,Central Plant,Paint & Utilities,3665.507,0.22,89.173,462.992,8.284,0.38
2026-01-25 19:00:00,DE-CENTRAL,Central Plant,Paint & Utilities,3602.496,0.22,88.186,465.744,9.428,0.38
2026-01-25 19:15:00,DE-CENTRAL,Central Plant,Paint & Utilities,3478.38,0.22,85.63,474.622,7.362,0.38
2026-01-25 19:30:00,DE-CENTRAL,Central Plant,Paint & Utilities,3228.753,0.22,82.599,451.444,9.2,0.38
2026-01-25 19:45:00,DE-CENTRAL,Central Plant,Paint & Utilities,3518.927,0.22,92.056,442.652,10.123,0.38
2026-01-25 20:00:00,DE-CENTRAL,Central Plant,Paint & Utilities,3333.669,0.22,79.681,456.099,10.008,0.38
2026-01-25 20:15:00,DE-CENTRAL,Central Plant,Paint & Utilities,3537.373,0.22,76.99,443.175,9.262,0.38
2026-01-25 20:30:00,DE-CENTRAL,Central Plant,Paint & Utilities,3352.827,0.22,79.494,421.079,8.746,0.38
2026-01-25 20:45:00,DE-CENTRAL,Central Plant,Paint & Utilities,3321.585,0.22,76.869,418.356,8.459,0.38
2026-01-25 21:00:00,DE-CENTRAL,Central Plant,Paint & Utilities,3458.95,0.22,68.398,414.174,8.618,0.38
2026-01-25 21:15:00,DE-CENTRAL,Central Plant,Paint & Utilities,3728.125,0.22,76.759,410.026,9.115,0.38
2026-01-25 21:30:00,DE-CENTRAL,Central Plant,Paint & Utilities,3552.882,0.22,70.272,383.689,8.054,0.38
2026-01-25 21:45:00,DE-CENTRAL,Central Plant,Paint & Utilities,3460.366,0.22,64.736,376.249,9.015,0.38
2026-01-25 22:00:00,DE-CENTRAL,Central Plant,Paint & Utilities,3201.857,0.22,72.63,379.447,9.823,0.28
2026-01-25 22:15:00,DE-CENTRAL,Central Plant,Paint & Utilities,2989.067,0.22,69.24,374.415,8.114,0.28
2026-01-25 22:30:00,DE-CENTRAL,Central Plant,Paint & Utilities,3113.767,0.22,60.705,374.705,7.026,0.28
2026-01-25 22:45:00,DE-CENTRAL,Central Plant,Paint & Utilities,2962.947,0.22,72.049,386.997,6.818,0.28
2026-01-25 23:00:00,DE-CENTRAL,Central Plant,Paint & Utilities,3497.01,0.22,66.892,374.766,8.079,0.28
2026-01-25 23:15:00,DE-CENTRAL,Central Plant,Paint & Utilities,3516.519,0.22,63.653,376.973,7.255,0.28
2026-01-25 23:30:00,DE-CENTRAL,Central Plant,Paint & Utilities,3389.134,0.22,69.598,358.099,7.658,0.28
2026-01-25 23:45:00,DE-CENTRAL,Central Plant,Paint & Utilities,3414.136,0.22,63.504,365.721,6.404,0.28
2026-01-05 00:00:00,DE-NORTH,North Plant,Body & Welding,3114.85,0.16,64.261,374.663,6.911,0.38
2026-01-05 00:15:00,DE-NORTH,North Plant,Body & Welding,3038.115,0.16,58.814,366.473,6.628,0.38
2026-01-05 00:30:00,DE-NORTH,North Plant,Body & Welding,3013.103,0.16,65.913,380.776,5.406,0.38
2026-01-05 00:45:00,DE-NORTH,North Plant,Body & Welding,3066.152,0.16,66.619,378.912,5.72,0.38
2026-01-05 01:00:00,DE-NORTH,North Plant,Body & Welding,2990.706,0.16,55.008,372.77,6.833,0.38
2026-01-05 01:15:00,DE-NORTH,North Plant,Body & Welding,3360.742,0.16,57.573,362.518,4.963,0.38
2026-01-05 01:30:00,DE-NORTH,North Plant,Body & Welding,3163.61,0.16,63.279,372.964,4.167,0.38
2026-01-05 01:45:00,DE-NORTH,North Plant,Body & Welding,3251.806,0.16,61.508,369.979,4.205,0.38
2026-01-05 02:00:00,DE-NORTH,North Plant,Body & Welding,3136.599,0.16,62.735,354.232,4.065,0.38
2026-01-05 02:15:00,DE-NORTH,North Plant,Body & Welding,3091.418,0.16,59.448,351.994,3.567,0.38
2026-01-05 02:30:00,DE-NORTH,North Plant,Body & Welding,3180.075,0.16,66.469,375.866,3.325,0.38
2026-01-05 02:45:00,DE-NORTH,North Plant,Body & Welding,3330.124,0.16,66.191,337.297,2.014,0.38
2026-01-05 03:00:00,DE-NORTH,North Plant,Body & Welding,3152.873,0.16,63.515,370.428,2.032,0.38
2026-01-05 03:15:00,DE-NORTH,North Plant,Body & Welding,3103.426,0.16,67.977,361.678,2.288,0.38
2026-01-05 03:30:00,DE-NORTH,North Plant,Body & Welding,3200.995,0.16,65.606,382.575,1.971,0.38
2026-01-05 03:45:00,DE-NORTH,North Plant,Body & Welding,3226.613,0.16,60.62,360.425,1.392,0.38
2026-01-05 04:00:00,DE-NORTH,North Plant,Body & Welding,3328.058,0.16,65.907,373.741,1.376,0.38
2026-01-05 04:15:00,DE-NORTH,North Plant,Body & Welding,3172.804,0.16,61.027,360.556,1.265,0.38
2026-01-05 04:30:00,DE-NORTH,North Plant,Body & Welding,3177.364,0.16,68.858,366.187,1.579,0.38
2026-01-05 04:45:00,DE-NORTH,North Plant,Body & Welding,3170.641,0.16,65.674,373.179,0.634,0.38
2026-01-05 05:00:00,DE-NORTH,North Plant,Body & Welding,2948.063,0.16,65.706,358.315,0.744,0.38
2026-01-05 05:15:00,DE-NORTH,North Plant,Body & Welding,2951.61,0.16,64.326,375.365,-0.138,0.38
2026-01-05 05:30:00,DE-NORTH,North Plant,Body & Welding,2908.25,0.16,72.564,351.037,0.434,0.38
2026-01-05 05:45:00,DE-NORTH,North Plant,Body & Welding,2861.202,0.16,67.689,366.066,0.106,0.38
2026-01-05 06:00:00,DE-NORTH,North Plant,Body & Welding,4480.411,0.16,67.219,373.186,0.276,0.98
2026-01-05 06:15:00,DE-NORTH,North Plant,Body & Welding,4397.97,0.16,66.229,358.189,0.015,0.98
2026-01-05 06:30:00,DE-NORTH,North Plant,Body & Welding,4349.273,0.16,68.439,361.485,-0.207,0.98
2026-01-05 06:45:00,DE-NORTH,North Plant,Body & Welding,4049.599,0.16,66.403,317.659,-0.804,0.98
2026-01-05 07:00:00,DE-NORTH,North Plant,Body & Welding,4515.419,0.16,65.175,298.766,-0.658,0.98
2026-01-05 07:15:00,DE-NORTH,North Plant,Body & Welding,4184.614,0.16,63.774,292.09,-0.159,0.98
2026-01-05 07:30:00,DE-NORTH,North Plant,Body & Welding,4495.419,0.16,69.084,300.913,-1.414,0.98
2026-01-05 07:45:00,DE-NORTH,North Plant,Body & Welding,4122.132,0.16,57.297,288.232,-1.429,0.98
2026-01-05 08:00:00,DE-NORTH,North Plant,Body & Welding,4182.971,0.16,55.219,273.104,-0.873,0.98
2026-01-05 08:15:00,DE-NORTH,North Plant,Body & Welding,4040.136,0.16,52.304,248.414,-0.699,0.98
2026-01-05 08:30:00,DE-NORTH,North Plant,Body & Welding,4327.993,0.16,56.27,261.54,-1.534,0.98
2026-01-05 08:45:00,DE-NORTH,North Plant,Body & Welding,4183.805,0.16,56.535,228.565,-0.956,0.98
2026-01-05 09:00:00,DE-NORTH,North Plant,Body & Welding,4206.164,0.16,49.758,248.606,-0.895,0.98
2026-01-05 09:15:00,DE-NORTH,North Plant,Body & Welding,4212.962,0.16,45.049,260.975,-2.285,0.98
2026-01-05 09:30:00,DE-NORTH,North Plant,Body & Welding,4451.776,0.16,43.328,223.654,-0.773,0.98
2026-01-05 09:45:00,DE-NORTH,North Plant,Body & Welding,4474.549,0.16,47.487,219.441,-0.594,0.98
2026-01-05 10:00:00,DE-NORTH,North Plant,Body & Welding,4622.7,0.16,46.18,200.361,-0.442,0.98
2026-01-05 10:15:00,DE-NORTH,North Plant,Body & Welding,4383.73,0.16,43.787,179.056,0.834,0.98
2026-01-05 10:30:00,DE-NORTH,North Plant,Body & Welding,4532.482,0.16,37.466,188.746,-0.818,0.98
2026-01-05 10:45:00,DE-NORTH,North Plant,Body & Welding,4407.02,0.16,39.696,178.784,-0.336,0.98
2026-01-05 11:00:00,DE-NORTH,North Plant,Body & Welding,4554.884,0.16,38.016,171.195,-1.364,0.98
2026-01-05 11:15:00,DE-NORTH,North Plant,Body & Welding,4554.581,0.16,37.363,206.646,0.367,0.98
2026-01-05 11:30:00,DE-NORTH,North Plant,Body & Welding,4689.183,0.16,39.085,187.449,0.679,0.98
2026-01-05 11:45:00,DE-NORTH,North Plant,Body & Welding,4777.301,0.16,35.786,187.722,0.865,0.98
2026-01-05 12:00:00,DE-NORTH,North Plant,Body & Welding,4789.254,0.16,37.089,179.261,2.275,0.98
2026-01-05 12:15:00,DE-NORTH,North Plant,Body & Welding,4620.559,0.16,34.325,181.53,2.391,0.98
2026-01-05 12:30:00,DE-NORTH,North Plant,Body & Welding,4837.139,0.16,35.097,196.666,2.141,0.98
2026-01-05 12:45:00,DE-NORTH,North Plant,Body & Welding,4743.8,0.16,36.563,187.065,2.133,0.98
2026-01-05 13:00:00,DE-NORTH,North Plant,Body & Welding,4712.468,0.16,28.524,197.085,3.424,0.98
2026-01-05 13:15:00,DE-NORTH,North Plant,Body & Welding,4682.076,0.16,33.613,192.561,3.011,0.98
2026-01-05 13:30:00,DE-NORTH,North Plant,Body & Welding,4700.458,0.16,33.782,195.967,2.775,0.98
2026-01-05 13:45:00,DE-NORTH,North Plant,Body & Welding,4940.27,0.16,34.12,189.352,2.472,0.98
2026-01-05 14:00:00,DE-NORTH,North Plant,Body & Welding,4509.836,0.16,36.838,189.701,3.691,0.88
2026-01-05 14:15:00,DE-NORTH,North Plant,Body & Welding,4469.807,0.16,45.44,218.566,4.855,0.88
2026-01-05 14:30:00,DE-NORTH,North Plant,Body & Welding,4391.095,0.16,37.785,231.755,6.246,0.88
2026-01-05 14:45:00,DE-NORTH,North Plant,Body & Welding,4664.699,0.16,47.183,226.136,5.019,0.88
2026-01-05 15:00:00,DE-NORTH,North Plant,Body & Welding,4520.83,0.16,38.913,252.771,4.758,0.88
2026-01-05 15:15:00,DE-NORTH,North Plant,Body & Welding,4278.138,0.16,46.91,266.548,4.778,0.88
2026-01-05 15:30:00,DE-NORTH,North Plant,Body & Welding,4277.654,0.16,51.763,253.807,6.3,0.88
2026-01-05 15:45:00,DE-NORTH,North Plant,Body & Welding,4263.051,0.16,56.558,283.451,4.976,0.88
2026-01-05 16:00:00,DE-NORTH,North Plant,Body & Welding,4246.567,0.16,60.364,314.937,6.885,0.88
2026-01-05 16:15:00,DE-NORTH,North Plant,Body & Welding,4117.35,0.16,64.165,331.021,7.35,0.88
2026-01-05 16:30:00,DE-NORTH,North Plant,Body & Welding,4201.752,0.16,63.181,329.381,7.349,0.88
2026-01-05 16:45:00,DE-NORTH,North Plant,Body & Welding,4275.925,0.16,66.363,362.276,7.143,0.88
2026-01-05 17:00:00,DE-NORTH,North Plant,Body & Welding,3945.088,0.16,75.264,389.848,7.931,0.88
2026-01-05 17:15:00,DE-NORTH,North Plant,Body & Welding,3934.92,0.16,74.599,403.905,7.879,0.88
2026-01-05 17:30:00,DE-NORTH,North Plant,Body & Welding,3980.052,0.16,73.633,409.973,7.422,0.88
2026-01-05 17:45:00,DE-NORTH,North Plant,Body & Welding,3941.014,0.16,77.346,421.323,9.453,0.88
2026-01-05 18:00:00,DE-NORTH,North Plant,Body & Welding,4190.842,0.16,81.055,434.273,8.084,0.88
2026-01-05 18:15:00,DE-NORTH,North Plant,Body & Welding,4061.625,0.16,87.342,449.761,9.027,0.88
2026-01-05 18:30:00,DE-NORTH,North Plant,Body & Welding,4066.233,0.16,86.18,447.607,6.926,0.88
2026-01-05 18:45:00,DE-NORTH,North Plant,Body & Welding,3906.883,0.16,88.257,452.703,9.628,0.88
2026-01-05 19:00:00,DE-NORTH,North Plant,Body & Welding,3901.932,0.16,83.309,445.412,9.858,0.88
2026-01-05 19:15:00,DE-NORTH,North Plant,Body & Welding,3793.619,0.16,84.836,451.213,8.925,0.88
2026-01-05 19:30:00,DE-NORTH,North Plant,Body & Welding,4033.598,0.16,85.591,439.092,9.348,0.88
2026-01-05 19:45:00,DE-NORTH,North Plant,Body & Welding,4017.241,0.16,80.491,443.127,9.38,0.88
2026-01-05 20:00:00,DE-NORTH,North Plant,Body & Welding,4127.983,0.16,82.009,439.298,8.55,0.88
2026-01-05 20:15:00,DE-NORTH,North Plant,Body & Welding,3985.664,0.16,75.865,413.925,9.372,0.88
2026-01-05 20:30:00,DE-NORTH,North Plant,Body & Welding,4029.425,0.16,75.332,396.419,8.391,0.88
2026-01-05 20:45:00,DE-NORTH,North Plant,Body & Welding,4091.085,0.16,73.53,431.181,8.478,0.88
2026-01-05 21:00:00,DE-NORTH,North Plant,Body & Welding,4187.737,0.16,68.598,410.461,9.618,0.88
2026-01-05 21:15:00,DE-NORTH,North Plant,Body & Welding,3975.817,0.16,73.751,381.853,9.417,0.88
2026-01-05 21:30:00,DE-NORTH,North Plant,Body & Welding,4255.608,0.16,68.476,389.341,8.125,0.88
2026-01-05 21:45:00,DE-NORTH,North Plant,Body & Welding,4213.333,0.16,69.106,403.157,7.971,0.88
2026-01-05 22:00:00,DE-NORTH,North Plant,Body & Welding,2907.681,0.16,69.846,387.074,7.878,0.38
2026-01-05 22:15:00,DE-NORTH,North Plant,Body & Welding,2816.27,0.16,68.743,381.379,8.67,0.38
2026-01-05 22:30:00,DE-NORTH,North Plant,Body & Welding,3057.869,0.16,68.814,401.97,7.267,0.38
2026-01-05 22:45:00,DE-NORTH,North Plant,Body & Welding,3238.102,0.16,65.107,370.735,8.009,0.38
2026-01-05 23:00:00,DE-NORTH,North Plant,Body & Welding,3280.626,0.16,63.293,372.326,8.058,0.38
2026-01-05 23:15:00,DE-NORTH,North Plant,Body & Welding,3166.999,0.16,64.274,383.446,7.235,0.38
2026-01-05 23:30:00,DE-NORTH,North Plant,Body & Welding,3344.343,0.16,57.554,384.944,7.751,0.38
2026-01-05 23:45:00,DE-NORTH,North Plant,Body & Welding,3156.35,0.16,58.312,385.85,6.565,0.38
2026-01-06 00:00:00,DE-NORTH,North Plant,Body & Welding,3270.409,0.16,58.172,388.874,6.35,0.38
2026-01-06 00:15:00,DE-NORTH,North Plant,Body & Welding,3134.963,0.16,59.575,380.915,5.527,0.38
2026-01-06 00:30:00,DE-NORTH,North Plant,Body & Welding,3117.545,0.16,65.271,384.994,6.625,0.38
2026-01-06 00:45:00,DE-NORTH,North Plant,Body & Welding,3112.615,0.16,60.165,376.594,5.071,0.38
2026-01-06 01:00:00,DE-NORTH,North Plant,Body & Welding,2955.823,0.16,62.398,381.036,5.539,0.38
2026-01-06 01:15:00,DE-NORTH,North Plant,Body & Welding,3303.185,0.16,69.244,382.146,4.926,0.38
2026-01-06 01:30:00,DE-NORTH,North Plant,Body & Welding,3097.325,0.16,62.773,384.002,3.916,0.38
2026-01-06 01:45:00,DE-NORTH,North Plant,Body & Welding,3064.356,0.16,67.317,391.248,3.901,0.38
2026-01-06 02:00:00,DE-NORTH,North Plant,Body & Welding,2995.034,0.16,60.824,389.189,4.968,0.38
2026-01-06 02:15:00,DE-NORTH,North Plant,Body & Welding,3087.931,0.16,63.954,383.598,3.814,0.38
2026-01-06 02:30:00,DE-NORTH,North Plant,Body & Welding,3283.456,0.16,61.224,373.888,2.641,0.38
2026-01-06 02:45:00,DE-NORTH,North Plant,Body & Welding,3288.049,0.16,63.952,384.93,3.238,0.38
2026-01-06 03:00:00,DE-NORTH,North Plant,Body & Welding,2875.251,0.16,68.992,384.291,2.604,0.38
2026-01-06 03:15:00,DE-NORTH,North Plant,Body & Welding,2965.162,0.16,59.089,387.444,4.811,0.38
2026-01-06 03:30:00,DE-NORTH,North Plant,Body & Welding,2894.052,0.16,68.15,412.09,2.286,0.38
2026-01-06 03:45:00,DE-NORTH,North Plant,Body & Welding,3089.849,0.16,67.828,379.8,1.522,0.38
2026-01-06 04:00:00,DE-NORTH,North Plant,Body & Welding,2983.449,0.16,65.016,391.613,2.494,0.38
2026-01-06 04:15:00,DE-NORTH,North Plant,Body & Welding,2890.825,0.16,62.174,399.814,-0.067,0.38
2026-01-06 04:30:00,DE-NORTH,North Plant,Body & Welding,2935.231,0.16,68.862,388.6,1.022,0.38
2026-01-06 04:45:00,DE-NORTH,North Plant,Body & Welding,2850.068,0.16,67.114,415.896,2.099,0.38
2026-01-06 05:00:00,DE-NORTH,North Plant,Body & Welding,3073.075,0.16,70.859,383.708,0.383,0.38
2026-01-06 05:15:00,DE-NORTH,North Plant,Body & Welding,2963.929,0.16,70.74,392.52,-0.973,0.38
2026-01-06 05:30:00,DE-NORTH,North Plant,Body & Welding,2962.266,0.16,77.801,379.415,-0.244,0.38
2026-01-06 05:45:00,DE-NORTH,North Plant,Body & Welding,2597.092,0.16,71.181,385.136,0.861,0.38
2026-01-06 06:00:00,DE-NORTH,North Plant,Body & Welding,4253.282,0.16,68.778,392.678,-0.067,0.98
2026-01-06 06:15:00,DE-NORTH,North Plant,Body & Welding,4494.174,0.16,72.397,388.72,-1.072,0.98
2026-01-06 06:30:00,DE-NORTH,North Plant,Body & Welding,4425.318,0.16,71.33,371.298,-1.099,0.98
2026-01-06 06:45:00,DE-NORTH,North Plant,Body & Welding,4107.823,0.16,74.612,371.563,-1.126,0.98
2026-01-06 07:00:00,DE-NORTH,North Plant,Body & Welding,4283.523,0.16,71.186,344.426,-0.577,0.98
2026-01-06 07:15:00,DE-NORTH,North Plant,Body & Welding,4208.671,0.16,67.882,330.867,0.033,0.98
2026-01-06 07:30:00,DE-NORTH,North Plant,Body & Welding,4545.356,0.16,70.852,356.809,-0.221,0.98
2026-01-06 07:45:00,DE-NORTH,North Plant,Body & Welding,4427.417,0.16,58.722,318.869,-0.67,0.98
2026-01-06 08:00:00,DE-NORTH,North Plant,Body & Welding,4367.964,0.16,59.33,295.592,-1.932,0.98
2026-01-06 08:15:00,DE-NORTH,North Plant,Body & Welding,4488.146,0.16,56.536,286.337,-1.919,0.98
2026-01-06 08:30:00,DE-NORTH,North Plant,Body & Welding,4234.726,0.16,56.985,274.196,-0.584,0.98
2026-01-06 08:45:00,DE-NORTH,North Plant,Body & Welding,4444.906,0.16,51.301,288.022,-1.846,0.98
2026-01-06 09:00:00,DE-NORTH,North Plant,Body & Welding,4591.433,0.16,57.588,264.159,-0.988,0.98
2026-01-06 09:15:00,DE-NORTH,North Plant,Body & Welding,4707.996,0.16,52.393,262.319,-0.522,0.98
2026-01-06 09:30:00,DE-NORTH,North Plant,Body & Welding,4458.706,0.16,45.648,252.831,-1.416,0.98
2026-01-06 09:45:00,DE-NORTH,North Plant,Body & Welding,4652.234,0.16,45.755,255.748,-1.201,0.98
2026-01-06 10:00:00,DE-NORTH,North Plant,Body & Welding,4818.876,0.16,49.415,230.79,-0.396,0.98
2026-01-06 10:15:00,DE-NORTH,North Plant,Body & Welding,4579.42,0.16,49.936,222.655,0.195,0.98
2026-01-06 10:30:00,DE-NORTH,North Plant,Body & Welding,4770.663,0.16,53.094,233.521,0.776,0.98
2026-01-06 10:45:00,DE-NORTH,North Plant,Body & Welding,4770.511,0.16,55.405,233.986,0.666,0.98
2026-01-06 11:00:00,DE-NORTH,North Plant,Body & Welding,4955.938,0.16,44.187,227.408,0.516,0.98
2026-01-06 11:15:00,DE-NORTH,North Plant,Body & Welding,4760.71,0.16,37.502,211.066,0.181,0.98
2026-01-06 11:30:00,DE-NORTH,North Plant,Body & Welding,4766.829,0.16,32.028,227.006,0.207,0.98
2026-01-06 11:45:00,DE-NORTH,North Plant,Body & Welding,4862.896,0.16,40.899,208.801,0.865,0.98
2026-01-06 12:00:00,DE-NORTH,North Plant,Body & Welding,4614.225,0.16,36.034,211.091,1.787,0.98
2026-01-06 12:15:00,DE-NORTH,North Plant,Body & Welding,4712.464,0.16,37.273,206.434,2.024,0.98
2026-01-06 12:30:00,DE-NORTH,North Plant,Body & Welding,4681.679,0.16,36.334,234.6,0.617,0.98
2026-01-06 12:45:00,DE-NORTH,North Plant,Body & Welding,4678.152,0.16,38.273,228.646,1.843,0.98
2026-01-06 13:00:00,DE-NORTH,North Plant,Body & Welding,4736.401,0.16,43.366,231.225,3.549,0.98
2026-01-06 13:15:00,DE-NORTH,North Plant,Body & Welding,4678.588,0.16,40.215,242.745,3.08,0.98
2026-01-06 13:30:00,DE-NORTH,North Plant,Body & Welding,4514.82,0.16,39.664,266.269,2.355,0.98
2026-01-06 13:45:00,DE-NORTH,North Plant,Body & Welding,4541.996,0.16,37.102,217.707,5.322,0.98
2026-01-06 14:00:00,DE-NORTH,North Plant,Body & Welding,4415.544,0.16,35.738,236.058,3.98,0.88
2026-01-06 14:15:00,DE-NORTH,North Plant,Body & Welding,4129.967,0.16,41.936,245.26,4.596,0.88
2026-01-06 14:30:00,DE-NORTH,North Plant,Body & Welding,4193.852,0.16,45.373,251.244,4.932,0.88
2026-01-06 14:45:00,DE-NORTH,North Plant,Body & Welding,4126.236,0.16,54.634,258.406,4.718,0.88
2026-01-06 15:00:00,DE-NORTH,North Plant,Body & Welding,4106.753,0.16,50.326,278.712,4.785,0.88
2026-01-06 15:15:00,DE-NORTH,North Plant,Body & Welding,3889.005,0.16,56.244,279.748,7.092,0.88
2026-01-06 15:30:00,DE-NORTH,North Plant,Body & Welding,4186.079,0.16,53.077,311.431,6.616,0.88
2026-01-06 15:45:00,DE-NORTH,North Plant,Body & Welding,3931.465,0.16,53.328,322.039,6.787,0.88
2026-01-06 16:00:00,DE-NORTH,North Plant,Body & Welding,4099.933,0.16,57.403,342.03,6.903,0.88
2026-01-06 16:15:00,DE-NORTH,North Plant,Body & Welding,3920.27,0.16,61.719,357.869,6.076,0.88
2026-01-06 16:30:00,DE-NORTH,North Plant,Body & Welding,3891.006,0.16,76.598,375.022,7.938,0.88
2026-01-06 16:45:00,DE-NORTH,North Plant,Body & Welding,4091.137,0.16,68.311,379.586,6.707,0.88
2026-01-06 17:00:00,DE-NORTH,North Plant,Body & Welding,4057.672,0.16,78.443,425.829,7.734,0.88
2026-01-06 17:15:00,DE-NORTH,North Plant,Body & Welding,3991.349,0.16,74.877,419.266,6.612,0.88
2026-01-06 17:30:00,DE-NORTH,North Plant,Body & Welding,4059.971,0.16,85.451,409.689,6.538,0.88
2026-01-06 17:45:00,DE-NORTH,North Plant,Body & Welding,3945.981,0.16,86.269,434.859,8.38,0.88
2026-01-06 18:00:00,DE-NORTH,North Plant,Body & Welding,4000.687,0.16,86.814,439.89,7.764,0.88
2026-01-06 18:15:00,DE-NORTH,North Plant,Body & Welding,3962.02,0.16,87.751,462.285,7.092,0.88
2026-01-06 18:30:00,DE-NORTH,North Plant,Body & Welding,4134.177,0.16,85.404,460.692,8.998,0.88
2026-01-06 18:45:00,DE-NORTH,North Plant,Body & Welding,3984.117,0.16,89.541,455.355,10.219,0.88
2026-01-06 19:00:00,DE-NORTH,North Plant,Body & Welding,4249.371,0.16,85.304,482.706,9.802,0.88
2026-01-06 19:15:00,DE-NORTH,North Plant,Body & Welding,4105.19,0.16,81.249,461.622,8.724,0.88
2026-01-06 19:30:00,DE-NORTH,North Plant,Body & Welding,4173.349,0.16,79.767,459.203,8.963,0.88
2026-01-06 19:45:00,DE-NORTH,North Plant,Body & Welding,4280.013,0.16,84.048,433.941,9.611,0.88
2026-01-06 20:00:00,DE-NORTH,North Plant,Body & Welding,4236.387,0.16,87.964,427.118,9.785,0.88
2026-01-06 20:15:00,DE-NORTH,North Plant,Body & Welding,4247.189,0.16,80.453,433.125,8.749,0.88
2026-01-06 20:30:00,DE-NORTH,North Plant,Body & Welding,4305.457,0.16,77.444,428.132,8.981,0.88
2026-01-06 20:45:00,DE-NORTH,North Plant,Body & Welding,4431.173,0.16,77.166,397.146,9.114,0.88
2026-01-06 21:00:00,DE-NORTH,North Plant,Body & Welding,4293.706,0.16,79.403,410.797,9.217,0.88
2026-01-06 21:15:00,DE-NORTH,North Plant,Body & Welding,4379.241,0.16,73.307,406.985,8.641,0.88
2026-01-06 21:30:00,DE-NORTH,North Plant,Body & Welding,4414.01,0.16,69.166,398.519,8.535,0.88
2026-01-06 21:45:00,DE-NORTH,North Plant,Body & Welding,4509.481,0.16,73.767,386.128,9.45,0.88
2026-01-06 22:00:00,DE-NORTH,North Plant,Body & Welding,3131.758,0.16,69.751,384.749,9.177,0.38
2026-01-06 22:15:00,DE-NORTH,North Plant,Body & Welding,3342.641,0.16,73.041,384.992,8.492,0.38
2026-01-06 22:30:00,DE-NORTH,North Plant,Body & Welding,3129.636,0.16,66.655,384.637,9.17,0.38
2026-01-06 22:45:00,DE-NORTH,North Plant,Body & Welding,3134.432,0.16,60.201,387.748,7.489,0.38
2026-01-06 23:00:00,DE-NORTH,North Plant,Body & Welding,3122.586,0.16,58.941,390.866,8.672,0.38
2026-01-06 23:15:00,DE-NORTH,North Plant,Body & Welding,3001.86,0.16,70.454,372.176,7.676,0.38
2026-01-06 23:30:00,DE-NORTH,North Plant,Body & Welding,3001.131,0.16,70.286,368.398,9.334,0.38
2026-01-06 23:45:00,DE-NORTH,North Plant,Body & Welding,3071.735,0.16,62.301,377.581,5.943,0.38
2026-01-07 00:00:00,DE-NORTH,North Plant,Body & Welding,3226.987,0.16,60.682,376.535,6.017,0.38
2026-01-07 00:15:00,DE-NORTH,North Plant,Body & Welding,3078.224,0.16,67.997,363.429,6.505,0.38
2026-01-07 00:30:00,DE-NORTH,North Plant,Body & Welding,3011.062,0.16,57.667,377.566,6.191,0.38
2026-01-07 00:45:00,DE-NORTH,North Plant,Body & Welding,3158.777,0.16,58.469,379.286,6.972,0.38
2026-01-07 01:00:00,DE-NORTH,North Plant,Body & Welding,3189.399,0.16,64.585,382.49,4.826,0.38
2026-01-07 01:15:00,DE-NORTH,North Plant,Body & Welding,3125.321,0.16,60.412,387.798,5.609,0.38
2026-01-07 01:30:00,DE-NORTH,North Plant,Body & Welding,2880.41,0.16,61.966,355.54,5.466,0.38
2026-01-07 01:45:00,DE-NORTH,North Plant,Body & Welding,2900.252,0.16,61.349,365.593,4.82,0.38
2026-01-07 02:00:00,DE-NORTH,North Plant,Body & Welding,3134.681,0.16,63.395,365.062,3.327,0.38
2026-01-07 02:15:00,DE-NORTH,North Plant,Body & Welding,2935.017,0.16,67.745,363.262,4.658,0.38
2026-01-07 02:30:00,DE-NORTH,North Plant,Body & Welding,2867.019,0.16,62.582,356.173,4.208,0.38
2026-01-07 02:45:00,DE-NORTH,North Plant,Body & Welding,2961.636,0.16,64.939,345.676,3.444,0.38
2026-01-07 03:00:00,DE-NORTH,North Plant,Body & Welding,2984.256,0.16,54.349,364.167,2.849,0.38
2026-01-07 03:15:00,DE-NORTH,North Plant,Body & Welding,2810.944,0.16,62.588,353.401,2.551,0.38
2026-01-07 03:30:00,DE-NORTH,North Plant,Body & Welding,2892.028,0.16,59.695,363.234,2.031,0.38
2026-01-07 03:45:00,DE-NORTH,North Plant,Body & Welding,2960.576,0.16,58.532,352.269,2.237,0.38
2026-01-07 04:00:00,DE-NORTH,North Plant,Body & Welding,2748.553,0.16,60.289,348.214,1.522,0.38
2026-01-07 04:15:00,DE-NORTH,North Plant,Body & Welding,2884.146,0.16,62.914,363.849,0.628,0.38
2026-01-07 04:30:00,DE-NORTH,North Plant,Body & Welding,2776.944,0.16,68.416,362.493,0.222,0.38
2026-01-07 04:45:00,DE-NORTH,North Plant,Body & Welding,2801.55,0.16,59.998,367.295,0.177,0.38
2026-01-07 05:00:00,DE-NORTH,North Plant,Body & Welding,2854.846,0.16,66.019,386.253,0.62,0.38
2026-01-07 05:15:00,DE-NORTH,North Plant,Body & Welding,2984.509,0.16,64.586,363.047,0.222,0.38
2026-01-07 05:30:00,DE-NORTH,North Plant,Body & Welding,2919.987,0.16,65.86,365.256,0.184,0.38
2026-01-07 05:45:00,DE-NORTH,North Plant,Body & Welding,2906.791,0.16,71.838,346.238,0.193,0.38
2026-01-07 06:00:00,DE-NORTH,North Plant,Body & Welding,4443.617,0.16,70.629,343.478,-0.769,0.98
2026-01-07 06:15:00,DE-NORTH,North Plant,Body & Welding,4340.828,0.16,72.555,366.24,0.542,0.98
2026-01-07 06:30:00,DE-NORTH,North Plant,Body & Welding,4557.085,0.16,65.285,324.559,-0.807,0.98
2026-01-07 06:45:00,DE-NORTH,North Plant,Body & Welding,4670.879,0.16,61.777,311.625,-1.038,0.98
2026-01-07 07:00:00,DE-NORTH,North Plant,Body & Welding,4575.641,0.16,62.273,312.361,-0.492,0.98
2026-01-07 07:15:00,DE-NORTH,North Plant,Body & Welding,4615.853,0.16,62.692,300.64,-2.189,0.98
2026-01-07 07:30:00,DE-NORTH,North Plant,Body & Welding,4703.879,0.16,60.922,280.045,-1.511,0.98
2026-01-07 07:45:00,DE-NORTH,North Plant,Body & Welding,4471.351,0.16,54.31,276.676,-0.303,0.98
2026-01-07 08:00:00,DE-NORTH,North Plant,Body & Welding,4788.375,0.16,57.383,284.9,-2.216,0.98
2026-01-07 08:15:00,DE-NORTH,North Plant,Body & Welding,5062.348,0.16,56.253,250.683,-0.207,0.98
2026-01-07 08:30:00,DE-NORTH,North Plant,Body & Welding,4741.12,0.16,63.684,234.275,0.101,0.98
2026-01-07 08:45:00,DE-NORTH,North Plant,Body & Welding,4769.83,0.16,59.363,253.432,-1.163,0.98
2026-01-07 09:00:00,DE-NORTH,North Plant,Body & Welding,4865.71,0.16,46.667,239.665,-0.625,0.98
2026-01-07 09:15:00,DE-NORTH,North Plant,Body & Welding,4959.057,0.16,47.155,218.499,0.049,0.98
2026-01-07 09:30:00,DE-NORTH,North Plant,Body & Welding,4898.655,0.16,40.696,199.732,-0.946,0.98
2026-01-07 09:45:00,DE-NORTH,North Plant,Body & Welding,4553.921,0.16,42.474,203.172,0.123,0.98
2026-01-07 10:00:00,DE-NORTH,North Plant,Body & Welding,4838.055,0.16,44.45,205.485,-0.8,0.98
2026-01-07 10:15:00,DE-NORTH,North Plant,Body & Welding,5030.231,0.16,46.448,214.836,-0.492,0.98
2026-01-07 10:30:00,DE-NORTH,North Plant,Body & Welding,4805.518,0.16,37.251,183.812,-0.526,0.98
2026-01-07 10:45:00,DE-NORTH,North Plant,Body & Welding,4584.185,0.16,36.218,191.359,0.481,0.98
2026-01-07 11:00:00,DE-NORTH,North Plant,Body & Welding,4698.583,0.16,29.056,197.336,1.275,0.98
2026-01-07 11:15:00,DE-NORTH,North Plant,Body & Welding,4509.814,0.16,35.963,158.279,0.574,0.98
2026-01-07 11:30:00,DE-NORTH,North Plant,Body & Welding,4744.517,0.16,31.503,197.656,0.066,0.98
2026-01-07 11:45:00,DE-NORTH,North Plant,Body & Welding,4474.548,0.16,32.956,170.251,0.464,0.98
2026-01-07 12:00:00,DE-NORTH,North Plant,Body & Welding,4532.268,0.16,31.077,188.425,1.776,0.98
2026-01-07 12:15:00,DE-NORTH,North Plant,Body & Welding,4383.663,0.16,33.916,188.232,3.079,0.98
2026-01-07 12:30:00,DE-NORTH,North Plant,Body & Welding,4386.197,0.16,27.176,199.967,2.362,0.98
2026-01-07 12:45:00,DE-NORTH,North Plant,Body & Welding,4565.836,0.16,28.463,196.116,2.122,0.98
2026-01-07 13:00:00,DE-NORTH,North Plant,Body & Welding,4375.145,0.16,43.19,164.43,3.242,0.98
2026-01-07 13:15:00,DE-NORTH,North Plant,Body & Welding,4277.692,0.16,30.089,187.922,2.857,0.98
2026-01-07 13:30:00,DE-NORTH,North Plant,Body & Welding,4185.401,0.16,31.649,204.341,3.083,0.98
2026-01-07 13:45:00,DE-NORTH,North Plant,Body & Welding,4085.231,0.16,44.422,206.685,3.002,0.98
2026-01-07 14:00:00,DE-NORTH,North Plant,Body & Welding,3879.378,0.16,49.983,222.131,4.986,0.88
2026-01-07 14:15:00,DE-NORTH,North Plant,Body & Welding,4032.086,0.16,35.222,234.317,2.55,0.88
2026-01-07 14:30:00,DE-NORTH,North Plant,Body & Welding,4086.607,0.16,40.248,241.688,5.211,0.88
2026-01-07 14:45:00,DE-NORTH,North Plant,Body & Welding,3925.386,0.16,45.172,242.473,4.651,0.88
2026-01-07 15:00:00,DE-NORTH,North Plant,Body & Welding,4145.579,0.16,53.079,234.665,5.007,0.88
2026-01-07 15:15:00,DE-NORTH,North Plant,Body & Welding,3892.565,0.16,44.844,264.23,6.792,0.88
2026-01-07 15:30:00,DE-NORTH,North Plant,Body & Welding,3966.744,0.16,50.695,288.621,5.414,0.88
2026-01-07 15:45:00,DE-NORTH,North Plant,Body & Welding,3889.973,0.16,57.907,285.441,5.735,0.88
2026-01-07 16:00:00,DE-NORTH,North Plant,Body & Welding,4119.9,0.16,59.864,321.861,6.409,0.88
2026-01-07 16:15:00,DE-NORTH,North Plant,Body & Welding,4252.864,0.16,60.111,341.652,7.068,0.88
2026-01-07 16:30:00,DE-NORTH,North Plant,Body & Welding,3877.902,0.16,64.684,349.255,6.735,0.88
2026-01-07 16:45:00,DE-NORTH,North Plant,Body & Welding,4061.922,0.16,63.375,328.244,6.195,0.88
2026-01-07 17:00:00,DE-NORTH,North Plant,Body & Welding,4256.141,0.16,71.559,366.999,6.93,0.88
2026-01-07 17:15:00,DE-NORTH,North Plant,Body & Welding,3988.333,0.16,74.995,422.088,8.656,0.88
2026-01-07 17:30:00,DE-NORTH,North Plant,Body & Welding,4241.4,0.16,80.377,409.541,8.019,0.88
2026-01-07 17:45:00,DE-NORTH,North Plant,Body & Welding,4341.237,0.16,80.384,408.217,8.473,0.88
2026-01-07 18:00:00,DE-NORTH,North Plant,Body & Welding,4259.713,0.16,87.36,461.835,8.147,0.88
2026-01-07 18:15:00,DE-NORTH,North Plant,Body & Welding,4344.691,0.16,90.158,449.586,8.023,0.88
2026-01-07 18:30:00,DE-NORTH,North Plant,Body & Welding,4486.488,0.16,86.998,463.89,9.794,0.88
2026-01-07 18:45:00,DE-NORTH,North Plant,Body & Welding,4548.033,0.16,87.68,453.918,8.603,0.88
2026-01-07 19:00:00,DE-NORTH,North Plant,Body & Welding,4364.673,0.16,86.019,454.85,8.519,0.88
2026-01-07 19:15:00,DE-NORTH,North Plant,Body & Welding,4327.056,0.16,85.0,451.328,9.671,0.88
2026-01-07 19:30:00,DE-NORTH,North Plant,Body & Welding,4317.776,0.16,81.008,451.971,8.452,0.88
2026-01-07 19:45:00,DE-NORTH,North Plant,Body & Welding,4530.496,0.16,83.808,466.738,8.573,0.88
2026-01-07 20:00:00,DE-NORTH,North Plant,Body & Welding,4289.525,0.16,80.613,446.244,9.007,0.88
2026-01-07 20:15:00,DE-NORTH,North Plant,Body & Welding,4412.236,0.16,87.712,410.399,8.989,0.88
2026-01-07 20:30:00,DE-NORTH,North Plant,Body & Welding,4447.99,0.16,83.909,429.294,9.139,0.88
2026-01-07 20:45:00,DE-NORTH,North Plant,Body & Welding,4366.975,0.16,77.435,432.2,10.368,0.88
2026-01-07 21:00:00,DE-NORTH,North Plant,Body & Welding,4452.11,0.16,71.167,427.675,9.065,0.88
2026-01-07 21:15:00,DE-NORTH,North Plant,Body & Welding,4697.099,0.16,68.192,403.181,7.07,0.88
2026-01-07 21:30:00,DE-NORTH,North Plant,Body & Welding,4377.967,0.16,75.958,417.764,8.848,0.88
2026-01-07 21:45:00,DE-NORTH,North Plant,Body & Welding,4325.009,0.16,70.947,410.904,8.511,0.88
2026-01-07 22:00:00,DE-NORTH,North Plant,Body & Welding,3190.19,0.16,70.682,427.168,8.361,0.38
2026-01-07 22:15:00,DE-NORTH,North Plant,Body & Welding,3087.827,0.16,60.814,384.375,8.33,0.38
2026-01-07 22:30:00,DE-NORTH,North Plant,Body & Welding,3194.692,0.16,70.695,384.899,7.947,0.38
2026-01-07 22:45:00,DE-NORTH,North Plant,Body & Welding,3038.91,0.16,68.147,385.427,7.722,0.38
2026-01-07 23:00:00,DE-NORTH,North Plant,Body & Welding,2968.166,0.16,61.368,381.783,7.965,0.38
2026-01-07 23:15:00,DE-NORTH,North Plant,Body & Welding,2792.241,0.16,63.524,375.947,6.917,0.38
2026-01-07 23:30:00,DE-NORTH,North Plant,Body & Welding,2789.9,0.16,66.168,352.774,6.38,0.38
2026-01-07 23:45:00,DE-NORTH,North Plant,Body & Welding,2717.926,0.16,65.112,380.288,8.894,0.38
2026-01-08 00:00:00,DE-NORTH,North Plant,Body & Welding,2956.569,0.16,63.086,387.918,5.999,0.38
2026-01-08 00:15:00,DE-NORTH,North Plant,Body & Welding,2749.715,0.16,63.933,378.09,6.282,0.38
2026-01-08 00:30:00,DE-NORTH,North Plant,Body & Welding,3019.738,0.16,63.435,407.745,4.866,0.38
2026-01-08 00:45:00,DE-NORTH,North Plant,Body & Welding,2866.406,0.16,65.157,385.181,5.689,0.38
2026-01-08 01:00:00,DE-NORTH,North Plant,Body & Welding,2834.503,0.16,70.544,401.002,4.641,0.38
2026-01-08 01:15:00,DE-NORTH,North Plant,Body & Welding,2760.883,0.16,54.513,389.123,4.666,0.38
2026-01-08 01:30:00,DE-NORTH,North Plant,Body & Welding,2900.608,0.16,63.969,396.366,5.384,0.38
2026-01-08 01:45:00,DE-NORTH,North Plant,Body & Welding,2754.548,0.16,65.776,390.249,4.657,0.38
2026-01-08 02:00:00,DE-NORTH,North Plant,Body & Welding,2738.221,0.16,66.429,403.759,4.398,0.38
2026-01-08 02:15:00,DE-NORTH,North Plant,Body & Welding,2989.767,0.16,63.958,388.426,2.433,0.38
2026-01-08 02:30:00,DE-NORTH,North Plant,Body & Welding,2887.392,0.16,58.649,394.113,4.633,0.38
2026-01-08 02:45:00,DE-NORTH,North Plant,Body & Welding,2860.452,0.16,67.253,392.946,2.19,0.38
2026-01-08 03:00:00,DE-NORTH,North Plant,Body & Welding,2950.298,0.16,73.154,385.464,3.776,0.38
2026-01-08 03:15:00,DE-NORTH,North Plant,Body & Welding,2907.122,0.16,60.456,394.141,3.108,0.38
2026-01-08 03:30:00,DE-NORTH,North Plant,Body & Welding,2971.663,0.16,70.441,416.434,2.491,0.38
2026-01-08 03:45:00,DE-NORTH,North Plant,Body & Welding,2879.921,0.16,66.114,386.699,1.19,0.38
2026-01-08 04:00:00,DE-NORTH,North Plant,Body & Welding,3201.872,0.16,67.676,395.282,1.606,0.38
2026-01-08 04:15:00,DE-NORTH,North Plant,Body & Welding,2954.952,0.16,64.253,405.629,0.893,0.38
2026-01-08 04:30:00,DE-NORTH,North Plant,Body & Welding,3203.302,0.16,67.718,404.487,0.977,0.38
2026-01-08 04:45:00,DE-NORTH,North Plant,Body & Welding,3049.763,0.16,74.891,391.195,0.528,0.38
2026-01-08 05:00:00,DE-NORTH,North Plant,Body & Welding,3194.173,0.16,72.693,362.684,-0.963,0.38
2026-01-08 05:15:00,DE-NORTH,North Plant,Body & Welding,3190.782,0.16,77.991,397.696,1.026,0.38
2026-01-08 05:30:00,DE-NORTH,North Plant,Body & Welding,3267.483,0.16,76.488,365.054,-0.024,0.38
2026-01-08 05:45:00,DE-NORTH,North Plant,Body & Welding,3084.673,0.16,74.253,409.499,-0.497,0.38
2026-01-08 06:00:00,DE-NORTH,North Plant,Body & Welding,4830.957,0.16,80.179,394.045,-0.722,0.98
2026-01-08 06:15:00,DE-NORTH,North Plant,Body & Welding,4931.59,0.16,73.74,392.693,-0.233,0.98
2026-01-08 06:30:00,DE-NORTH,North Plant,Body & Welding,4740.933,0.16,74.04,358.586,-1.245,0.98
2026-01-08 06:45:00,DE-NORTH,North Plant,Body & Welding,4797.955,0.16,68.239,339.573,-2.313,0.98
2026-01-08 07:00:00,DE-NORTH,North Plant,Body & Welding,4732.144,0.16,68.334,350.25,-0.545,0.98
2026-01-08 07:15:00,DE-NORTH,North Plant,Body & Welding,4755.907,0.16,63.859,335.808,-0.541,0.98
2026-01-08 07:30:00,DE-NORTH,North Plant,Body & Welding,4977.394,0.16,69.123,319.624,-1.097,0.98
2026-01-08 07:45:00,DE-NORTH,North Plant,Body & Welding,4693.688,0.16,58.901,316.115,-1.793,0.98
2026-01-08 08:00:00,DE-NORTH,North Plant,Body & Welding,4680.885,0.16,65.128,338.196,-0.938,0.98
2026-01-08 08:15:00,DE-NORTH,North Plant,Body & Welding,4943.909,0.16,59.56,305.243,-2.014,0.98
2026-01-08 08:30:00,DE-NORTH,North Plant,Body & Welding,4816.437,0.16,63.28,298.459,-1.676,0.98
2026-01-08 08:45:00,DE-NORTH,North Plant,Body & Welding,4946.211,0.16,59.833,287.065,-1.429,0.98
2026-01-08 09:00:00,DE-NORTH,North Plant,Body & Welding,4635.763,0.16,62.323,286.238,-0.239,0.98
2026-01-08 09:15:00,DE-NORTH,North Plant,Body & Welding,4672.0,0.16,56.169,258.26,-0.988,0.98
2026-01-08 09:30:00,DE-NORTH,North Plant,Body & Welding,4554.441,0.16,45.179,228.483,-0.933,0.98
2026-01-08 09:45:00,DE-NORTH,North Plant,Body & Welding,4584.46,0.16,49.456,244.052,0.884,0.98
2026-01-08 10:00:00,DE-NORTH,North Plant,Body & Welding,4355.455,0.16,43.35,249.836,-0.083,0.98
2026-01-08 10:15:00,DE-NORTH,North Plant,Body & Welding,4574.312,0.16,44.36,222.869,0.08,0.98
2026-01-08 10:30:00,DE-NORTH,North Plant,Body & Welding,4502.111,0.16,50.973,227.459,-0.226,0.98
2026-01-08 10:45:00,DE-NORTH,North Plant,Body & Welding,4425.483,0.16,46.092,217.022,-0.177,0.98
2026-01-08 11:00:00,DE-NORTH,North Plant,Body & Welding,4365.205,0.16,39.498,239.795,-1.066,0.98
2026-01-08 11:15:00,DE-NORTH,North Plant,Body & Welding,4256.147,0.16,37.143,227.932,1.381,0.98
2026-01-08 11:30:00,DE-NORTH,North Plant,Body & Welding,4399.243,0.16,40.397,224.663,1.27,0.98
2026-01-08 11:45:00,DE-NORTH,North Plant,Body & Welding,4177.05,0.16,34.645,222.965,1.097,0.98
2026-01-08 12:00:00,DE-NORTH,North Plant,Body & Welding,4330.465,0.16,36.257,214.495,1.404,0.98
2026-01-08 12:15:00,DE-NORTH,North Plant,Body & Welding,4470.046,0.16,39.812,217.542,2.304,0.98
2026-01-08 12:30:00,DE-NORTH,North Plant,Body & Welding,4410.828,0.16,43.008,201.993,0.998,0.98
2026-01-08 12:45:00,DE-NORTH,North Plant,Body & Welding,4081.823,0.16,40.85,191.86,1.98,0.98
2026-01-08 13:00:00,DE-NORTH,North Plant,Body & Welding,4184.398,0.16,29.491,222.645,1.91,0.98
2026-01-08 13:15:00,DE-NORTH,North Plant,Body & Welding,4267.034,0.16,40.334,228.375,4.265,0.98
2026-01-08 13:30:00,DE-NORTH,North Plant,Body & Welding,4229.266,0.16,40.092,243.571,3.96,0.98
2026-01-08 13:45:00,DE-NORTH,North Plant,Body & Welding,4123.853,0.16,42.384,253.455,2.131,0.98
2026-01-08 14:00:00,DE-NORTH,North Plant,Body & Welding,4091.771,0.16,48.362,259.982,2.94,0.88
2026-01-08 14:15:00,DE-NORTH,North Plant,Body & Welding,4060.801,0.16,35.067,236.748,4.234,0.88
2026-01-08 14:30:00,DE-NORTH,North Plant,Body & Welding,4289.036,0.16,42.641,253.148,4.322,0.88
2026-01-08 14:45:00,DE-NORTH,North Plant,Body & Welding,4094.256,0.16,49.322,272.879,4.048,0.88
2026-01-08 15:00:00,DE-NORTH,North Plant,Body & Welding,4249.905,0.16,42.856,308.33,6.655,0.88
2026-01-08 15:15:00,DE-NORTH,North Plant,Body & Welding,4036.754,0.16,57.575,307.615,5.826,0.88
2026-01-08 15:30:00,DE-NORTH,North Plant,Body & Welding,4092.95,0.16,55.887,316.222,6.246,0.88
2026-01-08 15:45:00,DE-NORTH,North Plant,Body & Welding,4317.476,0.16,60.776,312.021,5.727,0.88
2026-01-08 16:00:00,DE-NORTH,North Plant,Body & Welding,4377.938,0.16,58.285,320.799,7.006,0.88
2026-01-08 16:15:00,DE-NORTH,North Plant,Body & Welding,4202.68,0.16,67.164,356.271,6.512,0.88
2026-01-08 16:30:00,DE-NORTH,North Plant,Body & Welding,4334.709,0.16,71.633,349.501,6.845,0.88
2026-01-08 16:45:00,DE-NORTH,North Plant,Body & Welding,4208.175,0.16,71.789,376.03,7.724,0.88
2026-01-08 17:00:00,DE-NORTH,North Plant,Body & Welding,4374.282,0.16,75.274,393.729,6.395,0.88
2026-01-08 17:15:00,DE-NORTH,North Plant,Body & Welding,4479.527,0.16,78.805,430.212,8.877,0.88
2026-01-08 17:30:00,DE-NORTH,North Plant,Body & Welding,4372.875,0.16,77.495,422.347,8.094,0.88
2026-01-08 17:45:00,DE-NORTH,North Plant,Body & Welding,4397.392,0.16,83.351,412.106,9.054,0.88
2026-01-08 18:00:00,DE-NORTH,North Plant,Body & Welding,4329.495,0.16,86.033,461.252,7.577,0.88
2026-01-08 18:15:00,DE-NORTH,North Plant,Body & Welding,4382.277,0.16,88.643,448.051,7.838,0.88
2026-01-08 18:30:00,DE-NORTH,North Plant,Body & Welding,4635.043,0.16,91.209,456.973,7.806,0.88
2026-01-08 18:45:00,DE-NORTH,North Plant,Body & Welding,4441.757,0.16,82.702,454.196,8.91,0.88
2026-01-08 19:00:00,DE-NORTH,North Plant,Body & Welding,4318.933,0.16,85.798,449.511,8.876,0.88
2026-01-08 19:15:00,DE-NORTH,North Plant,Body & Welding,4379.076,0.16,91.247,458.705,8.579,0.88
2026-01-08 19:30:00,DE-NORTH,North Plant,Body & Welding,4228.249,0.16,81.07,426.255,8.247,0.88
2026-01-08 19:45:00,DE-NORTH,North Plant,Body & Welding,4267.426,0.16,79.231,433.05,8.103,0.88
2026-01-08 20:00:00,DE-NORTH,North Plant,Body & Welding,4481.031,0.16,81.618,441.444,8.966,0.88
2026-01-08 20:15:00,DE-NORTH,North Plant,Body & Welding,4296.158,0.16,82.351,419.437,8.663,0.88
2026-01-08 20:30:00,DE-NORTH,North Plant,Body & Welding,4478.999,0.16,77.125,400.873,8.477,0.88
2026-01-08 20:45:00,DE-NORTH,North Plant,Body & Welding,4221.113,0.16,80.5,421.576,9.987,0.88
2026-01-08 21:00:00,DE-NORTH,North Plant,Body & Welding,4204.199,0.16,76.77,420.584,8.772,0.88
2026-01-08 21:15:00,DE-NORTH,North Plant,Body & Welding,4231.13,0.16,74.964,400.445,9.624,0.88
2026-01-08 21:30:00,DE-NORTH,North Plant,Body & Welding,3861.767,0.16,72.198,371.768,8.246,0.88
2026-01-08 21:45:00,DE-NORTH,North Plant,Body & Welding,4125.705,0.16,77.828,398.595,8.656,0.88
2026-01-08 22:00:00,DE-NORTH,North Plant,Body & Welding,2887.89,0.16,66.398,365.581,8.291,0.38
2026-01-08 22:15:00,DE-NORTH,North Plant,Body & Welding,3041.199,0.16,58.074,385.146,6.969,0.38
2026-01-08 22:30:00,DE-NORTH,North Plant,Body & Welding,2947.565,0.16,71.537,367.281,8.967,0.38
2026-01-08 22:45:00,DE-NORTH,North Plant,Body & Welding,2723.902,0.16,62.475,361.018,7.665,0.38
2026-01-08 23:00:00,DE-NORTH,North Plant,Body & Welding,2955.971,0.16,64.062,367.108,8.058,0.38
2026-01-08 23:15:00,DE-NORTH,North Plant,Body & Welding,2800.592,0.16,68.316,368.101,6.77,0.38
2026-01-08 23:30:00,DE-NORTH,North Plant,Body & Welding,2724.675,0.16,56.221,360.816,6.928,0.38
2026-01-08 23:45:00,DE-NORTH,North Plant,Body & Welding,2844.521,0.16,57.265,374.158,6.171,0.38
2026-01-09 00:00:00,DE-NORTH,North Plant,Body & Welding,2790.791,0.16,55.075,358.711,7.365,0.38
2026-01-09 00:15:00,DE-NORTH,North Plant,Body & Welding,2986.76,0.16,58.255,375.362,6.429,0.38
2026-01-09 00:30:00,DE-NORTH,North Plant,Body & Welding,2870.867,0.16,63.149,366.523,6.17,0.38
2026-01-09 00:45:00,DE-NORTH,North Plant,Body & Welding,2863.469,0.16,63.456,354.341,6.558,0.38
2026-01-09 01:00:00,DE-NORTH,North Plant,Body & Welding,2954.778,0.16,62.446,351.898,6.104,0.38
2026-01-09 01:15:00,DE-NORTH,North Plant,Body & Welding,2997.537,0.16,55.686,342.112,5.511,0.38
2026-01-09 01:30:00,DE-NORTH,North Plant,Body & Welding,3002.776,0.16,52.111,364.98,3.657,0.38
2026-01-09 01:45:00,DE-NORTH,North Plant,Body & Welding,3089.02,0.16,61.604,356.86,3.84,0.38
2026-01-09 02:00:00,DE-NORTH,North Plant,Body & Welding,3032.318,0.16,59.561,332.29,3.297,0.38
2026-01-09 02:15:00,DE-NORTH,North Plant,Body & Welding,3001.391,0.16,63.378,353.986,4.182,0.38
2026-01-09 02:30:00,DE-NORTH,North Plant,Body & Welding,3146.021,0.16,64.474,349.277,3.467,0.38
2026-01-09 02:45:00,DE-NORTH,North Plant,Body & Welding,3045.712,0.16,62.384,378.691,2.051,0.38
2026-01-09 03:00:00,DE-NORTH,North Plant,Body & Welding,3078.426,0.16,65.081,339.06,2.574,0.38
2026-01-09 03:15:00,DE-NORTH,North Plant,Body & Welding,3292.08,0.16,63.215,341.927,1.347,0.38
2026-01-09 03:30:00,DE-NORTH,North Plant,Body & Welding,3297.417,0.16,64.727,372.291,2.049,0.38
2026-01-09 03:45:00,DE-NORTH,North Plant,Body & Welding,3161.527,0.16,60.152,375.02,0.63,0.38
2026-01-09 04:00:00,DE-NORTH,North Plant,Body & Welding,3121.253,0.16,62.671,349.586,1.87,0.38
2026-01-09 04:15:00,DE-NORTH,North Plant,Body & Welding,3342.673,0.16,64.651,350.747,1.487,0.38
2026-01-09 04:30:00,DE-NORTH,North Plant,Body & Welding,3278.465,0.16,67.674,365.553,2.292,0.38
2026-01-09 04:45:00,DE-NORTH,North Plant,Body & Welding,3247.767,0.16,63.394,330.079,1.297,0.38
2026-01-09 05:00:00,DE-NORTH,North Plant,Body & Welding,3198.998,0.16,67.674,335.536,0.168,0.38
2026-01-09 05:15:00,DE-NORTH,North Plant,Body & Welding,3264.532,0.16,65.179,354.388,0.813,0.38
2026-01-09 05:30:00,DE-NORTH,North Plant,Body & Welding,3244.781,0.16,66.447,376.263,-0.945,0.38
2026-01-09 05:45:00,DE-NORTH,North Plant,Body & Welding,3172.35,0.16,70.92,352.363,-0.831,0.38
2026-01-09 06:00:00,DE-NORTH,North Plant,Body & Welding,4784.473,0.16,60.307,358.752,-0.097,0.98
2026-01-09 06:15:00,DE-NORTH,North Plant,Body & Welding,4801.792,0.16,61.851,359.67,-1.995,0.98
2026-01-09 06:30:00,DE-NORTH,North Plant,Body & Welding,4700.326,0.16,59.834,359.941,-0.645,0.98
2026-01-09 06:45:00,DE-NORTH,North Plant,Body & Welding,4817.717,0.16,55.114,316.448,-1.449,0.98
2026-01-09 07:00:00,DE-NORTH,North Plant,Body & Welding,4822.509,0.16,60.373,312.047,-0.759,0.98
2026-01-09 07:15:00,DE-NORTH,North Plant,Body & Welding,4766.101,0.16,64.665,323.208,-1.658,0.98
2026-01-09 07:30:00,DE-NORTH,North Plant,Body & Welding,4590.824,0.16,59.051,272.432,-0.66,0.98
2026-01-09 07:45:00,DE-NORTH,North Plant,Body & Welding,4666.063,0.16,59.443,292.692,-0.976,0.98
2026-01-09 08:00:00,DE-NORTH,North Plant,Body & Welding,4547.951,0.16,61.411,258.156,-0.02,0.98
2026-01-09 08:15:00,DE-NORTH,North Plant,Body & Welding,4381.952,0.16,60.713,262.016,-0.985,0.98
2026-01-09 08:30:00,DE-NORTH,North Plant,Body & Welding,4550.176,0.16,53.428,248.721,-1.495,0.98
2026-01-09 08:45:00,DE-NORTH,North Plant,Body & Welding,4454.622,0.16,57.389,231.459,-1.077,0.98
2026-01-09 09:00:00,DE-NORTH,North Plant,Body & Welding,4684.394,0.16,50.596,222.995,-1.771,0.98
2026-01-09 09:15:00,DE-NORTH,North Plant,Body & Welding,4520.363,0.16,45.131,230.496,-0.45,0.98
2026-01-09 09:30:00,DE-NORTH,North Plant,Body & Welding,4411.331,0.16,44.376,232.095,-0.207,0.98
2026-01-09 09:45:00,DE-NORTH,North Plant,Body & Welding,4323.911,0.16,39.147,212.176,1.244,0.98
2026-01-09 10:00:00,DE-NORTH,North Plant,Body & Welding,4314.969,0.16,39.895,208.803,-0.765,0.98
2026-01-09 10:15:00,DE-NORTH,North Plant,Body & Welding,4172.87,0.16,40.48,209.713,-0.345,0.98
2026-01-09 10:30:00,DE-NORTH,North Plant,Body & Welding,4085.661,0.16,43.696,186.792,-0.37,0.98
2026-01-09 10:45:00,DE-NORTH,North Plant,Body & Welding,4164.064,0.16,46.059,203.637,0.389,0.98
2026-01-09 11:00:00,DE-NORTH,North Plant,Body & Welding,4247.64,0.16,32.484,201.638,0.732,0.98
2026-01-09 11:15:00,DE-NORTH,North Plant,Body & Welding,4037.982,0.16,38.578,220.85,0.666,0.98
2026-01-09 11:30:00,DE-NORTH,North Plant,Body & Welding,4202.405,0.16,32.009,183.667,1.717,0.98
2026-01-09 11:45:00,DE-NORTH,North Plant,Body & Welding,4258.85,0.16,37.415,182.047,0.79,0.98
2026-01-09 12:00:00,DE-NORTH,North Plant,Body & Welding,4268.952,0.16,34.527,196.942,2.19,0.98
2026-01-09 12:15:00,DE-NORTH,North Plant,Body & Welding,4247.336,0.16,27.461,198.541,2.166,0.98
2026-01-09 12:30:00,DE-NORTH,North Plant,Body & Welding,4310.594,0.16,38.434,184.133,2.078,0.98
2026-01-09 12:45:00,DE-NORTH,North Plant,Body & Welding,4558.462,0.16,32.448,188.428,2.172,0.98
2026-01-09 13:00:00,DE-NORTH,North Plant,Body & Welding,4459.126,0.16,33.096,203.365,4.405,0.98
2026-01-09 13:15:00,DE-NORTH,North Plant,Body & Welding,4386.585,0.16,31.54,191.471,2.453,0.98
2026-01-09 13:30:00,DE-NORTH,North Plant,Body & Welding,4464.59,0.16,34.02,201.963,3.556,0.98
2026-01-09 13:45:00,DE-NORTH,North Plant,Body & Welding,4510.583,0.16,39.407,214.445,3.148,0.98
2026-01-09 14:00:00,DE-NORTH,North Plant,Body & Welding,4202.299,0.16,38.245,232.831,5.25,0.88
2026-01-09 14:15:00,DE-NORTH,North Plant,Body & Welding,4239.264,0.16,41.882,222.198,4.948,0.88
2026-01-09 14:30:00,DE-NORTH,North Plant,Body & Welding,4466.065,0.16,43.845,217.009,4.178,0.88
2026-01-09 14:45:00,DE-NORTH,North Plant,Body & Welding,4334.069,0.16,49.781,226.894,5.334,0.88
2026-01-09 15:00:00,DE-NORTH,North Plant,Body & Welding,4288.459,0.16,45.501,246.668,5.474,0.88
2026-01-09 15:15:00,DE-NORTH,North Plant,Body & Welding,4424.183,0.16,43.608,259.004,5.246,0.88
2026-01-09 15:30:00,DE-NORTH,North Plant,Body & Welding,4448.035,0.16,56.683,286.935,6.444,0.88
2026-01-09 15:45:00,DE-NORTH,North Plant,Body & Welding,4242.538,0.16,54.223,289.519,6.484,0.88
2026-01-09 16:00:00,DE-NORTH,North Plant,Body & Welding,4453.365,0.16,63.347,311.2,6.651,0.88
2026-01-09 16:15:00,DE-NORTH,North Plant,Body & Welding,4552.468,0.16,63.925,326.89,6.749,0.88
2026-01-09 16:30:00,DE-NORTH,North Plant,Body & Welding,4502.324,0.16,65.481,347.949,7.346,0.88
2026-01-09 16:45:00,DE-NORTH,North Plant,Body & Welding,4682.474,0.16,71.065,386.45,7.457,0.88
2026-01-09 17:00:00,DE-NORTH,North Plant,Body & Welding,4568.079,0.16,81.121,395.912,7.577,0.88
2026-01-09 17:15:00,DE-NORTH,North Plant,Body & Welding,4576.334,0.16,85.181,405.334,7.31,0.88
2026-01-09 17:30:00,DE-NORTH,North Plant,Body & Welding,4680.172,0.16,80.545,416.302,9.152,0.88
2026-01-09 17:45:00,DE-NORTH,North Plant,Body & Welding,4459.424,0.16,84.072,432.603,7.422,0.88
2026-01-09 18:00:00,DE-NORTH,North Plant,Body & Welding,4357.666,0.16,90.609,456.755,8.629,0.88
2026-01-09 18:15:00,DE-NORTH,North Plant,Body & Welding,4416.28,0.16,83.558,462.274,8.26,0.88
2026-01-09 18:30:00,DE-NORTH,North Plant,Body & Welding,4206.827,0.16,88.546,445.597,9.851,0.88
2026-01-09 18:45:00,DE-NORTH,North Plant,Body & Welding,4260.042,0.16,87.009,456.904,8.102,0.88
2026-01-09 19:00:00,DE-NORTH,North Plant,Body & Welding,4143.276,0.16,87.901,430.845,8.315,0.88
2026-01-09 19:15:00,DE-NORTH,North Plant,Body & Welding,4218.353,0.16,82.506,455.39,8.225,0.88
2026-01-09 19:30:00,DE-NORTH,North Plant,Body & Welding,4063.332,0.16,78.375,458.617,9.184,0.88
2026-01-09 19:45:00,DE-NORTH,North Plant,Body & Welding,4037.156,0.16,75.087,441.903,8.028,0.88
2026-01-09 20:00:00,DE-NORTH,North Plant,Body & Welding,4114.111,0.16,77.366,462.224,8.665,0.88
2026-01-09 20:15:00,DE-NORTH,North Plant,Body & Welding,4038.335,0.16,78.334,424.593,7.483,0.88
2026-01-09 20:30:00,DE-NORTH,North Plant,Body & Welding,3807.348,0.16,77.267,432.313,9.126,0.88
2026-01-09 20:45:00,DE-NORTH,North Plant,Body & Welding,3839.634,0.16,84.458,423.8,8.554,0.88
2026-01-09 21:00:00,DE-NORTH,North Plant,Body & Welding,3860.784,0.16,79.454,417.718,7.788,0.88
2026-01-09 21:15:00,DE-NORTH,North Plant,Body & Welding,3857.084,0.16,69.597,412.552,9.495,0.88
2026-01-09 21:30:00,DE-NORTH,North Plant,Body & Welding,4001.617,0.16,73.379,410.631,7.704,0.88
2026-01-09 21:45:00,DE-NORTH,North Plant,Body & Welding,3963.093,0.16,69.052,415.438,9.042,0.88
2026-01-09 22:00:00,DE-NORTH,North Plant,Body & Welding,2919.267,0.16,68.398,418.247,7.839,0.38
2026-01-09 22:15:00,DE-NORTH,North Plant,Body & Welding,2875.974,0.16,69.296,398.682,9.278,0.38
2026-01-09 22:30:00,DE-NORTH,North Plant,Body & Welding,2924.762,0.16,70.211,406.017,8.491,0.38
2026-01-09 22:45:00,DE-NORTH,North Plant,Body & Welding,2901.236,0.16,65.708,385.831,7.054,0.38
2026-01-09 23:00:00,DE-NORTH,North Plant,Body & Welding,2874.869,0.16,70.786,401.908,6.894,0.38
2026-01-09 23:15:00,DE-NORTH,North Plant,Body & Welding,2976.761,0.16,61.549,382.427,7.721,0.38
2026-01-09 23:30:00,DE-NORTH,North Plant,Body & Welding,2985.729,0.16,65.829,403.845,6.86,0.38
2026-01-09 23:45:00,DE-NORTH,North Plant,Body & Welding,2952.062,0.16,75.966,416.746,6.659,0.38
2026-01-10 00:00:00,DE-NORTH,North Plant,Body & Welding,2823.1,0.16,65.803,386.61,7.391,0.28
2026-01-10 00:15:00,DE-NORTH,North Plant,Body & Welding,2482.618,0.16,70.717,362.158,5.687,0.28
2026-01-10 00:30:00,DE-NORTH,North Plant,Body & Welding,2718.441,0.16,65.427,382.269,5.977,0.28
2026-01-10 00:45:00,DE-NORTH,North Plant,Body & Welding,2736.955,0.16,67.467,403.989,6.275,0.28
2026-01-10 01:00:00,DE-NORTH,North Plant,Body & Welding,2917.069,0.16,65.008,396.187,5.86,0.28
2026-01-10 01:15:00,DE-NORTH,North Plant,Body & Welding,2993.081,0.16,64.654,392.864,4.864,0.28
2026-01-10 01:30:00,DE-NORTH,North Plant,Body & Welding,2700.834,0.16,62.332,402.29,4.45,0.28
2026-01-10 01:45:00,DE-NORTH,North Plant,Body & Welding,3033.946,0.16,67.303,396.29,3.11,0.28
2026-01-10 02:00:00,DE-NORTH,North Plant,Body & Welding,2778.516,0.16,62.327,405.362,3.261,0.28
2026-01-10 02:15:00,DE-NORTH,North Plant,Body & Welding,2790.226,0.16,68.572,402.036,3.896,0.28
2026-01-10 02:30:00,DE-NORTH,North Plant,Body & Welding,2904.124,0.16,70.457,409.498,3.251,0.28
2026-01-10 02:45:00,DE-NORTH,North Plant,Body & Welding,2906.355,0.16,67.822,395.758,3.077,0.28
2026-01-10 03:00:00,DE-NORTH,North Plant,Body & Welding,2778.766,0.16,65.489,402.512,3.433,0.28
2026-01-10 03:15:00,DE-NORTH,North Plant,Body & Welding,3032.32,0.16,68.771,388.139,1.562,0.28
2026-01-10 03:30:00,DE-NORTH,North Plant,Body & Welding,3031.497,0.16,66.088,384.763,1.921,0.28
2026-01-10 03:45:00,DE-NORTH,North Plant,Body & Welding,3067.227,0.16,71.481,412.598,1.921,0.28
2026-01-10 04:00:00,DE-NORTH,North Plant,Body & Welding,2913.349,0.16,60.879,394.826,1.007,0.28
2026-01-10 04:15:00,DE-NORTH,North Plant,Body & Welding,2932.636,0.16,67.378,401.985,2.224,0.28
2026-01-10 04:30:00,DE-NORTH,North Plant,Body & Welding,2927.146,0.16,61.321,393.886,1.592,0.28
2026-01-10 04:45:00,DE-NORTH,North Plant,Body & Welding,3099.056,0.16,63.911,385.417,0.906,0.28
2026-01-10 05:00:00,DE-NORTH,North Plant,Body & Welding,2598.4,0.16,75.99,392.62,1.72,0.28
2026-01-10 05:15:00,DE-NORTH,North Plant,Body & Welding,2801.186,0.16,74.786,409.732,-0.808,0.28
2026-01-10 05:30:00,DE-NORTH,North Plant,Body & Welding,2872.728,0.16,69.015,399.154,0.028,0.28
2026-01-10 05:45:00,DE-NORTH,North Plant,Body & Welding,2735.185,0.16,66.573,371.924,0.099,0.28
2026-01-10 06:00:00,DE-NORTH,North Plant,Body & Welding,3249.791,0.16,61.402,389.829,-0.97,0.46
2026-01-10 06:15:00,DE-NORTH,North Plant,Body & Welding,3229.854,0.16,69.839,402.283,-0.274,0.46
2026-01-10 06:30:00,DE-NORTH,North Plant,Body & Welding,3158.707,0.16,80.409,366.842,-1.394,0.46
2026-01-10 06:45:00,DE-NORTH,North Plant,Body & Welding,3197.448,0.16,71.135,336.391,-0.251,0.46
2026-01-10 07:00:00,DE-NORTH,North Plant,Body & Welding,3230.748,0.16,65.771,369.428,-0.089,0.46
2026-01-10 07:15:00,DE-NORTH,North Plant,Body & Welding,3123.849,0.16,68.422,343.789,-0.713,0.46
2026-01-10 07:30:00,DE-NORTH,North Plant,Body & Welding,3096.447,0.16,58.805,323.87,-2.254,0.46
2026-01-10 07:45:00,DE-NORTH,North Plant,Body & Welding,3103.465,0.16,62.28,309.629,-1.666,0.46
2026-01-10 08:00:00,DE-NORTH,North Plant,Body & Welding,3095.298,0.16,62.223,316.763,-0.605,0.46
2026-01-10 08:15:00,DE-NORTH,North Plant,Body & Welding,2906.258,0.16,59.776,287.315,-0.974,0.46
2026-01-10 08:30:00,DE-NORTH,North Plant,Body & Welding,3148.969,0.16,61.529,298.039,-2.843,0.46
2026-01-10 08:45:00,DE-NORTH,North Plant,Body & Welding,3021.646,0.16,57.951,281.645,-0.034,0.46
2026-01-10 09:00:00,DE-NORTH,North Plant,Body & Welding,3208.877,0.16,57.429,269.429,-0.734,0.46
2026-01-10 09:15:00,DE-NORTH,North Plant,Body & Welding,3148.451,0.16,50.181,260.106,-1.308,0.46
2026-01-10 09:30:00,DE-NORTH,North Plant,Body & Welding,3203.364,0.16,54.72,248.673,0.077,0.46
2026-01-10 09:45:00,DE-NORTH,North Plant,Body & Welding,2996.247,0.16,55.875,256.311,-0.959,0.46
2026-01-10 10:00:00,DE-NORTH,North Plant,Body & Welding,3076.816,0.16,43.767,226.978,-0.812,0.46
2026-01-10 10:15:00,DE-NORTH,North Plant,Body & Welding,2994.206,0.16,42.466,212.133,0.093,0.46
2026-01-10 10:30:00,DE-NORTH,North Plant,Body & Welding,3059.33,0.16,49.83,233.863,1.28,0.46
2026-01-10 10:45:00,DE-NORTH,North Plant,Body & Welding,3286.697,0.16,42.312,229.642,1.377,0.46
2026-01-10 11:00:00,DE-NORTH,North Plant,Body & Welding,3342.632,0.16,47.42,224.111,0.716,0.46
2026-01-10 11:15:00,DE-NORTH,North Plant,Body & Welding,3088.676,0.16,38.915,220.246,1.027,0.46
2026-01-10 11:30:00,DE-NORTH,North Plant,Body & Welding,3182.924,0.16,45.552,209.254,1.51,0.46
2026-01-10 11:45:00,DE-NORTH,North Plant,Body & Welding,3261.581,0.16,39.48,221.058,0.342,0.46
2026-01-10 12:00:00,DE-NORTH,North Plant,Body & Welding,3341.507,0.16,39.396,210.348,1.951,0.46
2026-01-10 12:15:00,DE-NORTH,North Plant,Body & Welding,3127.649,0.16,44.224,205.134,1.275,0.46
2026-01-10 12:30:00,DE-NORTH,North Plant,Body & Welding,3158.016,0.16,36.321,208.141,2.31,0.46
2026-01-10 12:45:00,DE-NORTH,North Plant,Body & Welding,3400.859,0.16,34.013,237.879,2.234,0.46
2026-01-10 13:00:00,DE-NORTH,North Plant,Body & Welding,3156.578,0.16,36.206,195.429,3.057,0.46
2026-01-10 13:15:00,DE-NORTH,North Plant,Body & Welding,3331.064,0.16,40.252,225.766,3.107,0.46
2026-01-10 13:30:00,DE-NORTH,North Plant,Body & Welding,3428.256,0.16,32.85,204.073,1.196,0.46
2026-01-10 13:45:00,DE-NORTH,North Plant,Body & Welding,3439.615,0.16,42.571,228.351,3.798,0.46
2026-01-10 14:00:00,DE-NORTH,North Plant,Body & Welding,3175.371,0.16,39.019,230.883,4.45,0.38
2026-01-10 14:15:00,DE-NORTH,North Plant,Body & Welding,3153.12,0.16,47.175,218.548,4.639,0.38
2026-01-10 14:30:00,DE-NORTH,North Plant,Body & Welding,3280.368,0.16,34.678,256.794,4.581,0.38
2026-01-10 14:45:00,DE-NORTH,North Plant,Body & Welding,3202.19,0.16,43.05,257.217,6.125,0.38
2026-01-10 15:00:00,DE-NORTH,North Plant,Body & Welding,3102.933,0.16,41.662,247.337,5.512,0.38
2026-01-10 15:15:00,DE-NORTH,North Plant,Body & Welding,3159.965,0.16,47.581,294.434,5.914,0.38
2026-01-10 15:30:00,DE-NORTH,North Plant,Body & Welding,3174.95,0.16,54.61,314.445,6.645,0.38
2026-01-10 15:45:00,DE-NORTH,North Plant,Body & Welding,3300.106,0.16,55.87,328.93,6.465,0.38
2026-01-10 16:00:00,DE-NORTH,North Plant,Body & Welding,3188.876,0.16,58.744,330.023,5.871,0.38
2026-01-10 16:15:00,DE-NORTH,North Plant,Body & Welding,3220.421,0.16,62.454,341.627,5.071,0.38
2026-01-10 16:30:00,DE-NORTH,North Plant,Body & Welding,2989.298,0.16,67.348,372.875,6.71,0.38
2026-01-10 16:45:00,DE-NORTH,North Plant,Body & Welding,2962.886,0.16,65.994,393.273,7.829,0.38
2026-01-10 17:00:00,DE-NORTH,North Plant,Body & Welding,2973.626,0.16,76.33,402.875,7.288,0.38
2026-01-10 17:15:00,DE-NORTH,North Plant,Body & Welding,2947.76,0.16,79.538,393.943,8.32,0.38
2026-01-10 17:30:00,DE-NORTH,North Plant,Body & Welding,2834.613,0.16,81.65,423.149,8.071,0.38
2026-01-10 17:45:00,DE-NORTH,North Plant,Body & Welding,3039.453,0.16,85.328,440.774,9.059,0.38
2026-01-10 18:00:00,DE-NORTH,North Plant,Body & Welding,2985.907,0.16,86.989,427.605,8.123,0.38
2026-01-10 18:15:00,DE-NORTH,North Plant,Body & Welding,2833.226,0.16,94.411,456.201,8.812,0.38
2026-01-10 18:30:00,DE-NORTH,North Plant,Body & Welding,2912.337,0.16,86.024,477.88,8.974,0.38
2026-01-10 18:45:00,DE-NORTH,North Plant,Body & Welding,2844.081,0.16,84.874,457.08,9.786,0.38
2026-01-10 19:00:00,DE-NORTH,North Plant,Body & Welding,2904.523,0.16,82.455,464.667,7.635,0.38
2026-01-10 19:15:00,DE-NORTH,North Plant,Body & Welding,2668.252,0.16,80.367,445.642,8.583,0.38
2026-01-10 19:30:00,DE-NORTH,North Plant,Body & Welding,2777.764,0.16,78.247,438.038,9.551,0.38
2026-01-10 19:45:00,DE-NORTH,North Plant,Body & Welding,2778.623,0.16,78.153,438.145,10.071,0.38
2026-01-10 20:00:00,DE-NORTH,North Plant,Body & Welding,2859.686,0.16,79.722,417.816,9.168,0.38
2026-01-10 20:15:00,DE-NORTH,North Plant,Body & Welding,2736.088,0.16,79.516,409.673,8.784,0.38
2026-01-10 20:30:00,DE-NORTH,North Plant,Body & Welding,2540.086,0.16,76.498,429.875,9.487,0.38
2026-01-10 20:45:00,DE-NORTH,North Plant,Body & Welding,2699.632,0.16,71.347,424.597,9.512,0.38
2026-01-10 21:00:00,DE-NORTH,North Plant,Body & Welding,2830.145,0.16,76.18,389.871,8.578,0.38
2026-01-10 21:15:00,DE-NORTH,North Plant,Body & Welding,2856.226,0.16,73.804,407.345,8.966,0.38
2026-01-10 21:30:00,DE-NORTH,North Plant,Body & Welding,3040.851,0.16,68.605,389.093,9.446,0.38
2026-01-10 21:45:00,DE-NORTH,North Plant,Body & Welding,2943.067,0.16,65.183,389.139,9.808,0.38
2026-01-10 22:00:00,DE-NORTH,North Plant,Body & Welding,2684.376,0.16,68.705,386.067,8.85,0.28
2026-01-10 22:15:00,DE-NORTH,North Plant,Body & Welding,2701.318,0.16,66.148,388.529,8.188,0.28
2026-01-10 22:30:00,DE-NORTH,North Plant,Body & Welding,2846.18,0.16,58.652,374.197,7.929,0.28
2026-01-10 22:45:00,DE-NORTH,North Plant,Body & Welding,2689.178,0.16,63.376,387.256,8.149,0.28
2026-01-10 23:00:00,DE-NORTH,North Plant,Body & Welding,2766.164,0.16,64.039,371.65,7.455,0.28
2026-01-10 23:15:00,DE-NORTH,North Plant,Body & Welding,2688.818,0.16,58.859,373.451,7.429,0.28
2026-01-10 23:30:00,DE-NORTH,North Plant,Body & Welding,2984.272,0.16,62.79,354.347,6.303,0.28
2026-01-10 23:45:00,DE-NORTH,North Plant,Body & Welding,2881.874,0.16,55.873,388.941,7.686,0.28
2026-01-11 00:00:00,DE-NORTH,North Plant,Body & Welding,2803.385,0.16,66.267,365.795,5.702,0.28
2026-01-11 00:15:00,DE-NORTH,North Plant,Body & Welding,2878.384,0.16,65.887,368.402,5.909,0.28
2026-01-11 00:30:00,DE-NORTH,North Plant,Body & Welding,2955.309,0.16,59.867,340.255,5.982,0.28
2026-01-11 00:45:00,DE-NORTH,North Plant,Body & Welding,2874.475,0.16,62.323,349.407,7.001,0.28
2026-01-11 01:00:00,DE-NORTH,North Plant,Body & Welding,2870.793,0.16,51.234,373.878,4.998,0.28
2026-01-11 01:15:00,DE-NORTH,North Plant,Body & Welding,2865.953,0.16,56.269,362.229,4.509,0.28
2026-01-11 01:30:00,DE-NORTH,North Plant,Body & Welding,2972.22,0.16,59.759,335.604,4.267,0.28
2026-01-11 01:45:00,DE-NORTH,North Plant,Body & Welding,2883.093,0.16,56.706,370.831,5.488,0.28
2026-01-11 02:00:00,DE-NORTH,North Plant,Body & Welding,2900.676,0.16,63.94,351.668,2.031,0.28
2026-01-11 02:15:00,DE-NORTH,North Plant,Body & Welding,2788.632,0.16,69.189,374.971,2.971,0.28
2026-01-11 02:30:00,DE-NORTH,North Plant,Body & Welding,2901.321,0.16,56.646,356.843,5.259,0.28
2026-01-11 02:45:00,DE-NORTH,North Plant,Body & Welding,2876.881,0.16,58.195,360.236,3.438,0.28
2026-01-11 03:00:00,DE-NORTH,North Plant,Body & Welding,2859.446,0.16,62.724,371.83,1.932,0.28
2026-01-11 03:15:00,DE-NORTH,North Plant,Body & Welding,2890.092,0.16,68.511,346.836,2.363,0.28
2026-01-11 03:30:00,DE-NORTH,North Plant,Body & Welding,2928.855,0.16,57.514,345.636,2.134,0.28
2026-01-11 03:45:00,DE-NORTH,North Plant,Body & Welding,2899.213,0.16,63.791,355.157,2.381,0.28
2026-01-11 04:00:00,DE-NORTH,North Plant,Body & Welding,2856.585,0.16,70.528,367.426,2.788,0.28
2026-01-11 04:15:00,DE-NORTH,North Plant,Body & Welding,2763.111,0.16,57.139,341.536,1.494,0.28
2026-01-11 04:30:00,DE-NORTH,North Plant,Body & Welding,2715.203,0.16,59.179,337.518,0.578,0.28
2026-01-11 04:45:00,DE-NORTH,North Plant,Body & Welding,2636.332,0.16,63.215,367.467,1.254,0.28
2026-01-11 05:00:00,DE-NORTH,North Plant,Body & Welding,2675.625,0.16,63.475,350.415,-0.024,0.28
2026-01-11 05:15:00,DE-NORTH,North Plant,Body & Welding,2725.368,0.16,69.49,353.033,-0.483,0.28
2026-01-11 05:30:00,DE-NORTH,North Plant,Body & Welding,2630.752,0.16,67.911,335.568,-1.199,0.28
2026-01-11 05:45:00,DE-NORTH,North Plant,Body & Welding,2709.164,0.16,60.557,349.833,-1.253,0.28
2026-01-11 06:00:00,DE-NORTH,North Plant,Body & Welding,2997.794,0.16,70.425,358.04,-0.958,0.46
2026-01-11 06:15:00,DE-NORTH,North Plant,Body & Welding,2917.615,0.16,64.84,358.02,-1.309,0.46
2026-01-11 06:30:00,DE-NORTH,North Plant,Body & Welding,3161.928,0.16,71.003,326.395,-0.4,0.46
2026-01-11 06:45:00,DE-NORTH,North Plant,Body & Welding,3034.539,0.16,62.108,344.449,-1.574,0.46
2026-01-11 07:00:00,DE-NORTH,North Plant,Body & Welding,3011.574,0.16,60.738,305.423,-3.03,0.46
2026-01-11 07:15:00,DE-NORTH,North Plant,Body & Welding,2975.022,0.16,64.059,294.731,-1.635,0.46
2026-01-11 07:30:00,DE-NORTH,North Plant,Body & Welding,3138.92,0.16,63.496,310.926,-1.288,0.46
2026-01-11 07:45:00,DE-NORTH,North Plant,Body & Welding,3251.784,0.16,60.725,284.87,-1.413,0.46
2026-01-11 08:00:00,DE-NORTH,North Plant,Body & Welding,3065.316,0.16,50.62,265.913,0.064,0.46
2026-01-11 08:15:00,DE-NORTH,North Plant,Body & Welding,3117.838,0.16,57.889,261.272,-1.419,0.46
2026-01-11 08:30:00,DE-NORTH,North Plant,Body & Welding,3262.874,0.16,49.929,270.402,-0.341,0.46
2026-01-11 08:45:00,DE-NORTH,North Plant,Body & Welding,2988.918,0.16,53.304,263.263,-0.917,0.46
2026-01-11 09:00:00,DE-NORTH,North Plant,Body & Welding,3409.62,0.16,44.946,227.882,-0.859,0.46
2026-01-11 09:15:00,DE-NORTH,North Plant,Body & Welding,3490.258,0.16,50.704,229.736,-1.319,0.46
2026-01-11 09:30:00,DE-NORTH,North Plant,Body & Welding,2969.536,0.16,43.99,224.468,-0.661,0.46
2026-01-11 09:45:00,DE-NORTH,North Plant,Body & Welding,3273.914,0.16,40.425,205.303,-1.02,0.46
2026-01-11 10:00:00,DE-NORTH,North Plant,Body & Welding,3227.075,0.16,46.813,210.861,-0.211,0.46
2026-01-11 10:15:00,DE-NORTH,North Plant,Body & Welding,3301.487,0.16,43.411,206.65,-0.323,0.46
2026-01-11 10:30:00,DE-NORTH,North Plant,Body & Welding,3312.602,0.16,38.58,216.016,-0.628,0.46
2026-01-11 10:45:00,DE-NORTH,North Plant,Body & Welding,3448.418,0.16,45.557,213.281,0.935,0.46
2026-01-11 11:00:00,DE-NORTH,North Plant,Body & Welding,3373.002,0.16,36.847,192.032,0.763,0.46
2026-01-11 11:15:00,DE-NORTH,North Plant,Body & Welding,3310.064,0.16,37.752,191.356,0.39,0.46
2026-01-11 11:30:00,DE-NORTH,North Plant,Body & Welding,3394.979,0.16,37.883,200.603,1.058,0.46
2026-01-11 11:45:00,DE-NORTH,North Plant,Body & Welding,3476.685,0.16,33.692,185.103,1.163,0.46
2026-01-11 12:00:00,DE-NORTH,North Plant,Body & Welding,3308.059,0.16,37.609,199.484,0.893,0.46
2026-01-11 12:15:00,DE-NORTH,North Plant,Body & Welding,3253.288,0.16,33.34,192.481,1.838,0.46
2026-01-11 12:30:00,DE-NORTH,North Plant,Body & Welding,3636.656,0.16,33.78,183.859,1.652,0.46
2026-01-11 12:45:00,DE-NORTH,North Plant,Body & Welding,3354.767,0.16,41.039,186.828,1.731,0.46
2026-01-11 13:00:00,DE-NORTH,North Plant,Body & Welding,3401.284,0.16,31.804,219.382,1.57,0.46
2026-01-11 13:15:00,DE-NORTH,North Plant,Body & Welding,3350.21,0.16,26.916,204.765,2.774,0.46
2026-01-11 13:30:00,DE-NORTH,North Plant,Body & Welding,3424.805,0.16,43.842,231.903,3.744,0.46
2026-01-11 13:45:00,DE-NORTH,North Plant,Body & Welding,3540.94,0.16,48.666,212.618,3.187,0.46
2026-01-11 14:00:00,DE-NORTH,North Plant,Body & Welding,3167.549,0.16,38.165,229.862,5.764,0.38
2026-01-11 14:15:00,DE-NORTH,North Plant,Body & Welding,2933.913,0.16,33.613,263.722,4.947,0.38
2026-01-11 14:30:00,DE-NORTH,North Plant,Body & Welding,2918.678,0.16,41.958,232.049,5.566,0.38
2026-01-11 14:45:00,DE-NORTH,North Plant,Body & Welding,2998.131,0.16,44.164,232.795,5.532,0.38
2026-01-11 15:00:00,DE-NORTH,North Plant,Body & Welding,2976.257,0.16,46.931,282.945,6.591,0.38
2026-01-11 15:15:00,DE-NORTH,North Plant,Body & Welding,2813.778,0.16,45.885,270.608,5.056,0.38
2026-01-11 15:30:00,DE-NORTH,North Plant,Body & Welding,3065.118,0.16,55.561,294.345,4.121,0.38
2026-01-11 15:45:00,DE-NORTH,North Plant,Body & Welding,2823.235,0.16,58.48,302.587,5.899,0.38
2026-01-11 16:00:00,DE-NORTH,North Plant,Body & Welding,3061.504,0.16,53.747,328.705,6.891,0.38
2026-01-11 16:15:00,DE-NORTH,North Plant,Body & Welding,3075.062,0.16,66.027,330.642,6.884,0.38
2026-01-11 16:30:00,DE-NORTH,North Plant,Body & Welding,2835.641,0.16,75.056,356.953,7.237,0.38
2026-01-11 16:45:00,DE-NORTH,North Plant,Body & Welding,2881.892,0.16,71.198,381.856,8.221,0.38
2026-01-11 17:00:00,DE-NORTH,North Plant,Body & Welding,2697.495,0.16,72.806,381.74,7.803,0.38
2026-01-11 17:15:00,DE-NORTH,North Plant,Body & Welding,2877.242,0.16,77.142,402.598,8.318,0.38
2026-01-11 17:30:00,DE-NORTH,North Plant,Body & Welding,2762.997,0.16,83.562,423.505,7.309,0.38
2026-01-11 17:45:00,DE-NORTH,North Plant,Body & Welding,2697.321,0.16,77.338,426.468,7.391,0.38
2026-01-11 18:00:00,DE-NORTH,North Plant,Body & Welding,2760.986,0.16,87.787,453.529,9.46,0.38
2026-01-11 18:15:00,DE-NORTH,North Plant,Body & Welding,2755.672,0.16,86.199,462.427,8.555,0.38
2026-01-11 18:30:00,DE-NORTH,North Plant,Body & Welding,2781.807,0.16,95.418,457.383,8.183,0.38
2026-01-11 18:45:00,DE-NORTH,North Plant,Body & Welding,2925.494,0.16,87.22,458.845,8.3,0.38
2026-01-11 19:00:00,DE-NORTH,North Plant,Body & Welding,2756.674,0.16,94.114,460.561,8.375,0.38
2026-01-11 19:15:00,DE-NORTH,North Plant,Body & Welding,3037.922,0.16,82.211,450.487,8.408,0.38
2026-01-11 19:30:00,DE-NORTH,North Plant,Body & Welding,2739.519,0.16,87.858,463.197,8.059,0.38
2026-01-11 19:45:00,DE-NORTH,North Plant,Body & Welding,3070.978,0.16,85.421,467.848,7.939,0.38
2026-01-11 20:00:00,DE-NORTH,North Plant,Body & Welding,2808.535,0.16,79.112,440.118,8.863,0.38
2026-01-11 20:15:00,DE-NORTH,North Plant,Body & Welding,2942.387,0.16,81.617,446.163,8.574,0.38
2026-01-11 20:30:00,DE-NORTH,North Plant,Body & Welding,2904.457,0.16,84.015,431.901,9.732,0.38
2026-01-11 20:45:00,DE-NORTH,North Plant,Body & Welding,2951.254,0.16,76.124,433.583,9.109,0.38
2026-01-11 21:00:00,DE-NORTH,North Plant,Body & Welding,3097.27,0.16,68.956,442.567,9.015,0.38
2026-01-11 21:15:00,DE-NORTH,North Plant,Body & Welding,3202.615,0.16,74.052,424.766,8.214,0.38
2026-01-11 21:30:00,DE-NORTH,North Plant,Body & Welding,3189.596,0.16,69.038,392.681,8.535,0.38
2026-01-11 21:45:00,DE-NORTH,North Plant,Body & Welding,3040.92,0.16,69.952,415.198,8.737,0.38
2026-01-11 22:00:00,DE-NORTH,North Plant,Body & Welding,2866.292,0.16,69.831,420.862,8.831,0.28
2026-01-11 22:15:00,DE-NORTH,North Plant,Body & Welding,2786.934,0.16,62.334,400.266,8.092,0.28
2026-01-11 22:30:00,DE-NORTH,North Plant,Body & Welding,2770.655,0.16,61.854,412.253,8.722,0.28
2026-01-11 22:45:00,DE-NORTH,North Plant,Body & Welding,2773.07,0.16,69.554,389.894,7.765,0.28
2026-01-11 23:00:00,DE-NORTH,North Plant,Body & Welding,2850.201,0.16,64.979,378.66,8.091,0.28
2026-01-11 23:15:00,DE-NORTH,North Plant,Body & Welding,2936.455,0.16,56.373,396.877,6.954,0.28
2026-01-11 23:30:00,DE-NORTH,North Plant,Body & Welding,2720.733,0.16,69.436,373.13,5.775,0.28
2026-01-11 23:45:00,DE-NORTH,North Plant,Body & Welding,2900.856,0.16,67.134,390.625,6.966,0.28
2026-01-12 00:00:00,DE-NORTH,North Plant,Body & Welding,3314.602,0.16,62.5,406.631,7.008,0.38
2026-01-12 00:15:00,DE-NORTH,North Plant,Body & Welding,3266.133,0.16,60.137,368.491,6.614,0.38
2026-01-12 00:30:00,DE-NORTH,North Plant,Body & Welding,3076.804,0.16,68.799,376.255,6.209,0.38
2026-01-12 00:45:00,DE-NORTH,North Plant,Body & Welding,2983.074,0.16,66.911,379.404,5.363,0.38
2026-01-12 01:00:00,DE-NORTH,North Plant,Body & Welding,3164.926,0.16,75.108,391.189,4.729,0.38
2026-01-12 01:15:00,DE-NORTH,North Plant,Body & Welding,2845.468,0.16,67.333,387.701,5.362,0.38
2026-01-12 01:30:00,DE-NORTH,North Plant,Body & Welding,3186.301,0.16,67.29,408.999,4.951,0.38
2026-01-12 01:45:00,DE-NORTH,North Plant,Body & Welding,3033.134,0.16,65.175,403.76,3.934,0.38
2026-01-12 02:00:00,DE-NORTH,North Plant,Body & Welding,3214.408,0.16,69.234,398.33,4.777,0.38
2026-01-12 02:15:00,DE-NORTH,North Plant,Body & Welding,2832.821,0.16,68.616,394.193,3.055,0.38
2026-01-12 02:30:00,DE-NORTH,North Plant,Body & Welding,3086.879,0.16,71.301,397.201,2.939,0.38
2026-01-12 02:45:00,DE-NORTH,North Plant,Body & Welding,2943.621,0.16,64.42,382.155,4.17,0.38
2026-01-12 03:00:00,DE-NORTH,North Plant,Body & Welding,2905.329,0.16,65.013,402.781,3.314,0.38
2026-01-12 03:15:00,DE-NORTH,North Plant,Body & Welding,2787.129,0.16,65.131,379.125,2.142,0.38
2026-01-12 03:30:00,DE-NORTH,North Plant,Body & Welding,2973.442,0.16,70.549,402.449,2.288,0.38
2026-01-12 03:45:00,DE-NORTH,North Plant,Body & Welding,2969.78,0.16,73.766,406.591,1.897,0.38
2026-01-12 04:00:00,DE-NORTH,North Plant,Body & Welding,3096.333,0.16,66.375,394.801,-0.422,0.38
2026-01-12 04:15:00,DE-NORTH,North Plant,Body & Welding,2994.763,0.16,66.998,390.048,0.588,0.38
2026-01-12 04:30:00,DE-NORTH,North Plant,Body & Welding,2816.749,0.16,70.488,396.838,0.921,0.38
2026-01-12 04:45:00,DE-NORTH,North Plant,Body & Welding,2775.423,0.16,68.827,357.548,0.454,0.38
2026-01-12 05:00:00,DE-NORTH,North Plant,Body & Welding,2735.942,0.16,74.233,395.345,0.637,0.38
2026-01-12 05:15:00,DE-NORTH,North Plant,Body & Welding,3034.605,0.16,62.06,390.169,1.031,0.38
2026-01-12 05:30:00,DE-NORTH,North Plant,Body & Welding,2818.157,0.16,68.419,390.714,-0.192,0.38
2026-01-12 05:45:00,DE-NORTH,North Plant,Body & Welding,3073.399,0.16,69.258,399.573,-0.898,0.38
2026-01-12 06:00:00,DE-NORTH,North Plant,Body & Welding,4372.095,0.16,63.756,389.95,-0.103,0.98
2026-01-12 06:15:00,DE-NORTH,North Plant,Body & Welding,4383.128,0.16,67.907,365.454,-0.713,0.98
2026-01-12 06:30:00,DE-NORTH,North Plant,Body & Welding,4345.553,0.16,66.788,365.759,-0.729,0.98
2026-01-12 06:45:00,DE-NORTH,North Plant,Body & Welding,4481.489,0.16,68.285,356.666,-0.939,0.98
2026-01-12 07:00:00,DE-NORTH,North Plant,Body & Welding,4428.407,0.16,72.128,345.762,0.74,0.98
2026-01-12 07:15:00,DE-NORTH,North Plant,Body & Welding,4459.832,0.16,65.222,335.03,-2.472,0.98
2026-01-12 07:30:00,DE-NORTH,North Plant,Body & Welding,4596.7,0.16,60.541,334.488,-1.229,0.98
2026-01-12 07:45:00,DE-NORTH,North Plant,Body & Welding,4543.828,0.16,62.831,298.181,-0.992,0.98
2026-01-12 08:00:00,DE-NORTH,North Plant,Body & Welding,4517.842,0.16,65.586,302.835,-1.547,0.98
2026-01-12 08:15:00,DE-NORTH,North Plant,Body & Welding,4688.666,0.16,55.757,306.078,-0.359,0.98
2026-01-12 08:30:00,DE-NORTH,North Plant,Body & Welding,4653.129,0.16,54.24,260.057,-0.388,0.98
2026-01-12 08:45:00,DE-NORTH,North Plant,Body & Welding,4747.852,0.16,58.299,273.743,-0.937,0.98
2026-01-12 09:00:00,DE-NORTH,North Plant,Body & Welding,4677.514,0.16,53.34,255.758,-1.019,0.98
2026-01-12 09:15:00,DE-NORTH,North Plant,Body & Welding,4620.082,0.16,54.973,250.046,-0.813,0.98
2026-01-12 09:30:00,DE-NORTH,North Plant,Body & Welding,4947.557,0.16,50.5,235.899,-0.693,0.98
2026-01-12 09:45:00,DE-NORTH,North Plant,Body & Welding,4940.979,0.16,51.571,237.568,-0.539,0.98
2026-01-12 10:00:00,DE-NORTH,North Plant,Body & Welding,4880.262,0.16,42.893,255.155,-0.462,0.98
2026-01-12 10:15:00,DE-NORTH,North Plant,Body & Welding,4746.3,0.16,45.335,211.986,0.019,0.98
2026-01-12 10:30:00,DE-NORTH,North Plant,Body & Welding,4749.065,0.16,42.992,207.887,0.56,0.98
2026-01-12 10:45:00,DE-NORTH,North Plant,Body & Welding,4931.184,0.16,37.543,201.751,-0.62,0.98
2026-01-12 11:00:00,DE-NORTH,North Plant,Body & Welding,4733.799,0.16,34.863,234.265,-0.271,0.98
2026-01-12 11:15:00,DE-NORTH,North Plant,Body & Welding,4690.444,0.16,42.725,204.88,-0.521,0.98
2026-01-12 11:30:00,DE-NORTH,North Plant,Body & Welding,4911.376,0.16,37.609,207.76,1.563,0.98
2026-01-12 11:45:00,DE-NORTH,North Plant,Body & Welding,4685.98,0.16,34.132,201.64,1.397,0.98
2026-01-12 12:00:00,DE-NORTH,North Plant,Body & Welding,4842.948,0.16,37.231,194.332,1.854,0.98
2026-01-12 12:15:00,DE-NORTH,North Plant,Body & Welding,4488.823,0.16,41.718,202.838,0.788,0.98
2026-01-12 12:30:00,DE-NORTH,North Plant,Body & Welding,4629.865,0.16,27.873,235.98,3.336,0.98
2026-01-12 12:45:00,DE-NORTH,North Plant,Body & Welding,4770.154,0.16,31.008,224.856,1.967,0.98
2026-01-12 13:00:00,DE-NORTH,North Plant,Body & Welding,4509.785,0.16,33.516,200.464,2.824,0.98
2026-01-12 13:15:00,DE-NORTH,North Plant,Body & Welding,4433.254,0.16,43.485,221.926,3.623,0.98
2026-01-12 13:30:00,DE-NORTH,North Plant,Body & Welding,4310.858,0.16,39.434,208.575,2.656,0.98
2026-01-12 13:45:00,DE-NORTH,North Plant,Body & Welding,4504.9,0.16,42.273,202.613,3.291,0.98
2026-01-12 14:00:00,DE-NORTH,North Plant,Body & Welding,4031.942,0.16,35.791,242.557,4.125,0.88
2026-01-12 14:15:00,DE-NORTH,North Plant,Body & Welding,4051.408,0.16,37.277,251.689,6.327,0.88
2026-01-12 14:30:00,DE-NORTH,North Plant,Body & Welding,3920.113,0.16,45.214,258.849,4.863,0.88
2026-01-12 14:45:00,DE-NORTH,North Plant,Body & Welding,4178.273,0.16,45.593,250.287,6.1,0.88
2026-01-12 15:00:00,DE-NORTH,North Plant,Body & Welding,4117.262,0.16,49.765,264.659,6.138,0.88
2026-01-12 15:15:00,DE-NORTH,North Plant,Body & Welding,3981.526,0.16,49.296,287.48,5.865,0.88
2026-01-12 15:30:00,DE-NORTH,North Plant,Body & Welding,3861.018,0.16,53.892,296.045,5.221,0.88
2026-01-12 15:45:00,DE-NORTH,North Plant,Body & Welding,4122.071,0.16,56.38,300.452,6.953,0.88
2026-01-12 16:00:00,DE-NORTH,North Plant,Body & Welding,3938.398,0.16,62.031,300.426,5.451,0.88
2026-01-12 16:15:00,DE-NORTH,North Plant,Body & Welding,3842.362,0.16,65.484,336.6,7.898,0.88
2026-01-12 16:30:00,DE-NORTH,North Plant,Body & Welding,3791.529,0.16,59.224,364.07,7.184,0.88
2026-01-12 16:45:00,DE-NORTH,North Plant,Body & Welding,3941.855,0.16,60.213,352.931,5.442,0.88
2026-01-12 17:00:00,DE-NORTH,North Plant,Body & Welding,3858.489,0.16,76.689,391.195,7.297,0.88
2026-01-12 17:15:00,DE-NORTH,North Plant,Body & Welding,3960.715,0.16,80.825,403.524,8.217,0.88
2026-01-12 17:30:00,DE-NORTH,North Plant,Body & Welding,4136.01,0.16,75.221,424.093,7.801,0.88
2026-01-12 17:45:00,DE-NORTH,North Plant,Body & Welding,4040.365,0.16,74.865,440.382,8.658,0.88
2026-01-12 18:00:00,DE-NORTH,North Plant,Body & Welding,4159.171,0.16,85.412,435.473,7.735,0.88
2026-01-12 18:15:00,DE-NORTH,North Plant,Body & Welding,4081.977,0.16,89.216,425.724,7.57,0.88
2026-01-12 18:30:00,DE-NORTH,North Plant,Body & Welding,4190.17,0.16,92.797,438.841,8.569,0.88
2026-01-12 18:45:00,DE-NORTH,North Plant,Body & Welding,4418.757,0.16,87.414,454.795,8.757,0.88
2026-01-12 19:00:00,DE-NORTH,North Plant,Body & Welding,4217.283,0.16,83.242,435.3,8.586,0.88
2026-01-12 19:15:00,DE-NORTH,North Plant,Body & Welding,4316.344,0.16,80.197,430.035,9.763,0.88
2026-01-12 19:30:00,DE-NORTH,North Plant,Body & Welding,4157.572,0.16,82.56,412.082,8.362,0.88
2026-01-12 19:45:00,DE-NORTH,North Plant,Body & Welding,4502.498,0.16,79.816,449.734,9.209,0.88
2026-01-12 20:00:00,DE-NORTH,North Plant,Body & Welding,4320.625,0.16,75.266,432.763,9.048,0.88
2026-01-12 20:15:00,DE-NORTH,North Plant,Body & Welding,4515.054,0.16,85.712,425.847,7.9,0.88
2026-01-12 20:30:00,DE-NORTH,North Plant,Body & Welding,4408.851,0.16,82.791,421.79,8.034,0.88
2026-01-12 20:45:00,DE-NORTH,North Plant,Body & Welding,4491.064,0.16,78.329,410.681,8.912,0.88
2026-01-12 21:00:00,DE-NORTH,North Plant,Body & Welding,4493.296,0.16,68.291,394.602,10.216,0.88
2026-01-12 21:15:00,DE-NORTH,North Plant,Body & Welding,4390.132,0.16,73.682,389.677,9.14,0.88
2026-01-12 21:30:00,DE-NORTH,North Plant,Body & Welding,4568.53,0.16,71.24,381.067,7.411,0.88
2026-01-12 21:45:00,DE-NORTH,North Plant,Body & Welding,4379.127,0.16,69.024,412.892,6.307,0.88
2026-01-12 22:00:00,DE-NORTH,North Plant,Body & Welding,3218.413,0.16,70.991,383.586,8.843,0.38
2026-01-12 22:15:00,DE-NORTH,North Plant,Body & Welding,3092.154,0.16,67.442,367.564,8.09,0.38
2026-01-12 22:30:00,DE-NORTH,North Plant,Body & Welding,3148.831,0.16,66.933,375.489,8.766,0.38
2026-01-12 22:45:00,DE-NORTH,North Plant,Body & Welding,3062.793,0.16,65.748,355.071,7.143,0.38
2026-01-12 23:00:00,DE-NORTH,North Plant,Body & Welding,3090.649,0.16,63.932,383.033,7.781,0.38
2026-01-12 23:15:00,DE-NORTH,North Plant,Body & Welding,2949.886,0.16,54.926,355.246,7.889,0.38
2026-01-12 23:30:00,DE-NORTH,North Plant,Body & Welding,3077.089,0.16,61.993,367.757,6.731,0.38
2026-01-12 23:45:00,DE-NORTH,North Plant,Body & Welding,3033.872,0.16,59.122,373.41,6.48,0.38
2026-01-13 00:00:00,DE-NORTH,North Plant,Body & Welding,2947.102,0.16,55.484,362.542,6.518,0.38
2026-01-13 00:15:00,DE-NORTH,North Plant,Body & Welding,2972.122,0.16,67.33,358.936,6.591,0.38
2026-01-13 00:30:00,DE-NORTH,North Plant,Body & Welding,2974.032,0.16,67.528,357.831,5.903,0.38
2026-01-13 00:45:00,DE-NORTH,North Plant,Body & Welding,2867.44,0.16,66.069,356.943,6.289,0.38
2026-01-13 01:00:00,DE-NORTH,North Plant,Body & Welding,2909.23,0.16,61.686,350.64,4.971,0.38
2026-01-13 01:15:00,DE-NORTH,North Plant,Body & Welding,2805.646,0.16,66.116,352.127,4.046,0.38
2026-01-13 01:30:00,DE-NORTH,North Plant,Body & Welding,3119.09,0.16,60.829,375.257,6.037,0.38
2026-01-13 01:45:00,DE-NORTH,North Plant,Body & Welding,2989.409,0.16,61.682,356.201,3.904,0.38
2026-01-13 02:00:00,DE-NORTH,North Plant,Body & Welding,2896.923,0.16,56.613,348.097,3.602,0.38
2026-01-13 02:15:00,DE-NORTH,North Plant,Body & Welding,2981.308,0.16,62.722,351.375,3.627,0.38
2026-01-13 02:30:00,DE-NORTH,North Plant,Body & Welding,2646.383,0.16,61.557,370.839,3.394,0.38
2026-01-13 02:45:00,DE-NORTH,North Plant,Body & Welding,2589.231,0.16,56.326,365.827,2.754,0.38
2026-01-13 03:00:00,DE-NORTH,North Plant,Body & Welding,2817.235,0.16,61.597,364.549,2.694,0.38
2026-01-13 03:15:00,DE-NORTH,North Plant,Body & Welding,2722.046,0.16,61.797,354.861,2.365,0.38
2026-01-13 03:30:00,DE-NORTH,North Plant,Body & Welding,2851.349,0.16,69.672,364.977,2.209,0.38
2026-01-13 03:45:00,DE-NORTH,North Plant,Body & Welding,2929.659,0.16,66.479,350.541,0.138,0.38
2026-01-13 04:00:00,DE-NORTH,North Plant,Body & Welding,2992.192,0.16,63.424,355.334,2.817,0.38
2026-01-13 04:15:00,DE-NORTH,North Plant,Body & Welding,2810.085,0.16,64.905,370.293,1.119,0.38
2026-01-13 04:30:00,DE-NORTH,North Plant,Body & Welding,2988.669,0.16,64.672,369.372,1.363,0.38
2026-01-13 04:45:00,DE-NORTH,North Plant,Body & Welding,2986.065,0.16,64.318,347.342,-0.261,0.38
2026-01-13 05:00:00,DE-NORTH,North Plant,Body & Welding,3040.311,0.16,61.476,349.122,0.135,0.38
2026-01-13 05:15:00,DE-NORTH,North Plant,Body & Welding,2977.274,0.16,65.911,360.975,-0.23,0.38
2026-01-13 05:30:00,DE-NORTH,North Plant,Body & Welding,3189.197,0.16,64.263,380.684,1.062,0.38
2026-01-13 05:45:00,DE-NORTH,North Plant,Body & Welding,3074.574,0.16,62.985,337.302,-0.567,0.38
2026-01-13 06:00:00,DE-NORTH,North Plant,Body & Welding,4771.78,0.16,70.764,363.964,0.201,0.98
2026-01-13 06:15:00,DE-NORTH,North Plant,Body & Welding,4549.734,0.16,69.097,333.019,-0.94,0.98
2026-01-13 06:30:00,DE-NORTH,North Plant,Body & Welding,4744.481,0.16,59.166,330.892,-0.936,0.98
2026-01-13 06:45:00,DE-NORTH,North Plant,Body & Welding,4690.989,0.16,64.561,323.218,-0.907,0.98
2026-01-13 07:00:00,DE-NORTH,North Plant,Body & Welding,4680.792,0.16,67.724,311.793,0.069,0.98
2026-01-13 07:15:00,DE-NORTH,North Plant,Body & Welding,4828.34,0.16,66.612,299.892,-2.227,0.98
2026-01-13 07:30:00,DE-NORTH,North Plant,Body & Welding,4746.421,0.16,65.052,296.098,-1.878,0.98
2026-01-13 07:45:00,DE-NORTH,North Plant,Body & Welding,4517.641,0.16,59.616,279.603,-2.352,0.98
2026-01-13 08:00:00,DE-NORTH,North Plant,Body & Welding,4479.105,0.16,54.532,258.836,-1.761,0.98
2026-01-13 08:15:00,DE-NORTH,North Plant,Body & Welding,4936.449,0.16,51.974,276.492,-1.557,0.98
2026-01-13 08:30:00,DE-NORTH,North Plant,Body & Welding,4936.119,0.16,56.037,267.345,-2.087,0.98
2026-01-13 08:45:00,DE-NORTH,North Plant,Body & Welding,4991.862,0.16,54.492,260.074,-1.418,0.98
2026-01-13 09:00:00,DE-NORTH,North Plant,Body & Welding,4788.296,0.16,56.422,223.619,-2.24,0.98
2026-01-13 09:15:00,DE-NORTH,North Plant,Body & Welding,4629.727,0.16,53.969,238.387,-1.447,0.98
2026-01-13 09:30:00,DE-NORTH,North Plant,Body & Welding,4683.32,0.16,47.356,236.178,0.221,0.98
2026-01-13 09:45:00,DE-NORTH,North Plant,Body & Welding,4707.205,0.16,41.264,209.563,-0.202,0.98
2026-01-13 10:00:00,DE-NORTH,North Plant,Body & Welding,4570.957,0.16,43.383,216.553,-0.199,0.98
2026-01-13 10:15:00,DE-NORTH,North Plant,Body & Welding,4824.035,0.16,44.031,210.213,-0.859,0.98
2026-01-13 10:30:00,DE-NORTH,North Plant,Body & Welding,4853.119,0.16,40.96,229.563,-1.042,0.98
2026-01-13 10:45:00,DE-NORTH,North Plant,Body & Welding,4626.829,0.16,38.186,227.106,-0.557,0.98
2026-01-13 11:00:00,DE-NORTH,North Plant,Body & Welding,4528.079,0.16,40.38,181.321,0.434,0.98
2026-01-13 11:15:00,DE-NORTH,North Plant,Body & Welding,4346.79,0.16,36.379,229.245,1.311,0.98
2026-01-13 11:30:00,DE-NORTH,North Plant,Body & Welding,4605.237,0.16,35.077,187.121,1.588,0.98
2026-01-13 11:45:00,DE-NORTH,North Plant,Body & Welding,4414.299,0.16,38.209,209.436,1.664,0.98
2026-01-13 12:00:00,DE-NORTH,North Plant,Body & Welding,4348.951,0.16,34.917,209.673,0.984,0.98
2026-01-13 12:15:00,DE-NORTH,North Plant,Body & Welding,4390.576,0.16,37.259,187.252,1.806,0.98
2026-01-13 12:30:00,DE-NORTH,North Plant,Body & Welding,4250.32,0.16,37.336,207.126,1.862,0.98
2026-01-13 12:45:00,DE-NORTH,North Plant,Body & Welding,4299.592,0.16,31.854,202.779,2.252,0.98
2026-01-13 13:00:00,DE-NORTH,North Plant,Body & Welding,4094.579,0.16,34.87,214.465,4.132,0.98
2026-01-13 13:15:00,DE-NORTH,North Plant,Body & Welding,4369.063,0.16,43.151,215.237,1.791,0.98
2026-01-13 13:30:00,DE-NORTH,North Plant,Body & Welding,4220.612,0.16,33.586,232.425,3.183,0.98
2026-01-13 13:45:00,DE-NORTH,North Plant,Body & Welding,4335.739,0.16,30.84,225.553,4.521,0.98
2026-01-13 14:00:00,DE-NORTH,North Plant,Body & Welding,3980.604,0.16,33.178,230.228,2.974,0.88
2026-01-13 14:15:00,DE-NORTH,North Plant,Body & Welding,3984.635,0.16,42.317,254.041,3.876,0.88
2026-01-13 14:30:00,DE-NORTH,North Plant,Body & Welding,3878.75,0.16,44.163,257.576,4.282,0.88
2026-01-13 14:45:00,DE-NORTH,North Plant,Body & Welding,4096.319,0.16,45.676,270.213,4.819,0.88
2026-01-13 15:00:00,DE-NORTH,North Plant,Body & Welding,3951.253,0.16,53.382,265.375,4.177,0.88
2026-01-13 15:15:00,DE-NORTH,North Plant,Body & Welding,3997.887,0.16,40.479,273.805,6.024,0.88
2026-01-13 15:30:00,DE-NORTH,North Plant,Body & Welding,4073.201,0.16,55.653,293.567,6.38,0.88
2026-01-13 15:45:00,DE-NORTH,North Plant,Body & Welding,4114.542,0.16,63.449,307.915,6.567,0.88
2026-01-13 16:00:00,DE-NORTH,North Plant,Body & Welding,3962.323,0.16,56.028,340.622,5.891,0.88
2026-01-13 16:15:00,DE-NORTH,North Plant,Body & Welding,4142.251,0.16,62.518,359.408,6.838,0.88
2026-01-13 16:30:00,DE-NORTH,North Plant,Body & Welding,4289.639,0.16,64.632,362.839,6.414,0.88
2026-01-13 16:45:00,DE-NORTH,North Plant,Body & Welding,4195.521,0.16,67.721,399.151,7.064,0.88
2026-01-13 17:00:00,DE-NORTH,North Plant,Body & Welding,4226.929,0.16,73.629,415.711,9.043,0.88
2026-01-13 17:15:00,DE-NORTH,North Plant,Body & Welding,4313.568,0.16,84.187,419.29,7.826,0.88
2026-01-13 17:30:00,DE-NORTH,North Plant,Body & Welding,4322.08,0.16,89.206,423.095,7.135,0.88
2026-01-13 17:45:00,DE-NORTH,North Plant,Body & Welding,4244.918,0.16,83.659,467.711,8.284,0.88
2026-01-13 18:00:00,DE-NORTH,North Plant,Body & Welding,4384.416,0.16,95.477,462.962,7.384,0.88
2026-01-13 18:15:00,DE-NORTH,North Plant,Body & Welding,4512.395,0.16,88.616,467.505,7.645,0.88
2026-01-13 18:30:00,DE-NORTH,North Plant,Body & Welding,4313.414,0.16,95.738,462.983,7.891,0.88
2026-01-13 18:45:00,DE-NORTH,North Plant,Body & Welding,4392.818,0.16,88.225,456.188,8.424,0.88
2026-01-13 19:00:00,DE-NORTH,North Plant,Body & Welding,4285.307,0.16,88.629,447.818,9.486,0.88
2026-01-13 19:15:00,DE-NORTH,North Plant,Body & Welding,4534.847,0.16,88.733,470.466,9.309,0.88
2026-01-13 19:30:00,DE-NORTH,North Plant,Body & Welding,4424.934,0.16,98.851,449.886,9.323,0.88
2026-01-13 19:45:00,DE-NORTH,North Plant,Body & Welding,4350.112,0.16,88.155,491.576,8.22,0.88
2026-01-13 20:00:00,DE-NORTH,North Plant,Body & Welding,4433.85,0.16,80.345,436.76,8.621,0.88
2026-01-13 20:15:00,DE-NORTH,North Plant,Body & Welding,4276.288,0.16,85.348,429.207,9.18,0.88
2026-01-13 20:30:00,DE-NORTH,North Plant,Body & Welding,4280.486,0.16,78.26,444.701,8.517,0.88
2026-01-13 20:45:00,DE-NORTH,North Plant,Body & Welding,4209.524,0.16,75.981,451.195,8.709,0.88
2026-01-13 21:00:00,DE-NORTH,North Plant,Body & Welding,4218.814,0.16,79.856,428.037,9.139,0.88
2026-01-13 21:15:00,DE-NORTH,North Plant,Body & Welding,4449.207,0.16,74.721,428.849,8.491,0.88
2026-01-13 21:30:00,DE-NORTH,North Plant,Body & Welding,4193.936,0.16,74.212,394.99,8.778,0.88
2026-01-13 21:45:00,DE-NORTH,North Plant,Body & Welding,4277.141,0.16,71.803,404.598,9.599,0.88
2026-01-13 22:00:00,DE-NORTH,North Plant,Body & Welding,2898.193,0.16,71.904,395.986,8.21,0.38
2026-01-13 22:15:00,DE-NORTH,North Plant,Body & Welding,3032.848,0.16,71.231,382.805,8.983,0.38
2026-01-13 22:30:00,DE-NORTH,North Plant,Body & Welding,2826.808,0.16,60.917,404.147,8.358,0.38
2026-01-13 22:45:00,DE-NORTH,North Plant,Body & Welding,2931.02,0.16,70.613,373.513,6.732,0.38
2026-01-13 23:00:00,DE-NORTH,North Plant,Body & Welding,2909.597,0.16,63.436,382.684,6.764,0.38
2026-01-13 23:15:00,DE-NORTH,North Plant,Body & Welding,3128.275,0.16,61.131,390.61,6.713,0.38
2026-01-13 23:30:00,DE-NORTH,North Plant,Body & Welding,2934.283,0.16,66.303,385.912,6.445,0.38
2026-01-13 23:45:00,DE-NORTH,North Plant,Body & Welding,2787.327,0.16,66.592,399.743,6.715,0.38
2026-01-14 00:00:00,DE-NORTH,North Plant,Body & Welding,2906.495,0.16,62.765,396.143,6.93,0.38
2026-01-14 00:15:00,DE-NORTH,North Plant,Body & Welding,3047.829,0.16,68.884,403.223,7.09,0.38
2026-01-14 00:30:00,DE-NORTH,North Plant,Body & Welding,2655.584,0.16,60.214,401.526,6.129,0.38
2026-01-14 00:45:00,DE-NORTH,North Plant,Body & Welding,2743.879,0.16,63.984,406.167,5.295,0.38
2026-01-14 01:00:00,DE-NORTH,North Plant,Body & Welding,2822.951,0.16,63.308,392.412,3.837,0.38
2026-01-14 01:15:00,DE-NORTH,North Plant,Body & Welding,2796.621,0.16,65.506,396.015,5.025,0.38
2026-01-14 01:30:00,DE-NORTH,North Plant,Body & Welding,2816.975,0.16,66.866,398.429,4.671,0.38
2026-01-14 01:45:00,DE-NORTH,North Plant,Body & Welding,2728.406,0.16,61.794,393.887,4.455,0.38
2026-01-14 02:00:00,DE-NORTH,North Plant,Body & Welding,3016.945,0.16,68.818,387.297,5.474,0.38
2026-01-14 02:15:00,DE-NORTH,North Plant,Body & Welding,2746.657,0.16,66.293,387.93,4.541,0.38
2026-01-14 02:30:00,DE-NORTH,North Plant,Body & Welding,2901.075,0.16,58.622,381.944,3.897,0.38
2026-01-14 02:45:00,DE-NORTH,North Plant,Body & Welding,3069.038,0.16,58.538,396.63,2.351,0.38
2026-01-14 03:00:00,DE-NORTH,North Plant,Body & Welding,2979.379,0.16,66.545,390.239,2.347,0.38
2026-01-14 03:15:00,DE-NORTH,North Plant,Body & Welding,2904.329,0.16,65.974,383.186,2.326,0.38
2026-01-14 03:30:00,DE-NORTH,North Plant,Body & Welding,2898.431,0.16,66.755,382.955,1.544,0.38
2026-01-14 03:45:00,DE-NORTH,North Plant,Body & Welding,3035.118,0.16,67.416,376.115,2.139,0.38
2026-01-14 04:00:00,DE-NORTH,North Plant,Body & Welding,3008.46,0.16,68.839,402.106,1.75,0.38
2026-01-14 04:15:00,DE-NORTH,North Plant,Body & Welding,3146.29,0.16,72.188,391.005,0.46,0.38
2026-01-14 04:30:00,DE-NORTH,North Plant,Body & Welding,2986.772,0.16,64.46,379.392,1.794,0.38
2026-01-14 04:45:00,DE-NORTH,North Plant,Body & Welding,3250.166,0.16,64.768,399.115,0.775,0.38
2026-01-14 05:00:00,DE-NORTH,North Plant,Body & Welding,3210.561,0.16,65.672,382.336,-0.746,0.38
2026-01-14 05:15:00,DE-NORTH,North Plant,Body & Welding,3224.643,0.16,71.817,371.816,0.205,0.38
2026-01-14 05:30:00,DE-NORTH,North Plant,Body & Welding,3368.605,0.16,76.275,400.565,0.23,0.38
2026-01-14 05:45:00,DE-NORTH,North Plant,Body & Welding,3178.004,0.16,70.207,381.465,0.524,0.38
2026-01-14 06:00:00,DE-NORTH,North Plant,Body & Welding,4712.785,0.16,62.551,382.589,-0.566,0.98
2026-01-14 06:15:00,DE-NORTH,North Plant,Body & Welding,4728.852,0.16,64.443,376.114,0.095,0.98
2026-01-14 06:30:00,DE-NORTH,North Plant,Body & Welding,4770.596,0.16,66.591,377.491,-0.488,0.98
2026-01-14 06:45:00,DE-NORTH,North Plant,Body & Welding,4786.185,0.16,66.311,352.263,-1.655,0.98
2026-01-14 07:00:00,DE-NORTH,North Plant,Body & Welding,4698.206,0.16,65.474,326.01,-1.82,0.98
2026-01-14 07:15:00,DE-NORTH,North Plant,Body & Welding,4539.058,0.16,65.767,335.483,-0.118,0.98
2026-01-14 07:30:00,DE-NORTH,North Plant,Body & Welding,4671.051,0.16,62.807,311.923,-0.12,0.98
2026-01-14 07:45:00,DE-NORTH,North Plant,Body & Welding,4748.424,0.16,66.626,329.459,-0.763,0.98
2026-01-14 08:00:00,DE-NORTH,North Plant,Body & Welding,4687.447,0.16,58.037,296.173,0.047,0.98
2026-01-14 08:15:00,DE-NORTH,North Plant,Body & Welding,4769.597,0.16,55.545,259.112,-0.25,0.98
2026-01-14 08:30:00,DE-NORTH,North Plant,Body & Welding,4816.396,0.16,59.114,280.374,-0.479,0.98
2026-01-14 08:45:00,DE-NORTH,North Plant,Body & Welding,4664.877,0.16,49.222,290.021,-1.542,0.98
2026-01-14 09:00:00,DE-NORTH,North Plant,Body & Welding,4673.568,0.16,55.069,276.683,0.382,0.98
2026-01-14 09:15:00,DE-NORTH,North Plant,Body & Welding,4578.647,0.16,52.062,271.352,-0.359,0.98
2026-01-14 09:30:00,DE-NORTH,North Plant,Body & Welding,4645.879,0.16,49.221,229.309,-0.889,0.98
2026-01-14 09:45:00,DE-NORTH,North Plant,Body & Welding,4625.549,0.16,54.36,245.247,-0.952,0.98
2026-01-14 10:00:00,DE-NORTH,North Plant,Body & Welding,4489.377,0.16,43.775,219.011,-0.15,0.98
2026-01-14 10:15:00,DE-NORTH,North Plant,Body & Welding,4444.51,0.16,52.844,224.386,-1.327,0.98
2026-01-14 10:30:00,DE-NORTH,North Plant,Body & Welding,4302.745,0.16,42.142,201.112,0.523,0.98
2026-01-14 10:45:00,DE-NORTH,North Plant,Body & Welding,4305.854,0.16,36.499,204.041,-0.427,0.98
2026-01-14 11:00:00,DE-NORTH,North Plant,Body & Welding,4244.047,0.16,40.589,199.763,0.724,0.98
2026-01-14 11:15:00,DE-NORTH,North Plant,Body & Welding,4334.258,0.16,34.861,215.501,0.338,0.98
2026-01-14 11:30:00,DE-NORTH,North Plant,Body & Welding,4179.821,0.16,35.183,211.921,0.771,0.98
2026-01-14 11:45:00,DE-NORTH,North Plant,Body & Welding,4232.24,0.16,38.981,204.003,0.692,0.98
2026-01-14 12:00:00,DE-NORTH,North Plant,Body & Welding,3999.505,0.16,39.006,183.636,1.387,0.98
2026-01-14 12:15:00,DE-NORTH,North Plant,Body & Welding,4417.272,0.16,33.882,196.072,3.111,0.98
2026-01-14 12:30:00,DE-NORTH,North Plant,Body & Welding,4225.75,0.16,40.108,191.662,3.056,0.98
2026-01-14 12:45:00,DE-NORTH,North Plant,Body & Welding,4317.857,0.16,40.785,212.713,2.641,0.98
2026-01-14 13:00:00,DE-NORTH,North Plant,Body & Welding,4444.208,0.16,42.113,218.959,2.688,0.98
2026-01-14 13:15:00,DE-NORTH,North Plant,Body & Welding,4339.171,0.16,38.919,220.957,3.615,0.98
2026-01-14 13:30:00,DE-NORTH,North Plant,Body & Welding,4483.497,0.16,42.919,203.626,4.138,0.98
2026-01-14 13:45:00,DE-NORTH,North Plant,Body & Welding,4244.408,0.16,30.845,185.209,3.092,0.98
2026-01-14 14:00:00,DE-NORTH,North Plant,Body & Welding,4413.835,0.16,38.248,203.298,3.946,0.88
2026-01-14 14:15:00,DE-NORTH,North Plant,Body & Welding,4319.742,0.16,37.46,249.038,3.052,0.88
2026-01-14 14:30:00,DE-NORTH,North Plant,Body & Welding,4239.122,0.16,43.078,235.73,5.439,0.88
2026-01-14 14:45:00,DE-NORTH,North Plant,Body & Welding,4392.565,0.16,42.259,241.211,6.421,0.88
2026-01-14 15:00:00,DE-NORTH,North Plant,Body & Welding,4165.971,0.16,46.097,280.718,5.35,0.88
2026-01-14 15:15:00,DE-NORTH,North Plant,Body & Welding,4304.442,0.16,56.776,288.07,4.12,0.88
2026-01-14 15:30:00,DE-NORTH,North Plant,Body & Welding,4495.996,0.16,51.31,286.111,6.34,0.88
2026-01-14 15:45:00,DE-NORTH,North Plant,Body & Welding,4185.113,0.16,56.623,296.198,5.579,0.88
2026-01-14 16:00:00,DE-NORTH,North Plant,Body & Welding,4461.422,0.16,57.223,312.891,6.036,0.88
2026-01-14 16:15:00,DE-NORTH,North Plant,Body & Welding,4468.901,0.16,61.803,332.666,7.216,0.88
2026-01-14 16:30:00,DE-NORTH,North Plant,Body & Welding,4637.806,0.16,64.985,365.12,7.222,0.88
2026-01-14 16:45:00,DE-NORTH,North Plant,Body & Welding,4281.011,0.16,70.266,367.267,6.955,0.88
2026-01-14 17:00:00,DE-NORTH,North Plant,Body & Welding,4623.659,0.16,76.629,387.241,7.081,0.88
2026-01-14 17:15:00,DE-NORTH,North Plant,Body & Welding,4391.916,0.16,81.964,408.685,7.847,0.88
2026-01-14 17:30:00,DE-NORTH,North Plant,Body & Welding,4403.991,0.16,79.86,396.278,7.68,0.88
2026-01-14 17:45:00,DE-NORTH,North Plant,Body & Welding,4319.15,0.16,83.998,434.321,7.381,0.88
2026-01-14 18:00:00,DE-NORTH,North Plant,Body & Welding,4314.691,0.16,79.766,435.742,8.097,0.88
2026-01-14 18:15:00,DE-NORTH,North Plant,Body & Welding,4448.967,0.16,84.513,410.537,8.722,0.88
2026-01-14 18:30:00,DE-NORTH,North Plant,Body & Welding,4271.642,0.16,88.76,415.445,8.495,0.88
2026-01-14 18:45:00,DE-NORTH,North Plant,Body & Welding,4449.282,0.16,88.225,427.79,7.745,0.88
2026-01-14 19:00:00,DE-NORTH,North Plant,Body & Welding,4256.343,0.16,85.008,444.208,9.522,0.88
2026-01-14 19:15:00,DE-NORTH,North Plant,Body & Welding,4193.225,0.16,86.77,435.91,6.987,0.88
2026-01-14 19:30:00,DE-NORTH,North Plant,Body & Welding,4215.624,0.16,83.954,432.488,8.645,0.88
2026-01-14 19:45:00,DE-NORTH,North Plant,Body & Welding,4272.74,0.16,85.314,448.611,8.555,0.88
2026-01-14 20:00:00,DE-NORTH,North Plant,Body & Welding,4167.342,0.16,80.006,404.288,9.104,0.88
2026-01-14 20:15:00,DE-NORTH,North Plant,Body & Welding,4161.673,0.16,75.642,413.111,9.382,0.88
2026-01-14 20:30:00,DE-NORTH,North Plant,Body & Welding,4192.518,0.16,76.566,410.835,9.746,0.88
2026-01-14 20:45:00,DE-NORTH,North Plant,Body & Welding,4212.728,0.16,61.66,392.105,8.405,0.88
2026-01-14 21:00:00,DE-NORTH,North Plant,Body & Welding,4026.38,0.16,73.129,395.233,9.24,0.88
2026-01-14 21:15:00,DE-NORTH,North Plant,Body & Welding,3923.814,0.16,55.317,369.985,8.872,0.88
2026-01-14 21:30:00,DE-NORTH,North Plant,Body & Welding,4029.992,0.16,61.463,400.844,7.421,0.88
2026-01-14 21:45:00,DE-NORTH,North Plant,Body & Welding,4025.265,0.16,68.763,371.012,9.815,0.88
2026-01-14 22:00:00,DE-NORTH,North Plant,Body & Welding,2676.864,0.16,67.632,399.399,7.323,0.38
2026-01-14 22:15:00,DE-NORTH,North Plant,Body & Welding,2715.918,0.16,60.008,371.04,8.451,0.38
2026-01-14 22:30:00,DE-NORTH,North Plant,Body & Welding,2729.919,0.16,60.91,380.735,8.24,0.38
2026-01-14 22:45:00,DE-NORTH,North Plant,Body & Welding,2783.92,0.16,68.496,365.254,7.952,0.38
2026-01-14 23:00:00,DE-NORTH,North Plant,Body & Welding,2734.486,0.16,60.474,363.5,7.189,0.38
2026-01-14 23:15:00,DE-NORTH,North Plant,Body & Welding,2886.368,0.16,70.902,355.26,7.876,0.38
2026-01-14 23:30:00,DE-NORTH,North Plant,Body & Welding,2670.911,0.16,61.55,362.464,5.952,0.38
2026-01-14 23:45:00,DE-NORTH,North Plant,Body & Welding,2677.171,0.16,62.906,363.927,6.732,0.38
2026-01-15 00:00:00,DE-NORTH,North Plant,Body & Welding,2828.724,0.16,67.027,348.208,6.105,0.38
2026-01-15 00:15:00,DE-NORTH,North Plant,Body & Welding,2866.283,0.16,61.112,356.199,5.737,0.38
2026-01-15 00:30:00,DE-NORTH,North Plant,Body & Welding,2746.928,0.16,56.617,350.48,6.214,0.38
2026-01-15 00:45:00,DE-NORTH,North Plant,Body & Welding,2856.214,0.16,60.236,385.518,6.361,0.38
2026-01-15 01:00:00,DE-NORTH,North Plant,Body & Welding,2914.217,0.16,60.595,356.988,5.054,0.38
2026-01-15 01:15:00,DE-NORTH,North Plant,Body & Welding,2934.793,0.16,55.356,376.769,5.522,0.38
2026-01-15 01:30:00,DE-NORTH,North Plant,Body & Welding,3025.445,0.16,59.887,356.061,4.687,0.38
2026-01-15 01:45:00,DE-NORTH,North Plant,Body & Welding,2975.057,0.16,58.06,361.722,3.702,0.38
2026-01-15 02:00:00,DE-NORTH,North Plant,Body & Welding,3223.289,0.16,64.871,342.975,3.819,0.38
2026-01-15 02:15:00,DE-NORTH,North Plant,Body & Welding,3146.796,0.16,61.487,353.707,3.463,0.38
2026-01-15 02:30:00,DE-NORTH,North Plant,Body & Welding,3039.286,0.16,60.427,361.858,2.86,0.38
2026-01-15 02:45:00,DE-NORTH,North Plant,Body & Welding,3149.918,0.16,61.382,378.641,3.324,0.38
2026-01-15 03:00:00,DE-NORTH,North Plant,Body & Welding,3175.895,0.16,62.992,362.569,2.87,0.38
2026-01-15 03:15:00,DE-NORTH,North Plant,Body & Welding,3322.018,0.16,64.907,376.824,1.279,0.38
2026-01-15 03:30:00,DE-NORTH,North Plant,Body & Welding,3147.644,0.16,58.834,368.24,0.931,0.38
2026-01-15 03:45:00,DE-NORTH,North Plant,Body & Welding,3289.2,0.16,59.113,380.429,2.086,0.38
2026-01-15 04:00:00,DE-NORTH,North Plant,Body & Welding,3230.669,0.16,68.2,360.558,0.929,0.38
2026-01-15 04:15:00,DE-NORTH,North Plant,Body & Welding,3380.383,0.16,62.689,390.331,1.434,0.38
2026-01-15 04:30:00,DE-NORTH,North Plant,Body & Welding,3357.562,0.16,59.28,356.222,1.503,0.38
2026-01-15 04:45:00,DE-NORTH,North Plant,Body & Welding,3254.963,0.16,67.381,353.262,-0.186,0.38
2026-01-15 05:00:00,DE-NORTH,North Plant,Body & Welding,3202.004,0.16,68.159,348.367,-0.524,0.38
2026-01-15 05:15:00,DE-NORTH,North Plant,Body & Welding,3251.951,0.16,60.916,391.303,1.413,0.38
2026-01-15 05:30:00,DE-NORTH,North Plant,Body & Welding,3176.643,0.16,68.71,373.621,0.279,0.38
2026-01-15 05:45:00,DE-NORTH,North Plant,Body & Welding,3362.036,0.16,71.496,360.248,-0.451,0.38
2026-01-15 06:00:00,DE-NORTH,North Plant,Body & Welding,4690.587,0.16,70.805,379.728,-0.984,0.98
2026-01-15 06:15:00,DE-NORTH,North Plant,Body & Welding,4605.774,0.16,70.668,362.041,-0.842,0.98
2026-01-15 06:30:00,DE-NORTH,North Plant,Body & Welding,4571.282,0.16,61.323,366.493,-1.453,0.98
2026-01-15 06:45:00,DE-NORTH,North Plant,Body & Welding,4442.206,0.16,67.023,313.544,-0.116,0.98
2026-01-15 07:00:00,DE-NORTH,North Plant,Body & Welding,4603.063,0.16,63.196,318.309,-1.373,0.98
2026-01-15 07:15:00,DE-NORTH,North Plant,Body & Welding,4408.498,0.16,61.126,305.522,-0.138,0.98
2026-01-15 07:30:00,DE-NORTH,North Plant,Body & Welding,4583.834,0.16,65.13,277.217,-1.238,0.98
2026-01-15 07:45:00,DE-NORTH,North Plant,Body & Welding,4301.894,0.16,66.092,303.749,-1.72,0.98
2026-01-15 08:00:00,DE-NORTH,North Plant,Body & Welding,4413.199,0.16,65.819,278.244,-1.298,0.98
2026-01-15 08:15:00,DE-NORTH,North Plant,Body & Welding,4505.069,0.16,62.311,281.21,-2.826,0.98
2026-01-15 08:30:00,DE-NORTH,North Plant,Body & Welding,4113.051,0.16,54.976,291.92,-1.042,0.98
2026-01-15 08:45:00,DE-NORTH,North Plant,Body & Welding,4527.319,0.16,55.154,251.094,-1.023,0.98
2026-01-15 09:00:00,DE-NORTH,North Plant,Body & Welding,4244.034,0.16,55.119,242.509,-0.252,0.98
2026-01-15 09:15:00,DE-NORTH,North Plant,Body & Welding,4307.358,0.16,50.844,241.752,-2.055,0.98
2026-01-15 09:30:00,DE-NORTH,North Plant,Body & Welding,4321.001,0.16,49.207,245.507,0.194,0.98
2026-01-15 09:45:00,DE-NORTH,North Plant,Body & Welding,4334.531,0.16,50.344,220.79,0.09,0.98
2026-01-15 10:00:00,DE-NORTH,North Plant,Body & Welding,4284.113,0.16,45.237,214.576,0.546,0.98
2026-01-15 10:15:00,DE-NORTH,North Plant,Body & Welding,4374.464,0.16,41.066,230.045,-0.194,0.98
2026-01-15 10:30:00,DE-NORTH,North Plant,Body & Welding,4327.052,0.16,40.937,217.79,0.743,0.98
2026-01-15 10:45:00,DE-NORTH,North Plant,Body & Welding,4489.902,0.16,43.865,185.296,-0.789,0.98
2026-01-15 11:00:00,DE-NORTH,North Plant,Body & Welding,4364.074,0.16,40.215,192.434,0.964,0.98
2026-01-15 11:15:00,DE-NORTH,North Plant,Body & Welding,4549.43,0.16,40.593,223.196,0.163,0.98
2026-01-15 11:30:00,DE-NORTH,North Plant,Body & Welding,4470.938,0.16,41.108,208.801,-0.2,0.98
2026-01-15 11:45:00,DE-NORTH,North Plant,Body & Welding,4212.954,0.16,36.303,194.4,0.435,0.98
2026-01-15 12:00:00,DE-NORTH,North Plant,Body & Welding,4700.991,0.16,40.389,201.858,1.504,0.98
2026-01-15 12:15:00,DE-NORTH,North Plant,Body & Welding,4406.056,0.16,38.636,205.224,1.212,0.98
2026-01-15 12:30:00,DE-NORTH,North Plant,Body & Welding,4649.537,0.16,32.139,215.884,2.35,0.98
2026-01-15 12:45:00,DE-NORTH,North Plant,Body & Welding,4545.22,0.16,43.013,193.594,1.127,0.98
2026-01-15 13:00:00,DE-NORTH,North Plant,Body & Welding,4689.977,0.16,35.619,203.515,1.217,0.98
2026-01-15 13:15:00,DE-NORTH,North Plant,Body & Welding,4514.27,0.16,31.602,221.5,3.985,0.98
2026-01-15 13:30:00,DE-NORTH,North Plant,Body & Welding,4685.894,0.16,34.87,222.582,3.98,0.98
2026-01-15 13:45:00,DE-NORTH,North Plant,Body & Welding,4634.816,0.16,36.031,237.17,2.938,0.98
2026-01-15 14:00:00,DE-NORTH,North Plant,Body & Welding,4589.602,0.16,41.634,223.09,3.998,0.88
2026-01-15 14:15:00,DE-NORTH,North Plant,Body & Welding,4481.554,0.16,41.896,250.71,5.041,0.88
2026-01-15 14:30:00,DE-NORTH,North Plant,Body & Welding,4552.629,0.16,43.472,269.175,4.946,0.88
2026-01-15 14:45:00,DE-NORTH,North Plant,Body & Welding,4239.143,0.16,49.395,272.66,5.079,0.88
2026-01-15 15:00:00,DE-NORTH,North Plant,Body & Welding,4456.08,0.16,50.642,280.322,6.061,0.88
2026-01-15 15:15:00,DE-NORTH,North Plant,Body & Welding,4521.321,0.16,53.179,290.41,5.096,0.88
2026-01-15 15:30:00,DE-NORTH,North Plant,Body & Welding,4491.712,0.16,56.44,295.477,5.935,0.88
2026-01-15 15:45:00,DE-NORTH,North Plant,Body & Welding,4559.881,0.16,60.384,319.513,6.199,0.88
2026-01-15 16:00:00,DE-NORTH,North Plant,Body & Welding,4407.887,0.16,52.808,351.208,6.309,0.88
2026-01-15 16:15:00,DE-NORTH,North Plant,Body & Welding,4433.239,0.16,63.263,351.057,6.505,0.88
2026-01-15 16:30:00,DE-NORTH,North Plant,Body & Welding,4525.666,0.16,59.59,358.692,7.095,0.88
2026-01-15 16:45:00,DE-NORTH,North Plant,Body & Welding,4135.604,0.16,72.092,380.616,7.321,0.88
2026-01-15 17:00:00,DE-NORTH,North Plant,Body & Welding,4413.998,0.16,75.545,406.111,6.802,0.88
2026-01-15 17:15:00,DE-NORTH,North Plant,Body & Welding,4271.066,0.16,83.27,416.162,8.32,0.88
2026-01-15 17:30:00,DE-NORTH,North Plant,Body & Welding,4187.665,0.16,87.197,442.914,7.283,0.88
2026-01-15 17:45:00,DE-NORTH,North Plant,Body & Welding,4276.985,0.16,86.384,459.067,8.005,0.88
2026-01-15 18:00:00,DE-NORTH,North Plant,Body & Welding,4333.887,0.16,86.404,478.197,8.123,0.88
2026-01-15 18:15:00,DE-NORTH,North Plant,Body & Welding,4272.411,0.16,90.94,486.753,8.735,0.88
2026-01-15 18:30:00,DE-NORTH,North Plant,Body & Welding,4130.108,0.16,87.114,482.528,7.136,0.88
2026-01-15 18:45:00,DE-NORTH,North Plant,Body & Welding,4180.333,0.16,89.071,459.01,9.358,0.88
2026-01-15 19:00:00,DE-NORTH,North Plant,Body & Welding,4157.852,0.16,92.505,457.786,8.356,0.88
2026-01-15 19:15:00,DE-NORTH,North Plant,Body & Welding,4014.444,0.16,85.471,464.977,9.758,0.88
2026-01-15 19:30:00,DE-NORTH,North Plant,Body & Welding,3936.363,0.16,89.764,456.712,8.623,0.88
2026-01-15 19:45:00,DE-NORTH,North Plant,Body & Welding,3917.031,0.16,87.839,443.861,8.955,0.88
2026-01-15 20:00:00,DE-NORTH,North Plant,Body & Welding,4039.984,0.16,79.709,446.97,10.34,0.88
2026-01-15 20:15:00,DE-NORTH,North Plant,Body & Welding,3949.723,0.16,85.695,440.893,8.795,0.88
2026-01-15 20:30:00,DE-NORTH,North Plant,Body & Welding,3825.541,0.16,82.803,432.621,9.824,0.88
2026-01-15 20:45:00,DE-NORTH,North Plant,Body & Welding,3763.958,0.16,78.621,430.967,8.931,0.88
2026-01-15 21:00:00,DE-NORTH,North Plant,Body & Welding,4027.95,0.16,73.418,443.124,9.12,0.88
2026-01-15 21:15:00,DE-NORTH,North Plant,Body & Welding,3893.244,0.16,71.378,425.899,8.784,0.88
2026-01-15 21:30:00,DE-NORTH,North Plant,Body & Welding,3992.647,0.16,71.137,448.103,9.213,0.88
2026-01-15 21:45:00,DE-NORTH,North Plant,Body & Welding,4116.482,0.16,74.079,415.905,8.004,0.88
2026-01-15 22:00:00,DE-NORTH,North Plant,Body & Welding,2711.551,0.16,66.868,406.32,7.641,0.38
2026-01-15 22:15:00,DE-NORTH,North Plant,Body & Welding,2860.915,0.16,71.386,406.326,7.71,0.38
2026-01-15 22:30:00,DE-NORTH,North Plant,Body & Welding,2864.25,0.16,63.773,406.351,8.037,0.38
2026-01-15 22:45:00,DE-NORTH,North Plant,Body & Welding,2948.165,0.16,67.178,405.978,7.605,0.38
2026-01-15 23:00:00,DE-NORTH,North Plant,Body & Welding,3057.498,0.16,67.821,423.595,8.033,0.38
2026-01-15 23:15:00,DE-NORTH,North Plant,Body & Welding,2810.496,0.16,76.669,386.834,8.21,0.38
2026-01-15 23:30:00,DE-NORTH,North Plant,Body & Welding,3053.486,0.16,60.987,405.915,6.361,0.38
2026-01-15 23:45:00,DE-NORTH,North Plant,Body & Welding,3128.1,0.16,72.075,396.996,6.264,0.38
2026-01-16 00:00:00,DE-NORTH,North Plant,Body & Welding,3032.658,0.16,66.041,372.939,5.495,0.38
2026-01-16 00:15:00,DE-NORTH,North Plant,Body & Welding,3040.231,0.16,67.078,400.86,7.633,0.38
2026-01-16 00:30:00,DE-NORTH,North Plant,Body & Welding,3136.064,0.16,65.901,406.624,6.127,0.38
2026-01-16 00:45:00,DE-NORTH,North Plant,Body & Welding,3150.705,0.16,67.207,380.907,5.943,0.38
2026-01-16 01:00:00,DE-NORTH,North Plant,Body & Welding,3209.766,0.16,64.821,390.847,4.356,0.38
2026-01-16 01:15:00,DE-NORTH,North Plant,Body & Welding,3216.956,0.16,71.269,369.993,4.975,0.38
2026-01-16 01:30:00,DE-NORTH,North Plant,Body & Welding,3067.184,0.16,63.658,375.316,5.009,0.38
2026-01-16 01:45:00,DE-NORTH,North Plant,Body & Welding,3292.239,0.16,70.06,402.703,4.15,0.38
2026-01-16 02:00:00,DE-NORTH,North Plant,Body & Welding,3310.7,0.16,63.022,384.217,4.753,0.38
2026-01-16 02:15:00,DE-NORTH,North Plant,Body & Welding,3204.754,0.16,65.452,376.179,5.291,0.38
2026-01-16 02:30:00,DE-NORTH,North Plant,Body & Welding,3053.213,0.16,61.528,391.891,2.684,0.38
2026-01-16 02:45:00,DE-NORTH,North Plant,Body & Welding,3197.049,0.16,67.793,382.504,2.309,0.38
2026-01-16 03:00:00,DE-NORTH,North Plant,Body & Welding,3223.457,0.16,71.95,382.743,2.091,0.38
2026-01-16 03:15:00,DE-NORTH,North Plant,Body & Welding,3057.069,0.16,66.099,396.869,3.517,0.38
2026-01-16 03:30:00,DE-NORTH,North Plant,Body & Welding,3131.84,0.16,65.907,373.644,2.816,0.38
2026-01-16 03:45:00,DE-NORTH,North Plant,Body & Welding,3015.516,0.16,62.572,376.294,1.694,0.38
2026-01-16 04:00:00,DE-NORTH,North Plant,Body & Welding,3209.147,0.16,66.5,388.566,1.526,0.38
2026-01-16 04:15:00,DE-NORTH,North Plant,Body & Welding,3149.741,0.16,61.483,397.895,0.651,0.38
2026-01-16 04:30:00,DE-NORTH,North Plant,Body & Welding,2926.834,0.16,64.689,400.651,1.579,0.38
2026-01-16 04:45:00,DE-NORTH,North Plant,Body & Welding,3123.482,0.16,69.778,377.331,0.437,0.38
2026-01-16 05:00:00,DE-NORTH,North Plant,Body & Welding,3057.115,0.16,74.715,396.067,0.282,0.38
2026-01-16 05:15:00,DE-NORTH,North Plant,Body & Welding,3088.262,0.16,81.273,374.904,0.667,0.38
2026-01-16 05:30:00,DE-NORTH,North Plant,Body & Welding,2975.844,0.16,68.304,405.711,-0.098,0.38
2026-01-16 05:45:00,DE-NORTH,North Plant,Body & Welding,2911.228,0.16,77.011,369.665,-0.322,0.38
2026-01-16 06:00:00,DE-NORTH,North Plant,Body & Welding,4308.0,0.16,72.853,398.675,-0.323,0.98
2026-01-16 06:15:00,DE-NORTH,North Plant,Body & Welding,4297.769,0.16,69.957,362.864,0.072,0.98
2026-01-16 06:30:00,DE-NORTH,North Plant,Body & Welding,4324.363,0.16,70.941,382.95,0.533,0.98
2026-01-16 06:45:00,DE-NORTH,North Plant,Body & Welding,4323.203,0.16,68.062,354.026,-0.325,0.98
2026-01-16 07:00:00,DE-NORTH,North Plant,Body & Welding,4268.227,0.16,66.807,323.016,-0.267,0.98
2026-01-16 07:15:00,DE-NORTH,North Plant,Body & Welding,4237.573,0.16,63.224,317.407,-1.044,0.98
2026-01-16 07:30:00,DE-NORTH,North Plant,Body & Welding,4240.344,0.16,57.694,321.748,-1.453,0.98
2026-01-16 07:45:00,DE-NORTH,North Plant,Body & Welding,4527.78,0.16,55.476,313.988,-0.532,0.98
2026-01-16 08:00:00,DE-NORTH,North Plant,Body & Welding,4188.85,0.16,62.565,289.817,-0.88,0.98
2026-01-16 08:15:00,DE-NORTH,North Plant,Body & Welding,4229.404,0.16,57.089,280.881,-1.985,0.98
2026-01-16 08:30:00,DE-NORTH,North Plant,Body & Welding,4638.226,0.16,54.007,279.539,-1.187,0.98
2026-01-16 08:45:00,DE-NORTH,North Plant,Body & Welding,4351.638,0.16,54.585,262.568,-0.962,0.98
2026-01-16 09:00:00,DE-NORTH,North Plant,Body & Welding,4186.687,0.16,55.869,236.504,-1.187,0.98
2026-01-16 09:15:00,DE-NORTH,North Plant,Body & Welding,4431.222,0.16,51.547,233.84,0.303,0.98
2026-01-16 09:30:00,DE-NORTH,North Plant,Body & Welding,4282.713,0.16,46.355,238.55,-0.284,0.98
2026-01-16 09:45:00,DE-NORTH,North Plant,Body & Welding,4498.794,0.16,52.078,243.043,0.477,0.98
2026-01-16 10:00:00,DE-NORTH,North Plant,Body & Welding,4422.443,0.16,51.743,241.204,-0.146,0.98
2026-01-16 10:15:00,DE-NORTH,North Plant,Body & Welding,4434.62,0.16,45.742,225.176,-0.1,0.98
2026-01-16 10:30:00,DE-NORTH,North Plant,Body & Welding,4692.525,0.16,46.099,213.956,-0.622,0.98
2026-01-16 10:45:00,DE-NORTH,North Plant,Body & Welding,4611.985,0.16,45.735,214.884,0.249,0.98
2026-01-16 11:00:00,DE-NORTH,North Plant,Body & Welding,4689.451,0.16,43.991,194.01,0.474,0.98
2026-01-16 11:15:00,DE-NORTH,North Plant,Body & Welding,4675.845,0.16,40.786,197.029,-0.254,0.98
2026-01-16 11:30:00,DE-NORTH,North Plant,Body & Welding,4608.681,0.16,39.751,186.596,0.579,0.98
2026-01-16 11:45:00,DE-NORTH,North Plant,Body & Welding,4746.05,0.16,38.644,179.899,0.996,0.98
2026-01-16 12:00:00,DE-NORTH,North Plant,Body & Welding,4828.14,0.16,31.572,198.084,1.789,0.98
2026-01-16 12:15:00,DE-NORTH,North Plant,Body & Welding,4735.36,0.16,38.357,196.322,2.112,0.98
2026-01-16 12:30:00,DE-NORTH,North Plant,Body & Welding,4933.502,0.16,29.926,203.202,1.68,0.98
2026-01-16 12:45:00,DE-NORTH,North Plant,Body & Welding,4837.169,0.16,32.176,203.222,2.721,0.98
2026-01-16 13:00:00,DE-NORTH,North Plant,Body & Welding,4780.375,0.16,40.79,202.189,2.578,0.98
2026-01-16 13:15:00,DE-NORTH,North Plant,Body & Welding,4803.662,0.16,39.381,209.487,1.016,0.98
2026-01-16 13:30:00,DE-NORTH,North Plant,Body & Welding,4769.874,0.16,42.644,206.781,3.008,0.98
2026-01-16 13:45:00,DE-NORTH,North Plant,Body & Welding,4602.67,0.16,36.523,217.726,4.428,0.98
2026-01-16 14:00:00,DE-NORTH,North Plant,Body & Welding,4471.216,0.16,34.165,210.566,2.823,0.88
2026-01-16 14:15:00,DE-NORTH,North Plant,Body & Welding,4471.675,0.16,39.234,231.289,4.406,0.88
2026-01-16 14:30:00,DE-NORTH,North Plant,Body & Welding,4370.47,0.16,42.291,243.542,5.762,0.88
2026-01-16 14:45:00,DE-NORTH,North Plant,Body & Welding,4438.166,0.16,44.159,237.268,4.443,0.88
2026-01-16 15:00:00,DE-NORTH,North Plant,Body & Welding,4368.368,0.16,50.611,256.827,5.296,0.88
2026-01-16 15:15:00,DE-NORTH,North Plant,Body & Welding,4422.487,0.16,47.133,260.723,4.694,0.88
2026-01-16 15:30:00,DE-NORTH,North Plant,Body & Welding,4354.191,0.16,52.747,274.943,7.052,0.88
2026-01-16 15:45:00,DE-NORTH,North Plant,Body & Welding,4276.468,0.16,50.381,281.794,6.153,0.88
2026-01-16 16:00:00,DE-NORTH,North Plant,Body & Welding,4076.093,0.16,59.34,325.376,6.533,0.88
2026-01-16 16:15:00,DE-NORTH,North Plant,Body & Welding,4360.165,0.16,60.92,338.579,7.726,0.88
2026-01-16 16:30:00,DE-NORTH,North Plant,Body & Welding,4124.469,0.16,61.39,348.366,7.507,0.88
2026-01-16 16:45:00,DE-NORTH,North Plant,Body & Welding,4105.472,0.16,66.979,382.012,6.684,0.88
2026-01-16 17:00:00,DE-NORTH,North Plant,Body & Welding,4042.395,0.16,70.703,372.561,7.082,0.88
2026-01-16 17:15:00,DE-NORTH,North Plant,Body & Welding,3987.884,0.16,73.789,427.498,8.106,0.88
2026-01-16 17:30:00,DE-NORTH,North Plant,Body & Welding,4181.34,0.16,85.225,404.212,7.53,0.88
2026-01-16 17:45:00,DE-NORTH,North Plant,Body & Welding,4151.356,0.16,80.788,425.12,6.675,0.88
2026-01-16 18:00:00,DE-NORTH,North Plant,Body & Welding,4018.588,0.16,82.96,431.471,8.293,0.88
2026-01-16 18:15:00,DE-NORTH,North Plant,Body & Welding,3955.947,0.16,76.067,442.341,7.448,0.88
2026-01-16 18:30:00,DE-NORTH,North Plant,Body & Welding,4000.925,0.16,81.039,448.332,9.751,0.88
2026-01-16 18:45:00,DE-NORTH,North Plant,Body & Welding,3949.317,0.16,83.352,436.144,8.858,0.88
2026-01-16 19:00:00,DE-NORTH,North Plant,Body & Welding,3930.029,0.16,81.087,456.842,8.196,0.88
2026-01-16 19:15:00,DE-NORTH,North Plant,Body & Welding,3990.172,0.16,88.448,435.29,8.415,0.88
2026-01-16 19:30:00,DE-NORTH,North Plant,Body & Welding,3927.916,0.16,81.055,431.587,7.635,0.88
2026-01-16 19:45:00,DE-NORTH,North Plant,Body & Welding,4011.306,0.16,85.417,412.55,8.22,0.88
2026-01-16 20:00:00,DE-NORTH,North Plant,Body & Welding,4012.109,0.16,78.875,422.992,9.711,0.88
2026-01-16 20:15:00,DE-NORTH,North Plant,Body & Welding,4070.247,0.16,77.02,410.482,10.552,0.88
2026-01-16 20:30:00,DE-NORTH,North Plant,Body & Welding,3980.869,0.16,74.703,398.731,9.466,0.88
2026-01-16 20:45:00,DE-NORTH,North Plant,Body & Welding,4157.62,0.16,73.262,390.67,8.839,0.88
2026-01-16 21:00:00,DE-NORTH,North Plant,Body & Welding,4024.137,0.16,78.365,426.202,8.527,0.88
2026-01-16 21:15:00,DE-NORTH,North Plant,Body & Welding,4098.453,0.16,60.554,385.472,8.065,0.88
2026-01-16 21:30:00,DE-NORTH,North Plant,Body & Welding,4118.549,0.16,60.3,366.093,10.061,0.88
2026-01-16 21:45:00,DE-NORTH,North Plant,Body & Welding,4114.188,0.16,64.762,370.666,8.352,0.88
2026-01-16 22:00:00,DE-NORTH,North Plant,Body & Welding,3116.569,0.16,65.788,374.46,9.811,0.38
2026-01-16 22:15:00,DE-NORTH,North Plant,Body & Welding,2938.731,0.16,67.455,378.249,9.133,0.38
2026-01-16 22:30:00,DE-NORTH,North Plant,Body & Welding,3013.287,0.16,65.716,375.517,6.748,0.38
2026-01-16 22:45:00,DE-NORTH,North Plant,Body & Welding,3233.504,0.16,61.572,374.676,7.293,0.38
2026-01-16 23:00:00,DE-NORTH,North Plant,Body & Welding,3062.194,0.16,66.61,356.995,7.067,0.38
2026-01-16 23:15:00,DE-NORTH,North Plant,Body & Welding,3116.104,0.16,66.203,367.418,7.241,0.38
2026-01-16 23:30:00,DE-NORTH,North Plant,Body & Welding,3044.492,0.16,62.474,351.785,7.002,0.38
2026-01-16 23:45:00,DE-NORTH,North Plant,Body & Welding,3228.74,0.16,65.333,354.135,8.875,0.38
2026-01-17 00:00:00,DE-NORTH,North Plant,Body & Welding,3009.288,0.16,61.887,348.262,5.746,0.28
2026-01-17 00:15:00,DE-NORTH,North Plant,Body & Welding,2993.807,0.16,58.607,345.288,6.372,0.28
2026-01-17 00:30:00,DE-NORTH,North Plant,Body & Welding,2971.722,0.16,63.709,372.612,6.345,0.28
2026-01-17 00:45:00,DE-NORTH,North Plant,Body & Welding,2925.921,0.16,61.436,368.415,5.606,0.28
2026-01-17 01:00:00,DE-NORTH,North Plant,Body & Welding,2857.825,0.16,61.087,372.2,5.371,0.28
2026-01-17 01:15:00,DE-NORTH,North Plant,Body & Welding,2827.9,0.16,67.078,361.297,4.244,0.28
2026-01-17 01:30:00,DE-NORTH,North Plant,Body & Welding,3030.589,0.16,51.504,370.509,4.727,0.28
2026-01-17 01:45:00,DE-NORTH,North Plant,Body & Welding,2959.85,0.16,55.781,340.43,4.685,0.28
2026-01-17 02:00:00,DE-NORTH,North Plant,Body & Welding,2793.073,0.16,56.872,372.318,4.229,0.28
2026-01-17 02:15:00,DE-NORTH,North Plant,Body & Welding,2851.557,0.16,60.366,364.496,4.072,0.28
2026-01-17 02:30:00,DE-NORTH,North Plant,Body & Welding,2791.728,0.16,61.034,370.321,4.336,0.28
2026-01-17 02:45:00,DE-NORTH,North Plant,Body & Welding,2688.853,0.16,56.295,367.796,3.68,0.28
2026-01-17 03:00:00,DE-NORTH,North Plant,Body & Welding,2812.202,0.16,58.699,351.844,2.756,0.28
2026-01-17 03:15:00,DE-NORTH,North Plant,Body & Welding,2738.679,0.16,59.559,346.18,1.573,0.28
2026-01-17 03:30:00,DE-NORTH,North Plant,Body & Welding,2658.684,0.16,73.246,356.092,1.667,0.28
2026-01-17 03:45:00,DE-NORTH,North Plant,Body & Welding,2581.913,0.16,71.09,371.908,1.635,0.28
2026-01-17 04:00:00,DE-NORTH,North Plant,Body & Welding,2552.122,0.16,62.758,373.914,1.677,0.28
2026-01-17 04:15:00,DE-NORTH,North Plant,Body & Welding,2666.465,0.16,63.526,349.732,0.887,0.28
2026-01-17 04:30:00,DE-NORTH,North Plant,Body & Welding,2685.755,0.16,61.012,354.9,0.301,0.28
2026-01-17 04:45:00,DE-NORTH,North Plant,Body & Welding,2592.896,0.16,58.652,358.53,-0.128,0.28
2026-01-17 05:00:00,DE-NORTH,North Plant,Body & Welding,2747.316,0.16,66.533,363.466,-0.691,0.28
2026-01-17 05:15:00,DE-NORTH,North Plant,Body & Welding,2655.962,0.16,63.758,351.963,0.076,0.28
2026-01-17 05:30:00,DE-NORTH,North Plant,Body & Welding,2728.815,0.16,68.179,351.804,-0.996,0.28
2026-01-17 05:45:00,DE-NORTH,North Plant,Body & Welding,2645.593,0.16,62.893,359.576,-0.858,0.28
2026-01-17 06:00:00,DE-NORTH,North Plant,Body & Welding,2993.241,0.16,67.013,371.048,-0.606,0.46
2026-01-17 06:15:00,DE-NORTH,North Plant,Body & Welding,3101.244,0.16,69.501,344.982,-1.42,0.46
2026-01-17 06:30:00,DE-NORTH,North Plant,Body & Welding,2954.957,0.16,69.182,346.949,-0.354,0.46
2026-01-17 06:45:00,DE-NORTH,North Plant,Body & Welding,3155.258,0.16,68.156,350.334,-0.216,0.46
2026-01-17 07:00:00,DE-NORTH,North Plant,Body & Welding,3025.906,0.16,59.922,311.452,-1.214,0.46
2026-01-17 07:15:00,DE-NORTH,North Plant,Body & Welding,3239.332,0.16,67.282,314.235,-1.21,0.46
2026-01-17 07:30:00,DE-NORTH,North Plant,Body & Welding,3122.307,0.16,59.26,318.893,-0.581,0.46
2026-01-17 07:45:00,DE-NORTH,North Plant,Body & Welding,3301.837,0.16,63.527,291.748,-1.489,0.46
2026-01-17 08:00:00,DE-NORTH,North Plant,Body & Welding,3097.983,0.16,59.425,280.386,-1.548,0.46
2026-01-17 08:15:00,DE-NORTH,North Plant,Body & Welding,3156.875,0.16,52.377,292.111,-0.152,0.46
2026-01-17 08:30:00,DE-NORTH,North Plant,Body & Welding,3296.661,0.16,54.985,265.769,-0.338,0.46
2026-01-17 08:45:00,DE-NORTH,North Plant,Body & Welding,3407.833,0.16,56.042,274.448,-0.483,0.46
2026-01-17 09:00:00,DE-NORTH,North Plant,Body & Welding,3483.256,0.16,55.343,258.583,-0.182,0.46
2026-01-17 09:15:00,DE-NORTH,North Plant,Body & Welding,3357.303,0.16,50.635,242.092,-2.119,0.46
2026-01-17 09:30:00,DE-NORTH,North Plant,Body & Welding,3545.247,0.16,55.651,245.293,0.328,0.46
2026-01-17 09:45:00,DE-NORTH,North Plant,Body & Welding,3349.029,0.16,51.917,237.304,-0.21,0.46
2026-01-17 10:00:00,DE-NORTH,North Plant,Body & Welding,3508.257,0.16,45.284,240.251,0.377,0.46
2026-01-17 10:15:00,DE-NORTH,North Plant,Body & Welding,3313.057,0.16,47.816,216.608,0.114,0.46
2026-01-17 10:30:00,DE-NORTH,North Plant,Body & Welding,3469.842,0.16,51.159,219.541,0.067,0.46
2026-01-17 10:45:00,DE-NORTH,North Plant,Body & Welding,3189.849,0.16,49.995,214.859,0.048,0.46
2026-01-17 11:00:00,DE-NORTH,North Plant,Body & Welding,3317.378,0.16,36.109,221.309,0.721,0.46
2026-01-17 11:15:00,DE-NORTH,North Plant,Body & Welding,3488.878,0.16,36.336,198.55,0.485,0.46
2026-01-17 11:30:00,DE-NORTH,North Plant,Body & Welding,3289.817,0.16,45.17,221.796,1.564,0.46
2026-01-17 11:45:00,DE-NORTH,North Plant,Body & Welding,3481.703,0.16,34.362,214.693,0.112,0.46
2026-01-17 12:00:00,DE-NORTH,North Plant,Body & Welding,3512.992,0.16,32.857,193.58,1.121,0.46
2026-01-17 12:15:00,DE-NORTH,North Plant,Body & Welding,3331.705,0.16,35.948,224.969,3.22,0.46
2026-01-17 12:30:00,DE-NORTH,North Plant,Body & Welding,3282.579,0.16,39.519,239.185,1.648,0.46
2026-01-17 12:45:00,DE-NORTH,North Plant,Body & Welding,3310.077,0.16,37.581,227.147,2.226,0.46
2026-01-17 13:00:00,DE-NORTH,North Plant,Body & Welding,3238.596,0.16,35.754,235.867,2.088,0.46
2026-01-17 13:15:00,DE-NORTH,North Plant,Body & Welding,3294.301,0.16,36.244,224.284,3.26,0.46
2026-01-17 13:30:00,DE-NORTH,North Plant,Body & Welding,3294.913,0.16,36.905,208.769,2.832,0.46
2026-01-17 13:45:00,DE-NORTH,North Plant,Body & Welding,3218.8,0.16,37.285,212.992,3.543,0.46
2026-01-17 14:00:00,DE-NORTH,North Plant,Body & Welding,3194.399,0.16,51.223,245.6,4.594,0.38
2026-01-17 14:15:00,DE-NORTH,North Plant,Body & Welding,2925.463,0.16,44.834,243.891,3.838,0.38
2026-01-17 14:30:00,DE-NORTH,North Plant,Body & Welding,3108.733,0.16,49.001,249.541,5.205,0.38
2026-01-17 14:45:00,DE-NORTH,North Plant,Body & Welding,2826.096,0.16,45.575,270.37,5.551,0.38
2026-01-17 15:00:00,DE-NORTH,North Plant,Body & Welding,2915.951,0.16,49.134,290.204,6.033,0.38
2026-01-17 15:15:00,DE-NORTH,North Plant,Body & Welding,3015.4,0.16,49.635,278.146,5.706,0.38
2026-01-17 15:30:00,DE-NORTH,North Plant,Body & Welding,2967.105,0.16,44.746,303.977,8.182,0.38
2026-01-17 15:45:00,DE-NORTH,North Plant,Body & Welding,2801.098,0.16,52.937,342.209,6.95,0.38
2026-01-17 16:00:00,DE-NORTH,North Plant,Body & Welding,2893.309,0.16,54.505,326.742,6.727,0.38
2026-01-17 16:15:00,DE-NORTH,North Plant,Body & Welding,2875.704,0.16,56.206,366.313,6.165,0.38
2026-01-17 16:30:00,DE-NORTH,North Plant,Body & Welding,2760.936,0.16,63.99,366.775,6.976,0.38
2026-01-17 16:45:00,DE-NORTH,North Plant,Body & Welding,2866.924,0.16,77.683,396.124,8.295,0.38
2026-01-17 17:00:00,DE-NORTH,North Plant,Body & Welding,2994.847,0.16,75.797,419.745,8.732,0.38
2026-01-17 17:15:00,DE-NORTH,North Plant,Body & Welding,2853.17,0.16,84.635,432.237,8.794,0.38
2026-01-17 17:30:00,DE-NORTH,North Plant,Body & Welding,2874.325,0.16,84.45,450.517,8.516,0.38
2026-01-17 17:45:00,DE-NORTH,North Plant,Body & Welding,2909.547,0.16,89.036,441.306,7.278,0.38
2026-01-17 18:00:00,DE-NORTH,North Plant,Body & Welding,2686.429,0.16,85.108,483.038,8.671,0.38
2026-01-17 18:15:00,DE-NORTH,North Plant,Body & Welding,2916.254,0.16,91.374,461.392,7.615,0.38
2026-01-17 18:30:00,DE-NORTH,North Plant,Body & Welding,2781.479,0.16,92.393,475.454,7.578,0.38
2026-01-17 18:45:00,DE-NORTH,North Plant,Body & Welding,2834.988,0.16,86.994,474.887,8.902,0.38
2026-01-17 19:00:00,DE-NORTH,North Plant,Body & Welding,3144.462,0.16,90.995,475.821,9.196,0.38
2026-01-17 19:15:00,DE-NORTH,North Plant,Body & Welding,2911.995,0.16,90.134,471.103,9.536,0.38
2026-01-17 19:30:00,DE-NORTH,North Plant,Body & Welding,2888.279,0.16,84.482,452.974,9.305,0.38
2026-01-17 19:45:00,DE-NORTH,North Plant,Body & Welding,3111.61,0.16,80.749,442.096,9.361,0.38
2026-01-17 20:00:00,DE-NORTH,North Plant,Body & Welding,2926.283,0.16,78.873,463.311,8.311,0.38
2026-01-17 20:15:00,DE-NORTH,North Plant,Body & Welding,2996.491,0.16,82.199,449.188,8.916,0.38
2026-01-17 20:30:00,DE-NORTH,North Plant,Body & Welding,3207.043,0.16,81.34,454.643,7.902,0.38
2026-01-17 20:45:00,DE-NORTH,North Plant,Body & Welding,3104.777,0.16,75.038,434.184,7.502,0.38
2026-01-17 21:00:00,DE-NORTH,North Plant,Body & Welding,2935.925,0.16,76.54,411.883,9.348,0.38
2026-01-17 21:15:00,DE-NORTH,North Plant,Body & Welding,3183.807,0.16,77.034,434.661,8.207,0.38
2026-01-17 21:30:00,DE-NORTH,North Plant,Body & Welding,3087.225,0.16,75.668,413.355,9.23,0.38
2026-01-17 21:45:00,DE-NORTH,North Plant,Body & Welding,3299.381,0.16,77.996,417.12,9.26,0.38
2026-01-17 22:00:00,DE-NORTH,North Plant,Body & Welding,2835.355,0.16,75.649,400.988,7.897,0.28
2026-01-17 22:15:00,DE-NORTH,North Plant,Body & Welding,3004.621,0.16,65.453,424.767,8.571,0.28
2026-01-17 22:30:00,DE-NORTH,North Plant,Body & Welding,3090.037,0.16,75.269,391.315,7.504,0.28
2026-01-17 22:45:00,DE-NORTH,North Plant,Body & Welding,2820.017,0.16,65.636,395.071,6.467,0.28
2026-01-17 23:00:00,DE-NORTH,North Plant,Body & Welding,2869.763,0.16,71.301,398.136,7.622,0.28
2026-01-17 23:15:00,DE-NORTH,North Plant,Body & Welding,2926.616,0.16,66.872,381.852,6.967,0.28
2026-01-17 23:30:00,DE-NORTH,North Plant,Body & Welding,2784.516,0.16,64.532,397.364,6.736,0.28
2026-01-17 23:45:00,DE-NORTH,North Plant,Body & Welding,2872.56,0.16,58.614,411.451,8.161,0.28
2026-01-18 00:00:00,DE-NORTH,North Plant,Body & Welding,2829.546,0.16,64.387,383.327,5.432,0.28
2026-01-18 00:15:00,DE-NORTH,North Plant,Body & Welding,2796.83,0.16,58.801,393.594,6.479,0.28
2026-01-18 00:30:00,DE-NORTH,North Plant,Body & Welding,2818.788,0.16,68.878,355.482,5.217,0.28
2026-01-18 00:45:00,DE-NORTH,North Plant,Body & Welding,2788.364,0.16,71.051,387.615,6.243,0.28
2026-01-18 01:00:00,DE-NORTH,North Plant,Body & Welding,2782.465,0.16,61.779,383.917,5.503,0.28
2026-01-18 01:15:00,DE-NORTH,North Plant,Body & Welding,2681.933,0.16,66.169,377.428,5.241,0.28
2026-01-18 01:30:00,DE-NORTH,North Plant,Body & Welding,2676.371,0.16,62.067,399.789,3.991,0.28
2026-01-18 01:45:00,DE-NORTH,North Plant,Body & Welding,2702.457,0.16,62.479,382.445,3.791,0.28
2026-01-18 02:00:00,DE-NORTH,North Plant,Body & Welding,2681.202,0.16,68.138,383.764,4.649,0.28
2026-01-18 02:15:00,DE-NORTH,North Plant,Body & Welding,2618.506,0.16,64.957,380.889,4.913,0.28
2026-01-18 02:30:00,DE-NORTH,North Plant,Body & Welding,2694.333,0.16,72.173,361.923,3.684,0.28
2026-01-18 02:45:00,DE-NORTH,North Plant,Body & Welding,2468.551,0.16,63.422,370.838,2.396,0.28
2026-01-18 03:00:00,DE-NORTH,North Plant,Body & Welding,2565.593,0.16,69.526,395.441,2.943,0.28
2026-01-18 03:15:00,DE-NORTH,North Plant,Body & Welding,2593.052,0.16,66.139,358.063,4.092,0.28
2026-01-18 03:30:00,DE-NORTH,North Plant,Body & Welding,2546.683,0.16,69.201,373.652,2.158,0.28
2026-01-18 03:45:00,DE-NORTH,North Plant,Body & Welding,2799.156,0.16,64.548,377.508,2.812,0.28
2026-01-18 04:00:00,DE-NORTH,North Plant,Body & Welding,2649.721,0.16,66.509,402.675,0.982,0.28
2026-01-18 04:15:00,DE-NORTH,North Plant,Body & Welding,2668.812,0.16,66.668,390.414,1.193,0.28
2026-01-18 04:30:00,DE-NORTH,North Plant,Body & Welding,2605.335,0.16,64.257,373.937,1.39,0.28
2026-01-18 04:45:00,DE-NORTH,North Plant,Body & Welding,2669.316,0.16,70.767,395.703,0.981,0.28
2026-01-18 05:00:00,DE-NORTH,North Plant,Body & Welding,2567.516,0.16,71.275,370.582,-0.072,0.28
2026-01-18 05:15:00,DE-NORTH,North Plant,Body & Welding,2695.955,0.16,71.634,390.991,-0.326,0.28
2026-01-18 05:30:00,DE-NORTH,North Plant,Body & Welding,2623.213,0.16,76.012,361.985,0.725,0.28
2026-01-18 05:45:00,DE-NORTH,North Plant,Body & Welding,2713.094,0.16,76.271,390.576,0.677,0.28
2026-01-18 06:00:00,DE-NORTH,North Plant,Body & Welding,2925.214,0.16,69.573,372.225,0.728,0.46
2026-01-18 06:15:00,DE-NORTH,North Plant,Body & Welding,3101.239,0.16,71.242,352.711,0.778,0.46
2026-01-18 06:30:00,DE-NORTH,North Plant,Body & Welding,3413.195,0.16,65.897,350.449,-0.525,0.46
2026-01-18 06:45:00,DE-NORTH,North Plant,Body & Welding,3377.763,0.16,67.083,344.481,-0.952,0.46
2026-01-18 07:00:00,DE-NORTH,North Plant,Body & Welding,3444.701,0.16,63.136,323.46,0.116,0.46
2026-01-18 07:15:00,DE-NORTH,North Plant,Body & Welding,3482.402,0.16,70.504,324.483,-0.405,0.46
2026-01-18 07:30:00,DE-NORTH,North Plant,Body & Welding,3443.488,0.16,63.904,299.52,-1.645,0.46
2026-01-18 07:45:00,DE-NORTH,North Plant,Body & Welding,3347.65,0.16,59.94,302.929,-1.713,0.46
2026-01-18 08:00:00,DE-NORTH,North Plant,Body & Welding,3294.94,0.16,63.887,290.094,-0.656,0.46
2026-01-18 08:15:00,DE-NORTH,North Plant,Body & Welding,3545.191,0.16,48.674,273.737,-1.113,0.46
2026-01-18 08:30:00,DE-NORTH,North Plant,Body & Welding,3443.34,0.16,47.497,259.273,-0.976,0.46
2026-01-18 08:45:00,DE-NORTH,North Plant,Body & Welding,3699.893,0.16,56.898,256.95,-0.153,0.46
2026-01-18 09:00:00,DE-NORTH,North Plant,Body & Welding,3407.157,0.16,52.098,252.796,-0.298,0.46
2026-01-18 09:15:00,DE-NORTH,North Plant,Body & Welding,3649.932,0.16,50.998,262.533,0.196,0.46
2026-01-18 09:30:00,DE-NORTH,North Plant,Body & Welding,3446.39,0.16,42.85,241.233,-1.971,0.46
2026-01-18 09:45:00,DE-NORTH,North Plant,Body & Welding,3581.09,0.16,46.262,234.444,-0.307,0.46
2026-01-18 10:00:00,DE-NORTH,North Plant,Body & Welding,3605.231,0.16,52.63,253.198,0.156,0.46
2026-01-18 10:15:00,DE-NORTH,North Plant,Body & Welding,3320.889,0.16,46.257,216.392,-1.226,0.46
2026-01-18 10:30:00,DE-NORTH,North Plant,Body & Welding,3353.517,0.16,42.089,210.767,-0.425,0.46
2026-01-18 10:45:00,DE-NORTH,North Plant,Body & Welding,3276.426,0.16,38.227,208.858,-0.348,0.46
2026-01-18 11:00:00,DE-NORTH,North Plant,Body & Welding,3226.153,0.16,37.119,184.491,0.48,0.46
2026-01-18 11:15:00,DE-NORTH,North Plant,Body & Welding,3388.279,0.16,29.052,188.21,1.843,0.46
2026-01-18 11:30:00,DE-NORTH,North Plant,Body & Welding,3267.238,0.16,37.64,185.17,2.372,0.46
2026-01-18 11:45:00,DE-NORTH,North Plant,Body & Welding,3284.398,0.16,39.212,197.508,0.652,0.46
2026-01-18 12:00:00,DE-NORTH,North Plant,Body & Welding,3298.37,0.16,28.938,186.945,1.869,0.46
2026-01-18 12:15:00,DE-NORTH,North Plant,Body & Welding,3015.015,0.16,32.202,190.816,2.18,0.46
2026-01-18 12:30:00,DE-NORTH,North Plant,Body & Welding,3317.059,0.16,30.03,203.174,2.358,0.46
2026-01-18 12:45:00,DE-NORTH,North Plant,Body & Welding,3116.883,0.16,30.82,202.319,2.672,0.46
2026-01-18 13:00:00,DE-NORTH,North Plant,Body & Welding,3183.26,0.16,35.135,192.753,2.919,0.46
2026-01-18 13:15:00,DE-NORTH,North Plant,Body & Welding,3157.982,0.16,27.046,190.313,4.206,0.46
2026-01-18 13:30:00,DE-NORTH,North Plant,Body & Welding,3218.41,0.16,38.535,216.597,4.119,0.46
2026-01-18 13:45:00,DE-NORTH,North Plant,Body & Welding,3059.021,0.16,40.028,217.879,2.931,0.46
2026-01-18 14:00:00,DE-NORTH,North Plant,Body & Welding,2633.367,0.16,37.193,195.97,4.557,0.38
2026-01-18 14:15:00,DE-NORTH,North Plant,Body & Welding,2849.347,0.16,29.718,219.21,4.952,0.38
2026-01-18 14:30:00,DE-NORTH,North Plant,Body & Welding,2859.593,0.16,37.365,233.777,4.873,0.38
2026-01-18 14:45:00,DE-NORTH,North Plant,Body & Welding,2718.917,0.16,48.264,251.079,5.767,0.38
2026-01-18 15:00:00,DE-NORTH,North Plant,Body & Welding,2847.953,0.16,34.477,263.718,5.426,0.38
2026-01-18 15:15:00,DE-NORTH,North Plant,Body & Welding,2796.44,0.16,46.725,268.372,5.748,0.38
2026-01-18 15:30:00,DE-NORTH,North Plant,Body & Welding,2699.41,0.16,46.18,285.215,5.998,0.38
2026-01-18 15:45:00,DE-NORTH,North Plant,Body & Welding,2934.747,0.16,57.14,293.168,4.799,0.38
2026-01-18 16:00:00,DE-NORTH,North Plant,Body & Welding,2803.49,0.16,54.451,299.384,6.444,0.38
2026-01-18 16:15:00,DE-NORTH,North Plant,Body & Welding,2838.98,0.16,62.161,320.12,6.31,0.38
2026-01-18 16:30:00,DE-NORTH,North Plant,Body & Welding,2854.062,0.16,66.315,339.794,6.213,0.38
2026-01-18 16:45:00,DE-NORTH,North Plant,Body & Welding,3033.474,0.16,74.958,355.765,8.301,0.38
2026-01-18 17:00:00,DE-NORTH,North Plant,Body & Welding,2927.089,0.16,70.346,350.231,7.888,0.38
2026-01-18 17:15:00,DE-NORTH,North Plant,Body & Welding,2965.755,0.16,76.119,384.565,7.738,0.38
2026-01-18 17:30:00,DE-NORTH,North Plant,Body & Welding,2937.962,0.16,71.973,406.028,7.571,0.38
2026-01-18 17:45:00,DE-NORTH,North Plant,Body & Welding,3050.042,0.16,85.744,417.289,8.365,0.38
2026-01-18 18:00:00,DE-NORTH,North Plant,Body & Welding,3161.193,0.16,80.723,432.088,9.024,0.38
2026-01-18 18:15:00,DE-NORTH,North Plant,Body & Welding,3122.415,0.16,82.071,442.733,7.905,0.38
2026-01-18 18:30:00,DE-NORTH,North Plant,Body & Welding,3141.632,0.16,84.413,424.562,8.616,0.38
2026-01-18 18:45:00,DE-NORTH,North Plant,Body & Welding,3146.214,0.16,78.068,417.381,9.342,0.38
2026-01-18 19:00:00,DE-NORTH,North Plant,Body & Welding,2974.297,0.16,84.69,430.952,7.474,0.38
2026-01-18 19:15:00,DE-NORTH,North Plant,Body & Welding,3028.626,0.16,86.764,441.4,8.864,0.38
2026-01-18 19:30:00,DE-NORTH,North Plant,Body & Welding,3113.445,0.16,82.888,448.606,8.657,0.38
2026-01-18 19:45:00,DE-NORTH,North Plant,Body & Welding,3065.388,0.16,73.939,433.06,8.896,0.38
2026-01-18 20:00:00,DE-NORTH,North Plant,Body & Welding,3037.879,0.16,78.193,400.77,8.649,0.38
2026-01-18 20:15:00,DE-NORTH,North Plant,Body & Welding,2950.739,0.16,79.928,409.922,9.086,0.38
2026-01-18 20:30:00,DE-NORTH,North Plant,Body & Welding,2992.184,0.16,67.663,409.931,10.304,0.38
2026-01-18 20:45:00,DE-NORTH,North Plant,Body & Welding,3117.77,0.16,69.093,403.141,8.677,0.38
2026-01-18 21:00:00,DE-NORTH,North Plant,Body & Welding,3125.259,0.16,75.171,401.833,9.034,0.38
2026-01-18 21:15:00,DE-NORTH,North Plant,Body & Welding,3026.433,0.16,71.115,379.047,10.131,0.38
2026-01-18 21:30:00,DE-NORTH,North Plant,Body & Welding,3122.04,0.16,70.185,385.97,8.234,0.38
2026-01-18 21:45:00,DE-NORTH,North Plant,Body & Welding,3035.343,0.16,74.631,385.897,9.755,0.38
2026-01-18 22:00:00,DE-NORTH,North Plant,Body & Welding,2937.97,0.16,67.89,386.987,8.334,0.28
2026-01-18 22:15:00,DE-NORTH,North Plant,Body & Welding,2775.598,0.16,67.639,364.209,9.405,0.28
2026-01-18 22:30:00,DE-NORTH,North Plant,Body & Welding,2853.233,0.16,75.007,367.093,8.492,0.28
2026-01-18 22:45:00,DE-NORTH,North Plant,Body & Welding,2784.098,0.16,62.619,336.671,7.974,0.28
2026-01-18 23:00:00,DE-NORTH,North Plant,Body & Welding,2597.356,0.16,59.733,360.016,7.49,0.28
2026-01-18 23:15:00,DE-NORTH,North Plant,Body & Welding,2718.29,0.16,64.21,359.958,6.86,0.28
2026-01-18 23:30:00,DE-NORTH,North Plant,Body & Welding,2573.079,0.16,63.936,353.155,7.097,0.28
2026-01-18 23:45:00,DE-NORTH,North Plant,Body & Welding,2666.658,0.16,59.842,366.821,7.406,0.28
2026-01-19 00:00:00,DE-NORTH,North Plant,Body & Welding,2824.353,0.16,57.156,362.033,6.491,0.38
2026-01-19 00:15:00,DE-NORTH,North Plant,Body & Welding,2927.415,0.16,70.605,336.03,5.99,0.38
2026-01-19 00:30:00,DE-NORTH,North Plant,Body & Welding,2730.92,0.16,62.761,366.178,5.738,0.38
2026-01-19 00:45:00,DE-NORTH,North Plant,Body & Welding,2852.508,0.16,58.622,352.916,6.302,0.38
2026-01-19 01:00:00,DE-NORTH,North Plant,Body & Welding,2900.316,0.16,65.325,370.361,6.152,0.38
2026-01-19 01:15:00,DE-NORTH,North Plant,Body & Welding,2942.948,0.16,61.349,349.641,4.508,0.38
2026-01-19 01:30:00,DE-NORTH,North Plant,Body & Welding,2765.099,0.16,60.916,365.885,4.185,0.38
2026-01-19 01:45:00,DE-NORTH,North Plant,Body & Welding,2841.123,0.16,64.339,362.639,4.593,0.38
2026-01-19 02:00:00,DE-NORTH,North Plant,Body & Welding,2855.426,0.16,57.11,370.198,5.069,0.38
2026-01-19 02:15:00,DE-NORTH,North Plant,Body & Welding,3009.641,0.16,63.905,368.591,4.475,0.38
2026-01-19 02:30:00,DE-NORTH,North Plant,Body & Welding,2720.314,0.16,70.396,364.575,2.471,0.38
2026-01-19 02:45:00,DE-NORTH,North Plant,Body & Welding,2788.403,0.16,64.897,349.754,2.84,0.38
2026-01-19 03:00:00,DE-NORTH,North Plant,Body & Welding,3201.332,0.16,61.858,351.022,2.054,0.38
2026-01-19 03:15:00,DE-NORTH,North Plant,Body & Welding,2894.355,0.16,61.711,362.31,2.206,0.38
2026-01-19 03:30:00,DE-NORTH,North Plant,Body & Welding,2734.488,0.16,62.525,369.791,3.21,0.38
2026-01-19 03:45:00,DE-NORTH,North Plant,Body & Welding,2918.064,0.16,63.63,363.171,0.793,0.38
2026-01-19 04:00:00,DE-NORTH,North Plant,Body & Welding,2716.297,0.16,63.668,378.558,0.367,0.38
2026-01-19 04:15:00,DE-NORTH,North Plant,Body & Welding,3054.149,0.16,69.431,368.295,0.642,0.38
2026-01-19 04:30:00,DE-NORTH,North Plant,Body & Welding,3133.843,0.16,59.471,360.66,1.157,0.38
2026-01-19 04:45:00,DE-NORTH,North Plant,Body & Welding,2978.427,0.16,70.536,369.5,1.138,0.38
2026-01-19 05:00:00,DE-NORTH,North Plant,Body & Welding,3053.052,0.16,66.294,376.148,0.771,0.38
2026-01-19 05:15:00,DE-NORTH,North Plant,Body & Welding,3220.198,0.16,70.076,377.938,1.064,0.38
2026-01-19 05:30:00,DE-NORTH,North Plant,Body & Welding,2984.286,0.16,64.835,397.183,-1.201,0.38
2026-01-19 05:45:00,DE-NORTH,North Plant,Body & Welding,3030.813,0.16,75.438,367.219,0.674,0.38
2026-01-19 06:00:00,DE-NORTH,North Plant,Body & Welding,4703.27,0.16,75.877,374.967,-0.549,0.98
2026-01-19 06:15:00,DE-NORTH,North Plant,Body & Welding,4665.272,0.16,73.581,370.119,0.028,0.98
2026-01-19 06:30:00,DE-NORTH,North Plant,Body & Welding,4747.446,0.16,62.497,353.928,-1.546,0.98
2026-01-19 06:45:00,DE-NORTH,North Plant,Body & Welding,4650.881,0.16,70.642,337.501,-0.731,0.98
2026-01-19 07:00:00,DE-NORTH,North Plant,Body & Welding,4813.674,0.16,67.663,314.36,-0.664,0.98
2026-01-19 07:15:00,DE-NORTH,North Plant,Body & Welding,4772.75,0.16,58.281,316.453,-0.095,0.98
2026-01-19 07:30:00,DE-NORTH,North Plant,Body & Welding,4863.365,0.16,63.2,299.567,-2.067,0.98
2026-01-19 07:45:00,DE-NORTH,North Plant,Body & Welding,4807.978,0.16,63.287,281.883,-0.968,0.98
2026-01-19 08:00:00,DE-NORTH,North Plant,Body & Welding,4803.61,0.16,62.521,283.53,-1.76,0.98
2026-01-19 08:15:00,DE-NORTH,North Plant,Body & Welding,4600.946,0.16,59.416,271.357,-0.635,0.98
2026-01-19 08:30:00,DE-NORTH,North Plant,Body & Welding,4779.903,0.16,58.233,282.18,-0.413,0.98
2026-01-19 08:45:00,DE-NORTH,North Plant,Body & Welding,4662.842,0.16,61.287,274.089,-0.003,0.98
2026-01-19 09:00:00,DE-NORTH,North Plant,Body & Welding,4662.057,0.16,58.599,248.216,-1.204,0.98
2026-01-19 09:15:00,DE-NORTH,North Plant,Body & Welding,4745.449,0.16,40.525,248.648,-0.086,0.98
2026-01-19 09:30:00,DE-NORTH,North Plant,Body & Welding,4520.402,0.16,49.039,222.734,0.333,0.98
2026-01-19 09:45:00,DE-NORTH,North Plant,Body & Welding,4720.697,0.16,48.003,232.947,-1.635,0.98
2026-01-19 10:00:00,DE-NORTH,North Plant,Body & Welding,4675.564,0.16,40.065,238.128,0.099,0.98
2026-01-19 10:15:00,DE-NORTH,North Plant,Body & Welding,4561.155,0.16,45.943,238.339,0.514,0.98
2026-01-19 10:30:00,DE-NORTH,North Plant,Body & Welding,4348.867,0.16,49.156,215.648,-0.148,0.98
2026-01-19 10:45:00,DE-NORTH,North Plant,Body & Welding,4191.45,0.16,38.529,233.277,-0.607,0.98
2026-01-19 11:00:00,DE-NORTH,North Plant,Body & Welding,4483.773,0.16,43.073,199.622,1.125,0.98
2026-01-19 11:15:00,DE-NORTH,North Plant,Body & Welding,4364.481,0.16,37.07,200.719,-0.136,0.98
2026-01-19 11:30:00,DE-NORTH,North Plant,Body & Welding,4238.045,0.16,37.217,222.829,0.831,0.98
2026-01-19 11:45:00,DE-NORTH,North Plant,Body & Welding,4413.117,0.16,45.162,233.747,1.194,0.98
2026-01-19 12:00:00,DE-NORTH,North Plant,Body & Welding,4173.103,0.16,36.615,219.773,2.001,0.98
2026-01-19 12:15:00,DE-NORTH,North Plant,Body & Welding,4212.165,0.16,40.361,214.319,1.35,0.98
2026-01-19 12:30:00,DE-NORTH,North Plant,Body & Welding,4301.022,0.16,30.953,190.228,1.607,0.98
2026-01-19 12:45:00,DE-NORTH,North Plant,Body & Welding,4117.538,0.16,46.019,194.906,2.462,0.98
2026-01-19 13:00:00,DE-NORTH,North Plant,Body & Welding,4215.975,0.16,41.324,224.196,3.41,0.98
2026-01-19 13:15:00,DE-NORTH,North Plant,Body & Welding,4337.496,0.16,38.747,222.709,4.626,0.98
2026-01-19 13:30:00,DE-NORTH,North Plant,Body & Welding,4281.631,0.16,42.569,219.025,2.292,0.98
2026-01-19 13:45:00,DE-NORTH,North Plant,Body & Welding,4392.328,0.16,35.653,239.333,3.894,0.98
2026-01-19 14:00:00,DE-NORTH,North Plant,Body & Welding,4176.857,0.16,47.292,247.179,3.239,0.88
2026-01-19 14:15:00,DE-NORTH,North Plant,Body & Welding,4065.695,0.16,42.789,265.415,5.04,0.88
2026-01-19 14:30:00,DE-NORTH,North Plant,Body & Welding,3858.38,0.16,45.054,265.069,3.996,0.88
2026-01-19 14:45:00,DE-NORTH,North Plant,Body & Welding,4013.738,0.16,45.956,288.599,4.503,0.88
2026-01-19 15:00:00,DE-NORTH,North Plant,Body & Welding,4239.526,0.16,47.92,285.468,4.882,0.88
2026-01-19 15:15:00,DE-NORTH,North Plant,Body & Welding,4024.65,0.16,55.606,296.566,5.554,0.88
2026-01-19 15:30:00,DE-NORTH,North Plant,Body & Welding,4182.786,0.16,56.689,324.319,6.14,0.88
2026-01-19 15:45:00,DE-NORTH,North Plant,Body & Welding,4284.07,0.16,61.341,314.344,6.55,0.88
2026-01-19 16:00:00,DE-NORTH,North Plant,Body & Welding,4438.221,0.16,61.97,375.222,6.496,0.88
2026-01-19 16:15:00,DE-NORTH,North Plant,Body & Welding,4263.465,0.16,67.488,361.987,5.847,0.88
2026-01-19 16:30:00,DE-NORTH,North Plant,Body & Welding,4270.557,0.16,67.297,378.575,7.553,0.88
2026-01-19 16:45:00,DE-NORTH,North Plant,Body & Welding,4364.167,0.16,81.476,397.091,7.26,0.88
2026-01-19 17:00:00,DE-NORTH,North Plant,Body & Welding,4420.931,0.16,69.848,430.119,8.349,0.88
2026-01-19 17:15:00,DE-NORTH,North Plant,Body & Welding,4400.213,0.16,84.633,433.668,7.264,0.88
2026-01-19 17:30:00,DE-NORTH,North Plant,Body & Welding,4547.977,0.16,88.366,420.961,6.845,0.88
2026-01-19 17:45:00,DE-NORTH,North Plant,Body & Welding,4353.603,0.16,82.556,472.38,8.134,0.88
2026-01-19 18:00:00,DE-NORTH,North Plant,Body & Welding,4446.813,0.16,97.659,465.794,9.237,0.88
2026-01-19 18:15:00,DE-NORTH,North Plant,Body & Welding,4490.036,0.16,93.261,472.919,8.597,0.88
2026-01-19 18:30:00,DE-NORTH,North Plant,Body & Welding,4400.043,0.16,93.335,456.794,8.48,0.88
2026-01-19 18:45:00,DE-NORTH,North Plant,Body & Welding,4526.349,0.16,89.356,477.705,8.125,0.88
2026-01-19 19:00:00,DE-NORTH,North Plant,Body & Welding,4422.158,0.16,87.802,461.584,10.06,0.88
2026-01-19 19:15:00,DE-NORTH,North Plant,Body & Welding,4491.165,0.16,86.917,467.461,8.183,0.88
2026-01-19 19:30:00,DE-NORTH,North Plant,Body & Welding,4404.818,0.16,88.099,458.69,8.449,0.88
2026-01-19 19:45:00,DE-NORTH,North Plant,Body & Welding,4389.477,0.16,90.674,480.195,9.388,0.88
2026-01-19 20:00:00,DE-NORTH,North Plant,Body & Welding,4271.991,0.16,84.135,475.233,7.701,0.88
2026-01-19 20:15:00,DE-NORTH,North Plant,Body & Welding,4219.152,0.16,77.979,445.922,9.882,0.88
2026-01-19 20:30:00,DE-NORTH,North Plant,Body & Welding,4385.486,0.16,83.075,439.831,9.394,0.88
2026-01-19 20:45:00,DE-NORTH,North Plant,Body & Welding,4287.478,0.16,81.61,428.26,9.533,0.88
2026-01-19 21:00:00,DE-NORTH,North Plant,Body & Welding,4080.945,0.16,78.742,439.848,9.22,0.88
2026-01-19 21:15:00,DE-NORTH,North Plant,Body & Welding,4177.789,0.16,77.397,416.764,8.622,0.88
2026-01-19 21:30:00,DE-NORTH,North Plant,Body & Welding,3882.183,0.16,71.749,410.203,7.875,0.88
2026-01-19 21:45:00,DE-NORTH,North Plant,Body & Welding,4032.635,0.16,67.683,422.037,8.386,0.88
2026-01-19 22:00:00,DE-NORTH,North Plant,Body & Welding,2991.179,0.16,66.654,399.398,7.647,0.38
2026-01-19 22:15:00,DE-NORTH,North Plant,Body & Welding,2848.412,0.16,62.477,401.508,8.498,0.38
2026-01-19 22:30:00,DE-NORTH,North Plant,Body & Welding,2855.723,0.16,69.019,379.613,8.532,0.38
2026-01-19 22:45:00,DE-NORTH,North Plant,Body & Welding,2508.847,0.16,66.939,404.158,8.793,0.38
2026-01-19 23:00:00,DE-NORTH,North Plant,Body & Welding,2782.21,0.16,64.85,416.561,7.796,0.38
2026-01-19 23:15:00,DE-NORTH,North Plant,Body & Welding,2848.558,0.16,54.244,399.879,7.944,0.38
2026-01-19 23:30:00,DE-NORTH,North Plant,Body & Welding,2867.548,0.16,60.636,407.051,6.836,0.38
2026-01-19 23:45:00,DE-NORTH,North Plant,Body & Welding,2921.797,0.16,69.751,377.916,6.443,0.38
2026-01-20 00:00:00,DE-NORTH,North Plant,Body & Welding,2796.513,0.16,61.817,387.866,6.832,0.38
2026-01-20 00:15:00,DE-NORTH,North Plant,Body & Welding,2815.388,0.16,65.864,373.211,5.941,0.38
2026-01-20 00:30:00,DE-NORTH,North Plant,Body & Welding,2700.04,0.16,58.809,381.284,6.102,0.38
2026-01-20 00:45:00,DE-NORTH,North Plant,Body & Welding,2842.826,0.16,70.083,392.762,4.864,0.38
2026-01-20 01:00:00,DE-NORTH,North Plant,Body & Welding,2748.754,0.16,63.718,384.184,4.677,0.38
2026-01-20 01:15:00,DE-NORTH,North Plant,Body & Welding,2697.529,0.16,65.431,365.469,5.42,0.38
2026-01-20 01:30:00,DE-NORTH,North Plant,Body & Welding,2799.21,0.16,73.565,366.089,5.273,0.38
2026-01-20 01:45:00,DE-NORTH,North Plant,Body & Welding,3110.01,0.16,70.338,364.737,3.637,0.38
2026-01-20 02:00:00,DE-NORTH,North Plant,Body & Welding,2938.449,0.16,63.078,386.642,4.469,0.38
2026-01-20 02:15:00,DE-NORTH,North Plant,Body & Welding,3026.243,0.16,61.99,404.938,3.3,0.38
2026-01-20 02:30:00,DE-NORTH,North Plant,Body & Welding,2973.775,0.16,63.15,395.941,3.359,0.38
2026-01-20 02:45:00,DE-NORTH,North Plant,Body & Welding,2858.242,0.16,66.617,356.255,4.016,0.38
2026-01-20 03:00:00,DE-NORTH,North Plant,Body & Welding,3176.623,0.16,64.323,395.47,3.271,0.38
2026-01-20 03:15:00,DE-NORTH,North Plant,Body & Welding,2877.086,0.16,63.374,389.06,2.95,0.38
2026-01-20 03:30:00,DE-NORTH,North Plant,Body & Welding,3064.322,0.16,71.083,358.683,3.423,0.38
2026-01-20 03:45:00,DE-NORTH,North Plant,Body & Welding,3158.307,0.16,65.069,372.988,1.296,0.38
2026-01-20 04:00:00,DE-NORTH,North Plant,Body & Welding,3210.952,0.16,75.088,389.171,0.81,0.38
2026-01-20 04:15:00,DE-NORTH,North Plant,Body & Welding,3126.539,0.16,66.668,382.027,0.717,0.38
2026-01-20 04:30:00,DE-NORTH,North Plant,Body & Welding,3021.332,0.16,73.914,359.109,0.778,0.38
2026-01-20 04:45:00,DE-NORTH,North Plant,Body & Welding,3156.279,0.16,68.715,381.544,-0.945,0.38
2026-01-20 05:00:00,DE-NORTH,North Plant,Body & Welding,3154.529,0.16,71.69,347.963,0.319,0.38
2026-01-20 05:15:00,DE-NORTH,North Plant,Body & Welding,3158.41,0.16,65.523,370.338,-0.14,0.38
2026-01-20 05:30:00,DE-NORTH,North Plant,Body & Welding,3332.461,0.16,65.61,386.07,0.582,0.38
2026-01-20 05:45:00,DE-NORTH,North Plant,Body & Welding,3102.784,0.16,71.473,372.04,0.089,0.38
2026-01-20 06:00:00,DE-NORTH,North Plant,Body & Welding,4802.87,0.16,74.188,365.24,-0.751,0.98
2026-01-20 06:15:00,DE-NORTH,North Plant,Body & Welding,4763.071,0.16,69.074,369.867,-0.071,0.98
2026-01-20 06:30:00,DE-NORTH,North Plant,Body & Welding,4825.157,0.16,62.412,358.914,-0.113,0.98
2026-01-20 06:45:00,DE-NORTH,North Plant,Body & Welding,4695.295,0.16,60.718,351.063,-1.273,0.98
2026-01-20 07:00:00,DE-NORTH,North Plant,Body & Welding,4761.204,0.16,59.002,334.113,-1.175,0.98
2026-01-20 07:15:00,DE-NORTH,North Plant,Body & Welding,4639.845,0.16,56.134,325.076,-2.462,0.98
2026-01-20 07:30:00,DE-NORTH,North Plant,Body & Welding,4660.812,0.16,62.075,309.623,-1.721,0.98
2026-01-20 07:45:00,DE-NORTH,North Plant,Body & Welding,4418.435,0.16,64.507,293.038,-1.509,0.98
2026-01-20 08:00:00,DE-NORTH,North Plant,Body & Welding,4256.004,0.16,58.263,280.29,-0.948,0.98
2026-01-20 08:15:00,DE-NORTH,North Plant,Body & Welding,4542.079,0.16,47.529,266.117,-1.651,0.98
2026-01-20 08:30:00,DE-NORTH,North Plant,Body & Welding,4507.511,0.16,54.014,244.592,-1.317,0.98
2026-01-20 08:45:00,DE-NORTH,North Plant,Body & Welding,4481.27,0.16,52.299,238.319,-1.762,0.98
2026-01-20 09:00:00,DE-NORTH,North Plant,Body & Welding,4332.595,0.16,59.489,237.548,-0.71,0.98
2026-01-20 09:15:00,DE-NORTH,North Plant,Body & Welding,4511.196,0.16,43.43,235.521,-0.437,0.98
2026-01-20 09:30:00,DE-NORTH,North Plant,Body & Welding,4278.816,0.16,45.869,242.182,-0.338,0.98
2026-01-20 09:45:00,DE-NORTH,North Plant,Body & Welding,4350.057,0.16,52.469,217.268,-0.476,0.98
2026-01-20 10:00:00,DE-NORTH,North Plant,Body & Welding,4359.542,0.16,45.723,223.327,-1.409,0.98
2026-01-20 10:15:00,DE-NORTH,North Plant,Body & Welding,4456.201,0.16,44.538,218.419,-0.591,0.98
2026-01-20 10:30:00,DE-NORTH,North Plant,Body & Welding,4231.019,0.16,41.21,197.563,-0.252,0.98
2026-01-20 10:45:00,DE-NORTH,North Plant,Body & Welding,4190.913,0.16,40.663,203.064,-0.042,0.98
2026-01-20 11:00:00,DE-NORTH,North Plant,Body & Welding,4099.286,0.16,41.187,189.328,0.517,0.98
2026-01-20 11:15:00,DE-NORTH,North Plant,Body & Welding,4415.754,0.16,33.729,205.193,1.701,0.98
2026-01-20 11:30:00,DE-NORTH,North Plant,Body & Welding,4311.939,0.16,39.541,194.809,1.525,0.98
2026-01-20 11:45:00,DE-NORTH,North Plant,Body & Welding,4343.267,0.16,29.778,171.535,0.531,0.98
2026-01-20 12:00:00,DE-NORTH,North Plant,Body & Welding,4631.106,0.16,36.016,187.21,1.975,0.98
2026-01-20 12:15:00,DE-NORTH,North Plant,Body & Welding,4362.027,0.16,35.048,205.329,2.237,0.98
2026-01-20 12:30:00,DE-NORTH,North Plant,Body & Welding,4228.486,0.16,31.703,184.507,1.522,0.98
2026-01-20 12:45:00,DE-NORTH,North Plant,Body & Welding,4363.112,0.16,34.123,194.057,2.987,0.98
2026-01-20 13:00:00,DE-NORTH,North Plant,Body & Welding,4320.598,0.16,31.987,198.138,2.594,0.98
2026-01-20 13:15:00,DE-NORTH,North Plant,Body & Welding,4423.795,0.16,30.678,182.982,2.038,0.98
2026-01-20 13:30:00,DE-NORTH,North Plant,Body & Welding,4444.42,0.16,34.27,206.348,3.666,0.98
2026-01-20 13:45:00,DE-NORTH,North Plant,Body & Welding,4461.079,0.16,32.229,189.292,3.825,0.98
2026-01-20 14:00:00,DE-NORTH,North Plant,Body & Welding,4165.387,0.16,39.147,205.347,3.841,0.88
2026-01-20 14:15:00,DE-NORTH,North Plant,Body & Welding,4507.665,0.16,34.725,233.673,4.301,0.88
2026-01-20 14:30:00,DE-NORTH,North Plant,Body & Welding,4404.605,0.16,43.911,234.057,4.149,0.88
2026-01-20 14:45:00,DE-NORTH,North Plant,Body & Welding,4365.526,0.16,38.346,236.256,5.403,0.88
2026-01-20 15:00:00,DE-NORTH,North Plant,Body & Welding,4495.316,0.16,43.091,256.525,5.264,0.88
2026-01-20 15:15:00,DE-NORTH,North Plant,Body & Welding,4481.956,0.16,45.412,262.81,5.724,0.88
2026-01-20 15:30:00,DE-NORTH,North Plant,Body & Welding,4474.096,0.16,56.024,277.106,6.163,0.88
2026-01-20 15:45:00,DE-NORTH,North Plant,Body & Welding,4537.099,0.16,55.095,299.242,5.403,0.88
2026-01-20 16:00:00,DE-NORTH,North Plant,Body & Welding,4482.074,0.16,56.184,297.904,5.874,0.88
2026-01-20 16:15:00,DE-NORTH,North Plant,Body & Welding,4547.325,0.16,62.449,323.103,5.231,0.88
2026-01-20 16:30:00,DE-NORTH,North Plant,Body & Welding,4531.372,0.16,55.562,335.384,7.439,0.88
2026-01-20 16:45:00,DE-NORTH,North Plant,Body & Welding,4471.683,0.16,67.407,336.922,6.448,0.88
2026-01-20 17:00:00,DE-NORTH,North Plant,Body & Welding,4407.17,0.16,79.144,361.782,7.628,0.88
2026-01-20 17:15:00,DE-NORTH,North Plant,Body & Welding,4569.991,0.16,75.169,408.326,8.019,0.88
2026-01-20 17:30:00,DE-NORTH,North Plant,Body & Welding,4334.042,0.16,78.238,410.346,8.388,0.88
2026-01-20 17:45:00,DE-NORTH,North Plant,Body & Welding,4410.828,0.16,83.258,405.36,7.315,0.88
2026-01-20 18:00:00,DE-NORTH,North Plant,Body & Welding,4374.955,0.16,87.459,417.345,8.285,0.88
2026-01-20 18:15:00,DE-NORTH,North Plant,Body & Welding,4222.511,0.16,76.464,436.511,9.654,0.88
2026-01-20 18:30:00,DE-NORTH,North Plant,Body & Welding,4166.639,0.16,77.941,457.422,9.819,0.88
2026-01-20 18:45:00,DE-NORTH,North Plant,Body & Welding,4183.422,0.16,85.357,436.053,9.426,0.88
2026-01-20 19:00:00,DE-NORTH,North Plant,Body & Welding,4136.955,0.16,81.14,452.386,9.066,0.88
2026-01-20 19:15:00,DE-NORTH,North Plant,Body & Welding,4008.66,0.16,88.394,438.221,8.2,0.88
2026-01-20 19:30:00,DE-NORTH,North Plant,Body & Welding,4045.96,0.16,80.736,435.969,9.46,0.88
2026-01-20 19:45:00,DE-NORTH,North Plant,Body & Welding,4114.779,0.16,72.863,409.795,8.879,0.88
2026-01-20 20:00:00,DE-NORTH,North Plant,Body & Welding,4183.376,0.16,73.95,431.976,9.392,0.88
2026-01-20 20:15:00,DE-NORTH,North Plant,Body & Welding,4088.644,0.16,66.322,411.212,8.546,0.88
2026-01-20 20:30:00,DE-NORTH,North Plant,Body & Welding,3729.44,0.16,74.625,419.911,8.836,0.88
2026-01-20 20:45:00,DE-NORTH,North Plant,Body & Welding,4046.607,0.16,73.05,394.121,9.019,0.88
2026-01-20 21:00:00,DE-NORTH,North Plant,Body & Welding,3903.821,0.16,70.403,400.542,9.002,0.88
2026-01-20 21:15:00,DE-NORTH,North Plant,Body & Welding,3996.836,0.16,74.812,397.503,9.08,0.88
2026-01-20 21:30:00,DE-NORTH,North Plant,Body & Welding,3948.941,0.16,73.816,386.737,8.214,0.88
2026-01-20 21:45:00,DE-NORTH,North Plant,Body & Welding,3934.427,0.16,67.02,389.266,7.544,0.88
2026-01-20 22:00:00,DE-NORTH,North Plant,Body & Welding,2781.623,0.16,58.008,377.599,9.467,0.38
2026-01-20 22:15:00,DE-NORTH,North Plant,Body & Welding,2791.09,0.16,68.03,369.961,9.9,0.38
2026-01-20 22:30:00,DE-NORTH,North Plant,Body & Welding,2959.664,0.16,66.96,394.523,8.28,0.38
2026-01-20 22:45:00,DE-NORTH,North Plant,Body & Welding,2843.039,0.16,65.307,385.872,6.832,0.38
2026-01-20 23:00:00,DE-NORTH,North Plant,Body & Welding,2972.612,0.16,67.466,362.651,6.994,0.38
2026-01-20 23:15:00,DE-NORTH,North Plant,Body & Welding,2968.591,0.16,58.475,377.516,7.653,0.38
2026-01-20 23:30:00,DE-NORTH,North Plant,Body & Welding,2956.852,0.16,70.868,361.052,7.983,0.38
2026-01-20 23:45:00,DE-NORTH,North Plant,Body & Welding,2741.898,0.16,58.782,355.316,5.929,0.38
2026-01-21 00:00:00,DE-NORTH,North Plant,Body & Welding,3065.526,0.16,64.971,379.927,6.413,0.38
2026-01-21 00:15:00,DE-NORTH,North Plant,Body & Welding,2925.475,0.16,55.321,347.622,6.349,0.38
2026-01-21 00:30:00,DE-NORTH,North Plant,Body & Welding,3072.139,0.16,58.452,379.752,6.519,0.38
2026-01-21 00:45:00,DE-NORTH,North Plant,Body & Welding,2931.515,0.16,68.351,366.163,5.367,0.38
2026-01-21 01:00:00,DE-NORTH,North Plant,Body & Welding,2945.472,0.16,61.365,367.229,4.199,0.38
2026-01-21 01:15:00,DE-NORTH,North Plant,Body & Welding,3288.896,0.16,65.906,375.264,5.41,0.38
2026-01-21 01:30:00,DE-NORTH,North Plant,Body & Welding,3002.67,0.16,63.647,377.905,5.44,0.38
2026-01-21 01:45:00,DE-NORTH,North Plant,Body & Welding,3255.324,0.16,62.454,361.604,4.269,0.38
2026-01-21 02:00:00,DE-NORTH,North Plant,Body & Welding,3165.031,0.16,68.526,380.726,4.284,0.38
2026-01-21 02:15:00,DE-NORTH,North Plant,Body & Welding,3132.946,0.16,62.35,374.071,3.341,0.38
2026-01-21 02:30:00,DE-NORTH,North Plant,Body & Welding,3190.209,0.16,56.432,358.237,2.755,0.38
2026-01-21 02:45:00,DE-NORTH,North Plant,Body & Welding,3057.15,0.16,60.637,371.873,3.743,0.38
2026-01-21 03:00:00,DE-NORTH,North Plant,Body & Welding,3205.252,0.16,66.391,391.09,2.977,0.38
2026-01-21 03:15:00,DE-NORTH,North Plant,Body & Welding,3097.131,0.16,66.151,395.237,2.736,0.38
2026-01-21 03:30:00,DE-NORTH,North Plant,Body & Welding,3163.393,0.16,58.731,384.329,3.138,0.38
2026-01-21 03:45:00,DE-NORTH,North Plant,Body & Welding,3317.509,0.16,62.585,362.039,1.05,0.38
2026-01-21 04:00:00,DE-NORTH,North Plant,Body & Welding,3237.52,0.16,63.691,382.811,1.114,0.38
2026-01-21 04:15:00,DE-NORTH,North Plant,Body & Welding,3040.857,0.16,65.144,387.733,1.333,0.38
2026-01-21 04:30:00,DE-NORTH,North Plant,Body & Welding,3278.434,0.16,61.74,386.827,0.561,0.38
2026-01-21 04:45:00,DE-NORTH,North Plant,Body & Welding,3163.499,0.16,65.414,388.129,1.251,0.38
2026-01-21 05:00:00,DE-NORTH,North Plant,Body & Welding,3096.271,0.16,65.736,383.656,0.333,0.38
2026-01-21 05:15:00,DE-NORTH,North Plant,Body & Welding,3217.316,0.16,72.489,379.011,-0.454,0.38
2026-01-21 05:30:00,DE-NORTH,North Plant,Body & Welding,3092.387,0.16,73.41,373.156,0.079,0.38
2026-01-21 05:45:00,DE-NORTH,North Plant,Body & Welding,2964.085,0.16,70.366,358.251,-0.038,0.38
2026-01-21 06:00:00,DE-NORTH,North Plant,Body & Welding,4712.985,0.16,70.146,385.665,0.324,0.98
2026-01-21 06:15:00,DE-NORTH,North Plant,Body & Welding,4484.88,0.16,71.116,372.931,-0.209,0.98
2026-01-21 06:30:00,DE-NORTH,North Plant,Body & Welding,4442.209,0.16,66.095,366.539,-0.297,0.98
2026-01-21 06:45:00,DE-NORTH,North Plant,Body & Welding,4375.08,0.16,63.535,333.037,-0.51,0.98
2026-01-21 07:00:00,DE-NORTH,North Plant,Body & Welding,4513.002,0.16,63.07,346.202,-0.961,0.98
2026-01-21 07:15:00,DE-NORTH,North Plant,Body & Welding,4308.341,0.16,62.939,352.675,-1.405,0.98
2026-01-21 07:30:00,DE-NORTH,North Plant,Body & Welding,4168.18,0.16,59.409,318.751,-0.755,0.98
2026-01-21 07:45:00,DE-NORTH,North Plant,Body & Welding,4241.351,0.16,63.23,307.133,-1.222,0.98
2026-01-21 08:00:00,DE-NORTH,North Plant,Body & Welding,4419.947,0.16,63.955,301.964,0.183,0.98
2026-01-21 08:15:00,DE-NORTH,North Plant,Body & Welding,4357.318,0.16,53.084,313.389,-0.05,0.98
2026-01-21 08:30:00,DE-NORTH,North Plant,Body & Welding,4239.966,0.16,57.879,267.865,-0.514,0.98
2026-01-21 08:45:00,DE-NORTH,North Plant,Body & Welding,4409.668,0.16,55.207,274.177,-0.639,0.98
2026-01-21 09:00:00,DE-NORTH,North Plant,Body & Welding,4349.4,0.16,55.739,254.213,-0.891,0.98
2026-01-21 09:15:00,DE-NORTH,North Plant,Body & Welding,4258.329,0.16,52.602,249.83,-1.617,0.98
2026-01-21 09:30:00,DE-NORTH,North Plant,Body & Welding,4273.782,0.16,45.137,248.933,-0.771,0.98
2026-01-21 09:45:00,DE-NORTH,North Plant,Body & Welding,4340.442,0.16,44.235,259.41,-0.413,0.98
2026-01-21 10:00:00,DE-NORTH,North Plant,Body & Welding,4238.825,0.16,47.795,259.176,-0.17,0.98
2026-01-21 10:15:00,DE-NORTH,North Plant,Body & Welding,4350.036,0.16,50.264,237.899,0.171,0.98
2026-01-21 10:30:00,DE-NORTH,North Plant,Body & Welding,4407.192,0.16,35.866,223.618,0.678,0.98
2026-01-21 10:45:00,DE-NORTH,North Plant,Body & Welding,4240.075,0.16,44.798,254.347,-0.244,0.98
2026-01-21 11:00:00,DE-NORTH,North Plant,Body & Welding,4430.428,0.16,47.004,216.302,-0.014,0.98
2026-01-21 11:15:00,DE-NORTH,North Plant,Body & Welding,4438.05,0.16,40.616,212.297,1.719,0.98
2026-01-21 11:30:00,DE-NORTH,North Plant,Body & Welding,4617.676,0.16,42.576,196.308,1.496,0.98
2026-01-21 11:45:00,DE-NORTH,North Plant,Body & Welding,4359.129,0.16,36.886,233.572,0.949,0.98
2026-01-21 12:00:00,DE-NORTH,North Plant,Body & Welding,4544.784,0.16,38.73,228.421,1.425,0.98
2026-01-21 12:15:00,DE-NORTH,North Plant,Body & Welding,4566.601,0.16,32.424,246.591,1.717,0.98
2026-01-21 12:30:00,DE-NORTH,North Plant,Body & Welding,4747.069,0.16,29.431,202.49,2.109,0.98
2026-01-21 12:45:00,DE-NORTH,North Plant,Body & Welding,4665.602,0.16,42.685,239.083,2.724,0.98
2026-01-21 13:00:00,DE-NORTH,North Plant,Body & Welding,4867.711,0.16,35.291,225.709,4.48,0.98
2026-01-21 13:15:00,DE-NORTH,North Plant,Body & Welding,4784.31,0.16,37.945,238.714,3.157,0.98
2026-01-21 13:30:00,DE-NORTH,North Plant,Body & Welding,4683.048,0.16,34.984,214.365,3.811,0.98
2026-01-21 13:45:00,DE-NORTH,North Plant,Body & Welding,4777.445,0.16,35.888,257.814,2.492,0.98
2026-01-21 14:00:00,DE-NORTH,North Plant,Body & Welding,4453.143,0.16,42.074,256.691,3.661,0.88
2026-01-21 14:15:00,DE-NORTH,North Plant,Body & Welding,4567.621,0.16,41.347,254.873,5.187,0.88
2026-01-21 14:30:00,DE-NORTH,North Plant,Body & Welding,4337.279,0.16,47.533,272.23,4.934,0.88
2026-01-21 14:45:00,DE-NORTH,North Plant,Body & Welding,4413.201,0.16,49.855,265.532,1.903,0.88
2026-01-21 15:00:00,DE-NORTH,North Plant,Body & Welding,4496.255,0.16,51.62,279.076,5.766,0.88
2026-01-21 15:15:00,DE-NORTH,North Plant,Body & Welding,4548.007,0.16,53.847,292.845,6.95,0.88
2026-01-21 15:30:00,DE-NORTH,North Plant,Body & Welding,4190.906,0.16,62.012,289.568,4.516,0.88
2026-01-21 15:45:00,DE-NORTH,North Plant,Body & Welding,4513.497,0.16,54.471,336.477,7.275,0.88
2026-01-21 16:00:00,DE-NORTH,North Plant,Body & Welding,4352.964,0.16,61.764,355.596,4.56,0.88
2026-01-21 16:15:00,DE-NORTH,North Plant,Body & Welding,4109.748,0.16,69.915,348.714,7.434,0.88
2026-01-21 16:30:00,DE-NORTH,North Plant,Body & Welding,3962.883,0.16,73.952,377.627,7.038,0.88
2026-01-21 16:45:00,DE-NORTH,North Plant,Body & Welding,4096.481,0.16,66.762,386.846,5.652,0.88
2026-01-21 17:00:00,DE-NORTH,North Plant,Body & Welding,4197.487,0.16,74.734,410.575,7.848,0.88
2026-01-21 17:15:00,DE-NORTH,North Plant,Body & Welding,4149.952,0.16,84.857,415.469,8.565,0.88
2026-01-21 17:30:00,DE-NORTH,North Plant,Body & Welding,4192.031,0.16,84.733,428.265,8.221,0.88
2026-01-21 17:45:00,DE-NORTH,North Plant,Body & Welding,4031.103,0.16,86.524,466.611,8.567,0.88
2026-01-21 18:00:00,DE-NORTH,North Plant,Body & Welding,3946.553,0.16,87.621,467.371,8.042,0.88
2026-01-21 18:15:00,DE-NORTH,North Plant,Body & Welding,3999.757,0.16,87.467,493.959,7.181,0.88
2026-01-21 18:30:00,DE-NORTH,North Plant,Body & Welding,4002.422,0.16,90.299,470.571,9.104,0.88
2026-01-21 18:45:00,DE-NORTH,North Plant,Body & Welding,3993.417,0.16,87.904,457.961,9.959,0.88
2026-01-21 19:00:00,DE-NORTH,North Plant,Body & Welding,3872.862,0.16,88.143,481.622,9.62,0.88
2026-01-21 19:15:00,DE-NORTH,North Plant,Body & Welding,4059.243,0.16,87.686,471.145,7.512,0.88
2026-01-21 19:30:00,DE-NORTH,North Plant,Body & Welding,3888.177,0.16,83.416,467.959,7.897,0.88
2026-01-21 19:45:00,DE-NORTH,North Plant,Body & Welding,3854.814,0.16,86.763,468.344,8.397,0.88
2026-01-21 20:00:00,DE-NORTH,North Plant,Body & Welding,3897.105,0.16,94.609,440.403,7.885,0.88
2026-01-21 20:15:00,DE-NORTH,North Plant,Body & Welding,4063.388,0.16,74.035,440.46,9.02,0.88
2026-01-21 20:30:00,DE-NORTH,North Plant,Body & Welding,3947.157,0.16,80.567,433.465,9.233,0.88
2026-01-21 20:45:00,DE-NORTH,North Plant,Body & Welding,3918.78,0.16,74.356,413.552,7.903,0.88
2026-01-21 21:00:00,DE-NORTH,North Plant,Body & Welding,4095.798,0.16,77.882,419.557,9.374,0.88
2026-01-21 21:15:00,DE-NORTH,North Plant,Body & Welding,4251.106,0.16,74.029,432.741,9.155,0.88
2026-01-21 21:30:00,DE-NORTH,North Plant,Body & Welding,4086.012,0.16,75.287,413.955,8.236,0.88
2026-01-21 21:45:00,DE-NORTH,North Plant,Body & Welding,4223.666,0.16,75.488,389.848,8.364,0.88
2026-01-21 22:00:00,DE-NORTH,North Plant,Body & Welding,3052.402,0.16,70.264,382.758,6.965,0.38
2026-01-21 22:15:00,DE-NORTH,North Plant,Body & Welding,2895.085,0.16,72.896,417.378,7.925,0.38
2026-01-21 22:30:00,DE-NORTH,North Plant,Body & Welding,2986.144,0.16,58.025,392.82,7.972,0.38
2026-01-21 22:45:00,DE-NORTH,North Plant,Body & Welding,2874.74,0.16,72.948,383.134,7.877,0.38
2026-01-21 23:00:00,DE-NORTH,North Plant,Body & Welding,3013.228,0.16,67.408,385.064,7.801,0.38
2026-01-21 23:15:00,DE-NORTH,North Plant,Body & Welding,2995.861,0.16,69.66,368.469,7.468,0.38
2026-01-21 23:30:00,DE-NORTH,North Plant,Body & Welding,3047.411,0.16,60.013,401.457,6.859,0.38
2026-01-21 23:45:00,DE-NORTH,North Plant,Body & Welding,3029.825,0.16,61.199,378.128,6.978,0.38
2026-01-22 00:00:00,DE-NORTH,North Plant,Body & Welding,3093.855,0.16,64.3,396.124,7.201,0.38
2026-01-22 00:15:00,DE-NORTH,North Plant,Body & Welding,3205.384,0.16,63.582,379.751,6.145,0.38
2026-01-22 00:30:00,DE-NORTH,North Plant,Body & Welding,3148.931,0.16,64.722,395.697,6.136,0.38
2026-01-22 00:45:00,DE-NORTH,North Plant,Body & Welding,2980.914,0.16,67.874,381.03,5.477,0.38
2026-01-22 01:00:00,DE-NORTH,North Plant,Body & Welding,3109.834,0.16,56.432,387.592,4.841,0.38
2026-01-22 01:15:00,DE-NORTH,North Plant,Body & Welding,3025.223,0.16,67.357,385.383,5.341,0.38
2026-01-22 01:30:00,DE-NORTH,North Plant,Body & Welding,3219.15,0.16,63.479,383.632,4.264,0.38
2026-01-22 01:45:00,DE-NORTH,North Plant,Body & Welding,3237.472,0.16,62.634,379.725,4.597,0.38
2026-01-22 02:00:00,DE-NORTH,North Plant,Body & Welding,3208.329,0.16,57.591,372.152,4.02,0.38
2026-01-22 02:15:00,DE-NORTH,North Plant,Body & Welding,3092.044,0.16,65.542,397.328,3.46,0.38
2026-01-22 02:30:00,DE-NORTH,North Plant,Body & Welding,3188.794,0.16,53.96,362.857,3.118,0.38
2026-01-22 02:45:00,DE-NORTH,North Plant,Body & Welding,3100.03,0.16,66.333,373.191,2.669,0.38
2026-01-22 03:00:00,DE-NORTH,North Plant,Body & Welding,3020.727,0.16,57.936,372.72,1.554,0.38
2026-01-22 03:15:00,DE-NORTH,North Plant,Body & Welding,3184.856,0.16,64.329,376.774,2.661,0.38
2026-01-22 03:30:00,DE-NORTH,North Plant,Body & Welding,3173.285,0.16,63.899,366.199,2.249,0.38
2026-01-22 03:45:00,DE-NORTH,North Plant,Body & Welding,3161.015,0.16,69.366,374.542,2.383,0.38
2026-01-22 04:00:00,DE-NORTH,North Plant,Body & Welding,2984.914,0.16,64.34,368.156,1.128,0.38
2026-01-22 04:15:00,DE-NORTH,North Plant,Body & Welding,3133.303,0.16,62.698,350.621,2.549,0.38
2026-01-22 04:30:00,DE-NORTH,North Plant,Body & Welding,2951.662,0.16,63.92,369.149,0.69,0.38
2026-01-22 04:45:00,DE-NORTH,North Plant,Body & Welding,3054.581,0.16,71.556,355.264,0.091,0.38
2026-01-22 05:00:00,DE-NORTH,North Plant,Body & Welding,2913.537,0.16,69.169,347.102,-0.231,0.38
2026-01-22 05:15:00,DE-NORTH,North Plant,Body & Welding,2931.058,0.16,66.073,369.01,-0.973,0.38
2026-01-22 05:30:00,DE-NORTH,North Plant,Body & Welding,2661.917,0.16,67.281,372.683,1.106,0.38
2026-01-22 05:45:00,DE-NORTH,North Plant,Body & Welding,2872.571,0.16,62.577,372.62,0.802,0.38
2026-01-22 06:00:00,DE-NORTH,North Plant,Body & Welding,4290.578,0.16,71.01,372.588,0.09,0.98
2026-01-22 06:15:00,DE-NORTH,North Plant,Body & Welding,4237.14,0.16,61.107,330.638,-1.112,0.98
2026-01-22 06:30:00,DE-NORTH,North Plant,Body & Welding,4439.335,0.16,69.81,325.604,0.648,0.98
2026-01-22 06:45:00,DE-NORTH,North Plant,Body & Welding,4146.845,0.16,65.932,353.836,-0.981,0.98
2026-01-22 07:00:00,DE-NORTH,North Plant,Body & Welding,4213.157,0.16,73.531,305.964,-1.018,0.98
2026-01-22 07:15:00,DE-NORTH,North Plant,Body & Welding,4174.499,0.16,58.092,314.445,0.102,0.98
2026-01-22 07:30:00,DE-NORTH,North Plant,Body & Welding,4229.823,0.16,60.53,287.71,-0.496,0.98
2026-01-22 07:45:00,DE-NORTH,North Plant,Body & Welding,4405.244,0.16,66.521,286.049,0.551,0.98
2026-01-22 08:00:00,DE-NORTH,North Plant,Body & Welding,4488.813,0.16,62.42,266.98,-0.826,0.98
2026-01-22 08:15:00,DE-NORTH,North Plant,Body & Welding,4291.382,0.16,53.141,271.193,-1.267,0.98
2026-01-22 08:30:00,DE-NORTH,North Plant,Body & Welding,4320.648,0.16,55.048,256.404,-1.385,0.98
2026-01-22 08:45:00,DE-NORTH,North Plant,Body & Welding,4316.459,0.16,52.353,240.165,-2.197,0.98
2026-01-22 09:00:00,DE-NORTH,North Plant,Body & Welding,4598.861,0.16,51.647,224.234,-1.025,0.98
2026-01-22 09:15:00,DE-NORTH,North Plant,Body & Welding,4605.424,0.16,45.899,231.889,0.067,0.98
2026-01-22 09:30:00,DE-NORTH,North Plant,Body & Welding,4516.898,0.16,46.532,206.544,-0.2,0.98
2026-01-22 09:45:00,DE-NORTH,North Plant,Body & Welding,4421.719,0.16,38.734,219.26,-0.47,0.98
2026-01-22 10:00:00,DE-NORTH,North Plant,Body & Welding,4473.437,0.16,43.966,239.326,-1.027,0.98
2026-01-22 10:15:00,DE-NORTH,North Plant,Body & Welding,4653.464,0.16,43.611,218.357,0.001,0.98
2026-01-22 10:30:00,DE-NORTH,North Plant,Body & Welding,4718.726,0.16,39.393,205.818,0.742,0.98
2026-01-22 10:45:00,DE-NORTH,North Plant,Body & Welding,4476.045,0.16,32.458,191.931,0.542,0.98
2026-01-22 11:00:00,DE-NORTH,North Plant,Body & Welding,4685.242,0.16,41.632,166.192,0.581,0.98
2026-01-22 11:15:00,DE-NORTH,North Plant,Body & Welding,4915.532,0.16,38.052,170.847,0.145,0.98
2026-01-22 11:30:00,DE-NORTH,North Plant,Body & Welding,4726.307,0.16,32.777,200.142,1.563,0.98
2026-01-22 11:45:00,DE-NORTH,North Plant,Body & Welding,4943.685,0.16,33.827,174.1,-0.97,0.98
2026-01-22 12:00:00,DE-NORTH,North Plant,Body & Welding,4835.654,0.16,28.407,174.826,1.768,0.98
2026-01-22 12:15:00,DE-NORTH,North Plant,Body & Welding,4637.734,0.16,29.965,181.7,3.588,0.98
2026-01-22 12:30:00,DE-NORTH,North Plant,Body & Welding,4743.317,0.16,31.778,172.266,1.031,0.98
2026-01-22 12:45:00,DE-NORTH,North Plant,Body & Welding,4740.179,0.16,38.917,172.488,2.224,0.98
2026-01-22 13:00:00,DE-NORTH,North Plant,Body & Welding,4635.341,0.16,31.736,189.703,2.7,0.98
2026-01-22 13:15:00,DE-NORTH,North Plant,Body & Welding,4615.072,0.16,37.371,183.643,2.701,0.98
2026-01-22 13:30:00,DE-NORTH,North Plant,Body & Welding,4838.46,0.16,33.405,190.447,4.073,0.98
2026-01-22 13:45:00,DE-NORTH,North Plant,Body & Welding,4551.352,0.16,37.54,195.964,4.004,0.98
2026-01-22 14:00:00,DE-NORTH,North Plant,Body & Welding,4484.376,0.16,37.222,218.645,4.107,0.88
2026-01-22 14:15:00,DE-NORTH,North Plant,Body & Welding,4286.065,0.16,42.779,217.704,4.885,0.88
2026-01-22 14:30:00,DE-NORTH,North Plant,Body & Welding,4297.892,0.16,38.913,227.561,4.664,0.88
2026-01-22 14:45:00,DE-NORTH,North Plant,Body & Welding,4299.313,0.16,36.801,247.203,7.201,0.88
2026-01-22 15:00:00,DE-NORTH,North Plant,Body & Welding,4159.923,0.16,39.876,249.796,5.4,0.88
2026-01-22 15:15:00,DE-NORTH,North Plant,Body & Welding,4243.462,0.16,45.859,260.727,5.744,0.88
2026-01-22 15:30:00,DE-NORTH,North Plant,Body & Welding,3944.516,0.16,45.832,283.337,4.716,0.88
2026-01-22 15:45:00,DE-NORTH,North Plant,Body & Welding,4161.182,0.16,55.548,300.316,5.831,0.88
2026-01-22 16:00:00,DE-NORTH,North Plant,Body & Welding,3810.034,0.16,55.331,306.004,7.303,0.88
2026-01-22 16:15:00,DE-NORTH,North Plant,Body & Welding,4031.75,0.16,70.143,324.921,5.843,0.88
2026-01-22 16:30:00,DE-NORTH,North Plant,Body & Welding,4123.473,0.16,57.259,331.281,5.534,0.88
2026-01-22 16:45:00,DE-NORTH,North Plant,Body & Welding,4060.256,0.16,68.641,347.347,7.319,0.88
2026-01-22 17:00:00,DE-NORTH,North Plant,Body & Welding,3830.131,0.16,66.916,383.976,8.495,0.88
2026-01-22 17:15:00,DE-NORTH,North Plant,Body & Welding,3838.668,0.16,72.967,396.956,7.789,0.88
2026-01-22 17:30:00,DE-NORTH,North Plant,Body & Welding,3882.598,0.16,78.86,413.49,7.731,0.88
2026-01-22 17:45:00,DE-NORTH,North Plant,Body & Welding,3981.107,0.16,72.118,427.096,6.856,0.88
2026-01-22 18:00:00,DE-NORTH,North Plant,Body & Welding,3733.277,0.16,85.204,439.048,8.647,0.88
2026-01-22 18:15:00,DE-NORTH,North Plant,Body & Welding,3950.238,0.16,92.472,449.057,8.947,0.88
2026-01-22 18:30:00,DE-NORTH,North Plant,Body & Welding,4012.941,0.16,83.288,452.929,7.372,0.88
2026-01-22 18:45:00,DE-NORTH,North Plant,Body & Welding,3946.417,0.16,86.011,452.42,9.529,0.88
2026-01-22 19:00:00,DE-NORTH,North Plant,Body & Welding,4054.631,0.16,88.579,438.853,9.366,0.88
2026-01-22 19:15:00,DE-NORTH,North Plant,Body & Welding,4045.16,0.16,82.994,454.166,9.697,0.88
2026-01-22 19:30:00,DE-NORTH,North Plant,Body & Welding,3996.89,0.16,80.199,436.74,9.366,0.88
2026-01-22 19:45:00,DE-NORTH,North Plant,Body & Welding,3881.133,0.16,72.047,437.252,9.447,0.88
2026-01-22 20:00:00,DE-NORTH,North Plant,Body & Welding,4132.799,0.16,82.156,428.101,9.365,0.88
2026-01-22 20:15:00,DE-NORTH,North Plant,Body & Welding,4051.295,0.16,77.459,422.333,9.597,0.88
2026-01-22 20:30:00,DE-NORTH,North Plant,Body & Welding,4145.337,0.16,72.122,405.004,7.684,0.88
2026-01-22 20:45:00,DE-NORTH,North Plant,Body & Welding,4290.177,0.16,74.941,416.722,7.853,0.88
2026-01-22 21:00:00,DE-NORTH,North Plant,Body & Welding,4418.785,0.16,70.416,437.108,8.314,0.88
2026-01-22 21:15:00,DE-NORTH,North Plant,Body & Welding,4295.888,0.16,69.05,393.454,8.644,0.88
2026-01-22 21:30:00,DE-NORTH,North Plant,Body & Welding,4386.628,0.16,72.132,394.23,8.891,0.88
2026-01-22 21:45:00,DE-NORTH,North Plant,Body & Welding,4206.81,0.16,63.049,383.963,8.712,0.88
2026-01-22 22:00:00,DE-NORTH,North Plant,Body & Welding,3131.25,0.16,71.453,379.955,9.112,0.38
2026-01-22 22:15:00,DE-NORTH,North Plant,Body & Welding,3115.517,0.16,60.701,401.402,8.961,0.38
2026-01-22 22:30:00,DE-NORTH,North Plant,Body & Welding,3278.705,0.16,62.832,372.397,7.356,0.38
2026-01-22 22:45:00,DE-NORTH,North Plant,Body & Welding,3095.674,0.16,72.519,372.901,7.926,0.38
2026-01-22 23:00:00,DE-NORTH,North Plant,Body & Welding,3141.915,0.16,68.82,358.121,6.942,0.38
2026-01-22 23:15:00,DE-NORTH,North Plant,Body & Welding,3277.691,0.16,64.305,367.07,7.165,0.38
2026-01-22 23:30:00,DE-NORTH,North Plant,Body & Welding,3153.672,0.16,59.862,355.001,7.269,0.38
2026-01-22 23:45:00,DE-NORTH,North Plant,Body & Welding,3069.99,0.16,61.303,382.717,4.392,0.38
2026-01-23 00:00:00,DE-NORTH,North Plant,Body & Welding,3407.252,0.16,63.076,406.779,8.188,0.38
2026-01-23 00:15:00,DE-NORTH,North Plant,Body & Welding,3029.502,0.16,63.036,369.383,6.608,0.38
2026-01-23 00:30:00,DE-NORTH,North Plant,Body & Welding,3131.701,0.16,62.632,354.385,5.496,0.38
2026-01-23 00:45:00,DE-NORTH,North Plant,Body & Welding,3142.238,0.16,62.99,385.789,6.956,0.38
2026-01-23 01:00:00,DE-NORTH,North Plant,Body & Welding,3132.614,0.16,62.384,366.87,5.051,0.38
2026-01-23 01:15:00,DE-NORTH,North Plant,Body & Welding,3062.14,0.16,57.614,391.788,5.068,0.38
2026-01-23 01:30:00,DE-NORTH,North Plant,Body & Welding,3046.503,0.16,61.472,373.412,4.312,0.38
2026-01-23 01:45:00,DE-NORTH,North Plant,Body & Welding,3004.827,0.16,67.371,369.814,5.483,0.38
2026-01-23 02:00:00,DE-NORTH,North Plant,Body & Welding,2902.739,0.16,58.437,375.856,3.927,0.38
2026-01-23 02:15:00,DE-NORTH,North Plant,Body & Welding,3222.073,0.16,63.378,387.678,3.778,0.38
2026-01-23 02:30:00,DE-NORTH,North Plant,Body & Welding,2944.539,0.16,61.113,376.444,4.19,0.38
2026-01-23 02:45:00,DE-NORTH,North Plant,Body & Welding,3014.398,0.16,65.13,373.796,3.434,0.38
2026-01-23 03:00:00,DE-NORTH,North Plant,Body & Welding,2902.31,0.16,63.463,377.948,2.668,0.38
2026-01-23 03:15:00,DE-NORTH,North Plant,Body & Welding,2875.228,0.16,71.305,365.643,3.17,0.38
2026-01-23 03:30:00,DE-NORTH,North Plant,Body & Welding,2840.168,0.16,67.847,386.234,3.864,0.38
2026-01-23 03:45:00,DE-NORTH,North Plant,Body & Welding,2728.981,0.16,61.05,360.586,2.011,0.38
2026-01-23 04:00:00,DE-NORTH,North Plant,Body & Welding,2867.39,0.16,69.51,377.246,1.582,0.38
2026-01-23 04:15:00,DE-NORTH,North Plant,Body & Welding,2835.465,0.16,64.306,392.227,1.342,0.38
2026-01-23 04:30:00,DE-NORTH,North Plant,Body & Welding,2990.899,0.16,65.725,387.281,1.873,0.38
2026-01-23 04:45:00,DE-NORTH,North Plant,Body & Welding,2756.707,0.16,69.962,391.248,0.284,0.38
2026-01-23 05:00:00,DE-NORTH,North Plant,Body & Welding,2824.072,0.16,67.451,383.892,0.27,0.38
2026-01-23 05:15:00,DE-NORTH,North Plant,Body & Welding,2807.108,0.16,73.73,399.206,-0.835,0.38
2026-01-23 05:30:00,DE-NORTH,North Plant,Body & Welding,3061.666,0.16,67.818,396.751,-0.795,0.38
2026-01-23 05:45:00,DE-NORTH,North Plant,Body & Welding,2828.56,0.16,69.202,391.48,-0.52,0.38
2026-01-23 06:00:00,DE-NORTH,North Plant,Body & Welding,4388.983,0.16,69.803,397.716,-0.369,0.98
2026-01-23 06:15:00,DE-NORTH,North Plant,Body & Welding,4447.641,0.16,68.992,384.59,0.754,0.98
2026-01-23 06:30:00,DE-NORTH,North Plant,Body & Welding,4370.942,0.16,74.44,359.346,-0.244,0.98
2026-01-23 06:45:00,DE-NORTH,North Plant,Body & Welding,4286.378,0.16,71.302,337.61,-1.373,0.98
2026-01-23 07:00:00,DE-NORTH,North Plant,Body & Welding,4322.898,0.16,74.316,348.03,-1.339,0.98
2026-01-23 07:15:00,DE-NORTH,North Plant,Body & Welding,4579.4,0.16,75.177,338.965,0.058,0.98
2026-01-23 07:30:00,DE-NORTH,North Plant,Body & Welding,4396.684,0.16,60.548,335.149,-0.169,0.98
2026-01-23 07:45:00,DE-NORTH,North Plant,Body & Welding,4615.787,0.16,63.451,300.749,-0.97,0.98
2026-01-23 08:00:00,DE-NORTH,North Plant,Body & Welding,4626.752,0.16,56.898,291.343,-1.31,0.98
2026-01-23 08:15:00,DE-NORTH,North Plant,Body & Welding,4678.388,0.16,56.867,298.332,-0.202,0.98
2026-01-23 08:30:00,DE-NORTH,North Plant,Body & Welding,4735.624,0.16,55.781,282.95,-1.653,0.98
2026-01-23 08:45:00,DE-NORTH,North Plant,Body & Welding,4607.671,0.16,52.358,252.605,-0.63,0.98
2026-01-23 09:00:00,DE-NORTH,North Plant,Body & Welding,4615.611,0.16,50.641,271.64,0.761,0.98
2026-01-23 09:15:00,DE-NORTH,North Plant,Body & Welding,4828.748,0.16,52.528,237.326,-0.591,0.98
2026-01-23 09:30:00,DE-NORTH,North Plant,Body & Welding,4710.859,0.16,46.511,241.174,-1.162,0.98
2026-01-23 09:45:00,DE-NORTH,North Plant,Body & Welding,4491.136,0.16,53.055,262.274,-0.197,0.98
2026-01-23 10:00:00,DE-NORTH,North Plant,Body & Welding,4860.067,0.16,44.382,262.095,-0.659,0.98
2026-01-23 10:15:00,DE-NORTH,North Plant,Body & Welding,4689.968,0.16,57.737,220.383,-1.133,0.98
2026-01-23 10:30:00,DE-NORTH,North Plant,Body & Welding,4827.957,0.16,43.24,226.448,0.524,0.98
2026-01-23 10:45:00,DE-NORTH,North Plant,Body & Welding,4911.55,0.16,44.0,227.021,1.023,0.98
2026-01-23 11:00:00,DE-NORTH,North Plant,Body & Welding,4761.079,0.16,37.333,244.692,0.247,0.98
2026-01-23 11:15:00,DE-NORTH,North Plant,Body & Welding,4843.341,0.16,48.294,214.928,0.439,0.98
2026-01-23 11:30:00,DE-NORTH,North Plant,Body & Welding,4733.407,0.16,45.067,213.381,0.283,0.98
2026-01-23 11:45:00,DE-NORTH,North Plant,Body & Welding,4848.498,0.16,41.072,236.703,1.117,0.98
2026-01-23 12:00:00,DE-NORTH,North Plant,Body & Welding,4539.849,0.16,33.977,213.406,1.106,0.98
2026-01-23 12:15:00,DE-NORTH,North Plant,Body & Welding,4617.371,0.16,39.88,227.145,1.081,0.98
2026-01-23 12:30:00,DE-NORTH,North Plant,Body & Welding,4630.067,0.16,34.423,202.139,3.411,0.98
2026-01-23 12:45:00,DE-NORTH,North Plant,Body & Welding,4509.333,0.16,44.834,220.029,2.719,0.98
2026-01-23 13:00:00,DE-NORTH,North Plant,Body & Welding,4608.783,0.16,42.51,205.249,3.107,0.98
2026-01-23 13:15:00,DE-NORTH,North Plant,Body & Welding,4399.508,0.16,40.162,216.47,3.643,0.98
2026-01-23 13:30:00,DE-NORTH,North Plant,Body & Welding,4623.006,0.16,30.769,244.101,3.887,0.98
2026-01-23 13:45:00,DE-NORTH,North Plant,Body & Welding,4598.48,0.16,37.55,239.287,3.384,0.98
2026-01-23 14:00:00,DE-NORTH,North Plant,Body & Welding,4128.919,0.16,45.447,242.91,4.191,0.88
2026-01-23 14:15:00,DE-NORTH,North Plant,Body & Welding,4129.693,0.16,49.014,245.64,4.139,0.88
2026-01-23 14:30:00,DE-NORTH,North Plant,Body & Welding,4163.83,0.16,50.327,260.925,4.96,0.88
2026-01-23 14:45:00,DE-NORTH,North Plant,Body & Welding,3890.639,0.16,41.518,277.216,5.215,0.88
2026-01-23 15:00:00,DE-NORTH,North Plant,Body & Welding,3862.884,0.16,51.355,296.511,5.026,0.88
2026-01-23 15:15:00,DE-NORTH,North Plant,Body & Welding,4124.19,0.16,56.739,265.394,4.677,0.88
2026-01-23 15:30:00,DE-NORTH,North Plant,Body & Welding,4000.674,0.16,48.824,300.115,6.016,0.88
2026-01-23 15:45:00,DE-NORTH,North Plant,Body & Welding,3945.669,0.16,58.439,326.147,6.068,0.88
2026-01-23 16:00:00,DE-NORTH,North Plant,Body & Welding,3982.695,0.16,62.78,338.021,5.177,0.88
2026-01-23 16:15:00,DE-NORTH,North Plant,Body & Welding,3719.606,0.16,63.856,359.694,7.133,0.88
2026-01-23 16:30:00,DE-NORTH,North Plant,Body & Welding,3957.299,0.16,61.133,374.197,7.72,0.88
2026-01-23 16:45:00,DE-NORTH,North Plant,Body & Welding,3902.387,0.16,70.768,383.729,9.067,0.88
2026-01-23 17:00:00,DE-NORTH,North Plant,Body & Welding,4117.75,0.16,74.27,397.489,7.262,0.88
2026-01-23 17:15:00,DE-NORTH,North Plant,Body & Welding,4150.258,0.16,78.403,417.054,7.382,0.88
2026-01-23 17:30:00,DE-NORTH,North Plant,Body & Welding,4137.143,0.16,79.993,449.478,7.19,0.88
2026-01-23 17:45:00,DE-NORTH,North Plant,Body & Welding,4138.547,0.16,83.493,441.86,8.303,0.88
2026-01-23 18:00:00,DE-NORTH,North Plant,Body & Welding,3971.714,0.16,87.832,463.878,8.472,0.88
2026-01-23 18:15:00,DE-NORTH,North Plant,Body & Welding,4231.445,0.16,90.248,468.227,7.916,0.88
2026-01-23 18:30:00,DE-NORTH,North Plant,Body & Welding,4265.283,0.16,87.382,484.916,8.497,0.88
2026-01-23 18:45:00,DE-NORTH,North Plant,Body & Welding,4376.897,0.16,86.707,461.496,7.35,0.88
2026-01-23 19:00:00,DE-NORTH,North Plant,Body & Welding,4481.946,0.16,88.094,474.283,9.478,0.88
2026-01-23 19:15:00,DE-NORTH,North Plant,Body & Welding,4126.099,0.16,79.079,474.095,8.364,0.88
2026-01-23 19:30:00,DE-NORTH,North Plant,Body & Welding,4288.293,0.16,87.408,454.071,8.933,0.88
2026-01-23 19:45:00,DE-NORTH,North Plant,Body & Welding,4288.694,0.16,83.985,446.996,7.991,0.88
2026-01-23 20:00:00,DE-NORTH,North Plant,Body & Welding,4403.453,0.16,82.445,439.629,8.592,0.88
2026-01-23 20:15:00,DE-NORTH,North Plant,Body & Welding,4405.556,0.16,84.303,434.137,8.794,0.88
2026-01-23 20:30:00,DE-NORTH,North Plant,Body & Welding,4394.507,0.16,70.76,440.878,8.949,0.88
2026-01-23 20:45:00,DE-NORTH,North Plant,Body & Welding,4535.911,0.16,68.787,426.809,9.24,0.88
2026-01-23 21:00:00,DE-NORTH,North Plant,Body & Welding,4313.318,0.16,75.938,420.436,9.837,0.88
2026-01-23 21:15:00,DE-NORTH,North Plant,Body & Welding,4327.424,0.16,73.071,397.997,9.248,0.88
2026-01-23 21:30:00,DE-NORTH,North Plant,Body & Welding,4325.542,0.16,72.164,394.201,9.293,0.88
2026-01-23 21:45:00,DE-NORTH,North Plant,Body & Welding,4384.992,0.16,68.169,426.341,9.497,0.88
2026-01-23 22:00:00,DE-NORTH,North Plant,Body & Welding,3004.534,0.16,71.372,393.835,8.729,0.38
2026-01-23 22:15:00,DE-NORTH,North Plant,Body & Welding,3121.922,0.16,71.308,382.572,8.132,0.38
2026-01-23 22:30:00,DE-NORTH,North Plant,Body & Welding,3088.755,0.16,68.538,405.48,8.673,0.38
2026-01-23 22:45:00,DE-NORTH,North Plant,Body & Welding,3007.028,0.16,64.735,388.629,8.51,0.38
2026-01-23 23:00:00,DE-NORTH,North Plant,Body & Welding,3166.114,0.16,56.662,389.583,7.99,0.38
2026-01-23 23:15:00,DE-NORTH,North Plant,Body & Welding,3062.894,0.16,67.604,378.788,6.278,0.38
2026-01-23 23:30:00,DE-NORTH,North Plant,Body & Welding,3155.189,0.16,68.952,374.766,6.455,0.38
2026-01-23 23:45:00,DE-NORTH,North Plant,Body & Welding,2997.109,0.16,66.268,374.988,6.585,0.38
2026-01-24 00:00:00,DE-NORTH,North Plant,Body & Welding,2741.968,0.16,59.362,357.276,7.046,0.28
2026-01-24 00:15:00,DE-NORTH,North Plant,Body & Welding,2670.897,0.16,65.507,372.212,6.197,0.28
2026-01-24 00:30:00,DE-NORTH,North Plant,Body & Welding,2701.642,0.16,66.192,376.22,6.709,0.28
2026-01-24 00:45:00,DE-NORTH,North Plant,Body & Welding,2757.491,0.16,68.932,394.277,6.528,0.28
2026-01-24 01:00:00,DE-NORTH,North Plant,Body & Welding,2623.399,0.16,59.149,372.51,6.134,0.28
2026-01-24 01:15:00,DE-NORTH,North Plant,Body & Welding,2705.939,0.16,61.718,342.879,5.819,0.28
2026-01-24 01:30:00,DE-NORTH,North Plant,Body & Welding,2569.077,0.16,65.599,369.177,3.927,0.28
2026-01-24 01:45:00,DE-NORTH,North Plant,Body & Welding,2713.253,0.16,62.847,402.601,4.665,0.28
2026-01-24 02:00:00,DE-NORTH,North Plant,Body & Welding,2572.891,0.16,58.179,379.551,3.575,0.28
2026-01-24 02:15:00,DE-NORTH,North Plant,Body & Welding,2726.122,0.16,64.366,358.859,2.519,0.28
2026-01-24 02:30:00,DE-NORTH,North Plant,Body & Welding,2632.359,0.16,65.115,375.125,3.146,0.28
2026-01-24 02:45:00,DE-NORTH,North Plant,Body & Welding,2776.409,0.16,63.283,358.578,3.952,0.28
2026-01-24 03:00:00,DE-NORTH,North Plant,Body & Welding,2506.873,0.16,63.983,350.697,3.028,0.28
2026-01-24 03:15:00,DE-NORTH,North Plant,Body & Welding,2470.644,0.16,62.29,362.231,3.805,0.28
2026-01-24 03:30:00,DE-NORTH,North Plant,Body & Welding,2585.393,0.16,69.508,366.989,2.211,0.28
2026-01-24 03:45:00,DE-NORTH,North Plant,Body & Welding,2503.276,0.16,60.316,342.915,3.502,0.28
2026-01-24 04:00:00,DE-NORTH,North Plant,Body & Welding,2536.468,0.16,61.948,351.093,1.624,0.28
2026-01-24 04:15:00,DE-NORTH,North Plant,Body & Welding,2767.447,0.16,64.774,364.521,1.238,0.28
2026-01-24 04:30:00,DE-NORTH,North Plant,Body & Welding,2732.292,0.16,68.732,359.025,0.061,0.28
2026-01-24 04:45:00,DE-NORTH,North Plant,Body & Welding,2688.665,0.16,59.76,368.2,1.481,0.28
2026-01-24 05:00:00,DE-NORTH,North Plant,Body & Welding,2733.887,0.16,61.083,348.44,0.113,0.28
2026-01-24 05:15:00,DE-NORTH,North Plant,Body & Welding,2737.733,0.16,58.781,371.153,-0.212,0.28
2026-01-24 05:30:00,DE-NORTH,North Plant,Body & Welding,2985.387,0.16,67.691,347.96,0.93,0.28
2026-01-24 05:45:00,DE-NORTH,North Plant,Body & Welding,2760.646,0.16,63.724,381.476,0.653,0.28
2026-01-24 06:00:00,DE-NORTH,North Plant,Body & Welding,3169.845,0.16,67.289,340.787,0.462,0.46
2026-01-24 06:15:00,DE-NORTH,North Plant,Body & Welding,3429.225,0.16,70.182,336.449,-0.738,0.46
2026-01-24 06:30:00,DE-NORTH,North Plant,Body & Welding,3345.462,0.16,63.647,342.818,-0.655,0.46
2026-01-24 06:45:00,DE-NORTH,North Plant,Body & Welding,3604.567,0.16,65.774,346.145,-0.777,0.46
2026-01-24 07:00:00,DE-NORTH,North Plant,Body & Welding,3348.892,0.16,62.239,318.483,-0.282,0.46
2026-01-24 07:15:00,DE-NORTH,North Plant,Body & Welding,3503.963,0.16,64.656,310.196,0.184,0.46
2026-01-24 07:30:00,DE-NORTH,North Plant,Body & Welding,3549.974,0.16,62.339,292.651,-0.7,0.46
2026-01-24 07:45:00,DE-NORTH,North Plant,Body & Welding,3379.533,0.16,56.081,269.428,0.393,0.46
2026-01-24 08:00:00,DE-NORTH,North Plant,Body & Welding,3369.074,0.16,56.525,265.518,-0.372,0.46
2026-01-24 08:15:00,DE-NORTH,North Plant,Body & Welding,3534.092,0.16,59.671,246.905,-1.154,0.46
2026-01-24 08:30:00,DE-NORTH,North Plant,Body & Welding,3506.364,0.16,55.321,236.588,-0.377,0.46
2026-01-24 08:45:00,DE-NORTH,North Plant,Body & Welding,3284.947,0.16,46.378,247.714,0.29,0.46
2026-01-24 09:00:00,DE-NORTH,North Plant,Body & Welding,3301.865,0.16,52.789,220.889,0.569,0.46
2026-01-24 09:15:00,DE-NORTH,North Plant,Body & Welding,3145.382,0.16,44.03,230.226,0.096,0.46
2026-01-24 09:30:00,DE-NORTH,North Plant,Body & Welding,3464.645,0.16,52.24,203.379,-0.601,0.46
2026-01-24 09:45:00,DE-NORTH,North Plant,Body & Welding,3355.586,0.16,48.95,215.782,-0.636,0.46
2026-01-24 10:00:00,DE-NORTH,North Plant,Body & Welding,3337.115,0.16,44.341,200.231,0.073,0.46
2026-01-24 10:15:00,DE-NORTH,North Plant,Body & Welding,3143.278,0.16,42.223,217.517,1.014,0.46
2026-01-24 10:30:00,DE-NORTH,North Plant,Body & Welding,3186.989,0.16,39.278,199.762,0.337,0.46
2026-01-24 10:45:00,DE-NORTH,North Plant,Body & Welding,3223.517,0.16,41.472,206.665,0.559,0.46
2026-01-24 11:00:00,DE-NORTH,North Plant,Body & Welding,3176.865,0.16,36.063,179.467,0.5,0.46
2026-01-24 11:15:00,DE-NORTH,North Plant,Body & Welding,3233.354,0.16,37.433,186.667,0.474,0.46
2026-01-24 11:30:00,DE-NORTH,North Plant,Body & Welding,3252.439,0.16,39.095,172.455,0.843,0.46
2026-01-24 11:45:00,DE-NORTH,North Plant,Body & Welding,3399.785,0.16,32.657,178.295,1.317,0.46
2026-01-24 12:00:00,DE-NORTH,North Plant,Body & Welding,3122.229,0.16,31.928,179.956,2.703,0.46
2026-01-24 12:15:00,DE-NORTH,North Plant,Body & Welding,3231.123,0.16,29.302,175.064,1.621,0.46
2026-01-24 12:30:00,DE-NORTH,North Plant,Body & Welding,3003.261,0.16,29.713,170.714,2.123,0.46
2026-01-24 12:45:00,DE-NORTH,North Plant,Body & Welding,2902.285,0.16,26.76,170.738,1.787,0.46
2026-01-24 13:00:00,DE-NORTH,North Plant,Body & Welding,3014.611,0.16,37.313,162.925,3.208,0.46
2026-01-24 13:15:00,DE-NORTH,North Plant,Body & Welding,2867.28,0.16,42.174,182.559,3.981,0.46
2026-01-24 13:30:00,DE-NORTH,North Plant,Body & Welding,3026.426,0.16,41.416,207.963,4.485,0.46
2026-01-24 13:45:00,DE-NORTH,North Plant,Body & Welding,2948.313,0.16,30.228,187.449,3.815,0.46
2026-01-24 14:00:00,DE-NORTH,North Plant,Body & Welding,2638.365,0.16,40.9,197.449,4.402,0.38
2026-01-24 14:15:00,DE-NORTH,North Plant,Body & Welding,3033.578,0.16,45.215,243.664,4.22,0.38
2026-01-24 14:30:00,DE-NORTH,North Plant,Body & Welding,2796.159,0.16,39.493,223.943,5.022,0.38
2026-01-24 14:45:00,DE-NORTH,North Plant,Body & Welding,2691.493,0.16,43.792,245.961,5.195,0.38
2026-01-24 15:00:00,DE-NORTH,North Plant,Body & Welding,2971.905,0.16,37.695,261.465,5.335,0.38
2026-01-24 15:15:00,DE-NORTH,North Plant,Body & Welding,2815.619,0.16,49.403,274.459,5.704,0.38
2026-01-24 15:30:00,DE-NORTH,North Plant,Body & Welding,3021.836,0.16,46.949,262.05,6.23,0.38
2026-01-24 15:45:00,DE-NORTH,North Plant,Body & Welding,2854.986,0.16,55.107,292.33,6.006,0.38
2026-01-24 16:00:00,DE-NORTH,North Plant,Body & Welding,2895.751,0.16,51.375,291.332,6.33,0.38
2026-01-24 16:15:00,DE-NORTH,North Plant,Body & Welding,2997.059,0.16,63.267,356.464,7.973,0.38
2026-01-24 16:30:00,DE-NORTH,North Plant,Body & Welding,3038.621,0.16,68.783,324.848,8.941,0.38
2026-01-24 16:45:00,DE-NORTH,North Plant,Body & Welding,3106.979,0.16,65.192,348.59,6.454,0.38
2026-01-24 17:00:00,DE-NORTH,North Plant,Body & Welding,3039.35,0.16,67.401,365.909,6.654,0.38
2026-01-24 17:15:00,DE-NORTH,North Plant,Body & Welding,3123.319,0.16,66.861,377.464,7.089,0.38
2026-01-24 17:30:00,DE-NORTH,North Plant,Body & Welding,3159.878,0.16,77.794,428.216,7.894,0.38
2026-01-24 17:45:00,DE-NORTH,North Plant,Body & Welding,3113.558,0.16,79.68,456.902,8.784,0.38
2026-01-24 18:00:00,DE-NORTH,North Plant,Body & Welding,3095.317,0.16,78.66,437.033,8.744,0.38
2026-01-24 18:15:00,DE-NORTH,North Plant,Body & Welding,2974.553,0.16,87.299,429.242,8.605,0.38
2026-01-24 18:30:00,DE-NORTH,North Plant,Body & Welding,3196.926,0.16,83.947,419.383,8.99,0.38
2026-01-24 18:45:00,DE-NORTH,North Plant,Body & Welding,3154.082,0.16,81.333,443.202,8.25,0.38
2026-01-24 19:00:00,DE-NORTH,North Plant,Body & Welding,3106.911,0.16,82.942,441.033,8.659,0.38
2026-01-24 19:15:00,DE-NORTH,North Plant,Body & Welding,3283.398,0.16,88.633,434.589,8.89,0.38
2026-01-24 19:30:00,DE-NORTH,North Plant,Body & Welding,3007.334,0.16,85.648,441.648,7.848,0.38
2026-01-24 19:45:00,DE-NORTH,North Plant,Body & Welding,3320.661,0.16,81.358,439.502,8.176,0.38
2026-01-24 20:00:00,DE-NORTH,North Plant,Body & Welding,3135.95,0.16,82.81,433.788,8.215,0.38
2026-01-24 20:15:00,DE-NORTH,North Plant,Body & Welding,3145.937,0.16,74.023,420.862,9.524,0.38
2026-01-24 20:30:00,DE-NORTH,North Plant,Body & Welding,3059.495,0.16,77.069,405.985,9.129,0.38
2026-01-24 20:45:00,DE-NORTH,North Plant,Body & Welding,2905.669,0.16,75.803,421.747,9.332,0.38
2026-01-24 21:00:00,DE-NORTH,North Plant,Body & Welding,3063.425,0.16,71.66,408.638,7.542,0.38
2026-01-24 21:15:00,DE-NORTH,North Plant,Body & Welding,3089.294,0.16,73.704,414.201,7.696,0.38
2026-01-24 21:30:00,DE-NORTH,North Plant,Body & Welding,3087.464,0.16,67.392,408.508,9.084,0.38
2026-01-24 21:45:00,DE-NORTH,North Plant,Body & Welding,2996.371,0.16,71.256,377.959,6.539,0.38
2026-01-24 22:00:00,DE-NORTH,North Plant,Body & Welding,2492.057,0.16,70.292,374.349,9.187,0.28
2026-01-24 22:15:00,DE-NORTH,North Plant,Body & Welding,2560.462,0.16,55.45,379.588,6.881,0.28
2026-01-24 22:30:00,DE-NORTH,North Plant,Body & Welding,2898.585,0.16,71.076,373.616,8.557,0.28
2026-01-24 22:45:00,DE-NORTH,North Plant,Body & Welding,2561.16,0.16,53.472,393.497,7.137,0.28
2026-01-24 23:00:00,DE-NORTH,North Plant,Body & Welding,2794.388,0.16,62.684,387.25,8.27,0.28
2026-01-24 23:15:00,DE-NORTH,North Plant,Body & Welding,2515.589,0.16,68.856,395.226,9.542,0.28
2026-01-24 23:30:00,DE-NORTH,North Plant,Body & Welding,2619.477,0.16,63.195,386.138,5.453,0.28
2026-01-24 23:45:00,DE-NORTH,North Plant,Body & Welding,2672.775,0.16,58.395,383.514,7.265,0.28
2026-01-25 00:00:00,DE-NORTH,North Plant,Body & Welding,2530.742,0.16,59.246,393.445,5.234,0.28
2026-01-25 00:15:00,DE-NORTH,North Plant,Body & Welding,2763.75,0.16,67.829,385.27,6.51,0.28
2026-01-25 00:30:00,DE-NORTH,North Plant,Body & Welding,2607.584,0.16,56.142,381.029,5.769,0.28
2026-01-25 00:45:00,DE-NORTH,North Plant,Body & Welding,2647.654,0.16,68.457,398.55,5.698,0.28
2026-01-25 01:00:00,DE-NORTH,North Plant,Body & Welding,2583.811,0.16,63.843,382.733,4.656,0.28
2026-01-25 01:15:00,DE-NORTH,North Plant,Body & Welding,2677.891,0.16,59.428,378.257,5.522,0.28
2026-01-25 01:30:00,DE-NORTH,North Plant,Body & Welding,2801.944,0.16,62.014,372.406,3.639,0.28
2026-01-25 01:45:00,DE-NORTH,North Plant,Body & Welding,2618.392,0.16,60.445,391.437,5.196,0.28
2026-01-25 02:00:00,DE-NORTH,North Plant,Body & Welding,2842.932,0.16,68.167,398.377,3.714,0.28
2026-01-25 02:15:00,DE-NORTH,North Plant,Body & Welding,2624.065,0.16,67.847,383.447,2.691,0.28
2026-01-25 02:30:00,DE-NORTH,North Plant,Body & Welding,2769.628,0.16,58.286,400.26,4.464,0.28
2026-01-25 02:45:00,DE-NORTH,North Plant,Body & Welding,2776.173,0.16,63.829,361.425,2.977,0.28
2026-01-25 03:00:00,DE-NORTH,North Plant,Body & Welding,2623.825,0.16,62.311,384.887,4.041,0.28
2026-01-25 03:15:00,DE-NORTH,North Plant,Body & Welding,2789.108,0.16,71.301,385.546,3.248,0.28
2026-01-25 03:30:00,DE-NORTH,North Plant,Body & Welding,2807.712,0.16,61.138,377.765,1.528,0.28
2026-01-25 03:45:00,DE-NORTH,North Plant,Body & Welding,2738.34,0.16,73.416,415.544,1.729,0.28
2026-01-25 04:00:00,DE-NORTH,North Plant,Body & Welding,2889.404,0.16,67.377,386.577,1.585,0.28
2026-01-25 04:15:00,DE-NORTH,North Plant,Body & Welding,2881.551,0.16,63.425,382.898,2.291,0.28
2026-01-25 04:30:00,DE-NORTH,North Plant,Body & Welding,2888.838,0.16,65.974,388.507,1.262,0.28
2026-01-25 04:45:00,DE-NORTH,North Plant,Body & Welding,2911.751,0.16,66.131,364.55,0.827,0.28
2026-01-25 05:00:00,DE-NORTH,North Plant,Body & Welding,2930.433,0.16,64.931,379.837,0.325,0.28
2026-01-25 05:15:00,DE-NORTH,North Plant,Body & Welding,2915.83,0.16,71.129,401.11,0.205,0.28
2026-01-25 05:30:00,DE-NORTH,North Plant,Body & Welding,2972.254,0.16,66.575,382.103,0.946,0.28
2026-01-25 05:45:00,DE-NORTH,North Plant,Body & Welding,2908.48,0.16,63.506,380.025,-0.155,0.28
2026-01-25 06:00:00,DE-NORTH,North Plant,Body & Welding,3728.506,0.16,71.437,405.989,-0.607,0.46
2026-01-25 06:15:00,DE-NORTH,North Plant,Body & Welding,3305.504,0.16,64.547,395.198,-0.88,0.46
2026-01-25 06:30:00,DE-NORTH,North Plant,Body & Welding,3390.744,0.16,67.515,374.189,-1.007,0.46
2026-01-25 06:45:00,DE-NORTH,North Plant,Body & Welding,3399.732,0.16,65.607,351.473,-1.716,0.46
2026-01-25 07:00:00,DE-NORTH,North Plant,Body & Welding,3653.427,0.16,64.424,343.137,-1.355,0.46
2026-01-25 07:15:00,DE-NORTH,North Plant,Body & Welding,3272.071,0.16,74.517,325.612,0.145,0.46
2026-01-25 07:30:00,DE-NORTH,North Plant,Body & Welding,3451.215,0.16,65.278,312.797,-1.102,0.46
2026-01-25 07:45:00,DE-NORTH,North Plant,Body & Welding,3407.027,0.16,64.506,301.94,-0.496,0.46
2026-01-25 08:00:00,DE-NORTH,North Plant,Body & Welding,3416.439,0.16,54.826,297.107,-2.735,0.46
2026-01-25 08:15:00,DE-NORTH,North Plant,Body & Welding,3465.879,0.16,57.664,282.512,-0.591,0.46
2026-01-25 08:30:00,DE-NORTH,North Plant,Body & Welding,3443.103,0.16,59.437,266.965,-1.07,0.46
2026-01-25 08:45:00,DE-NORTH,North Plant,Body & Welding,3243.406,0.16,52.736,279.599,-1.241,0.46
2026-01-25 09:00:00,DE-NORTH,North Plant,Body & Welding,3278.914,0.16,58.7,271.492,-0.703,0.46
2026-01-25 09:15:00,DE-NORTH,North Plant,Body & Welding,3039.866,0.16,48.486,281.306,-1.082,0.46
2026-01-25 09:30:00,DE-NORTH,North Plant,Body & Welding,3230.161,0.16,50.396,245.64,-2.106,0.46
2026-01-25 09:45:00,DE-NORTH,North Plant,Body & Welding,3088.808,0.16,47.477,250.551,0.161,0.46
2026-01-25 10:00:00,DE-NORTH,North Plant,Body & Welding,3132.599,0.16,48.816,244.692,-0.16,0.46
2026-01-25 10:15:00,DE-NORTH,North Plant,Body & Welding,2956.316,0.16,44.015,232.466,-0.377,0.46
2026-01-25 10:30:00,DE-NORTH,North Plant,Body & Welding,3159.98,0.16,44.011,239.672,-0.643,0.46
2026-01-25 10:45:00,DE-NORTH,North Plant,Body & Welding,2925.271,0.16,42.787,235.949,-0.788,0.46
2026-01-25 11:00:00,DE-NORTH,North Plant,Body & Welding,3092.662,0.16,39.568,227.18,0.621,0.46
2026-01-25 11:15:00,DE-NORTH,North Plant,Body & Welding,2927.498,0.16,43.371,217.506,1.833,0.46
2026-01-25 11:30:00,DE-NORTH,North Plant,Body & Welding,2969.422,0.16,41.475,214.343,1.098,0.46
2026-01-25 11:45:00,DE-NORTH,North Plant,Body & Welding,3187.142,0.16,39.434,201.033,0.254,0.46
2026-01-25 12:00:00,DE-NORTH,North Plant,Body & Welding,3116.245,0.16,37.518,207.359,1.658,0.46
2026-01-25 12:15:00,DE-NORTH,North Plant,Body & Welding,3180.674,0.16,42.07,209.942,1.751,0.46
2026-01-25 12:30:00,DE-NORTH,North Plant,Body & Welding,3224.455,0.16,37.783,205.105,2.691,0.46
2026-01-25 12:45:00,DE-NORTH,North Plant,Body & Welding,2991.796,0.16,37.548,225.895,2.818,0.46
2026-01-25 13:00:00,DE-NORTH,North Plant,Body & Welding,3269.04,0.16,39.455,237.86,0.616,0.46
2026-01-25 13:15:00,DE-NORTH,North Plant,Body & Welding,2949.38,0.16,46.302,216.381,3.406,0.46
2026-01-25 13:30:00,DE-NORTH,North Plant,Body & Welding,3211.156,0.16,34.86,235.383,2.645,0.46
2026-01-25 13:45:00,DE-NORTH,North Plant,Body & Welding,3104.612,0.16,44.243,225.239,2.678,0.46
2026-01-25 14:00:00,DE-NORTH,North Plant,Body & Welding,2880.348,0.16,34.778,240.657,3.868,0.38
2026-01-25 14:15:00,DE-NORTH,North Plant,Body & Welding,3059.84,0.16,44.66,243.734,4.615,0.38
2026-01-25 14:30:00,DE-NORTH,North Plant,Body & Welding,3130.816,0.16,51.793,268.009,3.504,0.38
2026-01-25 14:45:00,DE-NORTH,North Plant,Body & Welding,3133.122,0.16,49.417,262.493,5.469,0.38
2026-01-25 15:00:00,DE-NORTH,North Plant,Body & Welding,3080.438,0.16,50.383,293.719,5.828,0.38
2026-01-25 15:15:00,DE-NORTH,North Plant,Body & Welding,3096.963,0.16,49.963,290.641,5.64,0.38
2026-01-25 15:30:00,DE-NORTH,North Plant,Body & Welding,3163.53,0.16,55.086,298.829,5.306,0.38
2026-01-25 15:45:00,DE-NORTH,North Plant,Body & Welding,3157.638,0.16,56.943,305.565,5.526,0.38
2026-01-25 16:00:00,DE-NORTH,North Plant,Body & Welding,3182.963,0.16,58.0,338.456,7.218,0.38
2026-01-25 16:15:00,DE-NORTH,North Plant,Body & Welding,3177.04,0.16,63.336,361.653,5.72,0.38
2026-01-25 16:30:00,DE-NORTH,North Plant,Body & Welding,3234.861,0.16,68.751,370.175,7.789,0.38
2026-01-25 16:45:00,DE-NORTH,North Plant,Body & Welding,2989.717,0.16,68.397,410.019,7.181,0.38
2026-01-25 17:00:00,DE-NORTH,North Plant,Body & Welding,3148.564,0.16,71.73,416.596,7.468,0.38
2026-01-25 17:15:00,DE-NORTH,North Plant,Body & Welding,3027.169,0.16,72.911,411.804,6.564,0.38
2026-01-25 17:30:00,DE-NORTH,North Plant,Body & Welding,3186.002,0.16,83.148,427.244,7.864,0.38
2026-01-25 17:45:00,DE-NORTH,North Plant,Body & Welding,3316.061,0.16,86.768,451.526,8.587,0.38
2026-01-25 18:00:00,DE-NORTH,North Plant,Body & Welding,3096.32,0.16,88.222,449.704,7.395,0.38
2026-01-25 18:15:00,DE-NORTH,North Plant,Body & Welding,3132.365,0.16,91.628,475.041,8.833,0.38
2026-01-25 18:30:00,DE-NORTH,North Plant,Body & Welding,3184.276,0.16,88.225,465.445,8.682,0.38
2026-01-25 18:45:00,DE-NORTH,North Plant,Body & Welding,2873.387,0.16,89.173,462.992,8.284,0.38
2026-01-25 19:00:00,DE-NORTH,North Plant,Body & Welding,3003.639,0.16,88.186,465.744,9.428,0.38
2026-01-25 19:15:00,DE-NORTH,North Plant,Body & Welding,3094.936,0.16,85.63,474.622,7.362,0.38
2026-01-25 19:30:00,DE-NORTH,North Plant,Body & Welding,2710.25,0.16,82.599,451.444,9.2,0.38
2026-01-25 19:45:00,DE-NORTH,North Plant,Body & Welding,2877.876,0.16,92.056,442.652,10.123,0.38
2026-01-25 20:00:00,DE-NORTH,North Plant,Body & Welding,3072.01,0.16,79.681,456.099,10.008,0.38
2026-01-25 20:15:00,DE-NORTH,North Plant,Body & Welding,3044.128,0.16,76.99,443.175,9.262,0.38
2026-01-25 20:30:00,DE-NORTH,North Plant,Body & Welding,2958.829,0.16,79.494,421.079,8.746,0.38
2026-01-25 20:45:00,DE-NORTH,North Plant,Body & Welding,2991.693,0.16,76.869,418.356,8.459,0.38
2026-01-25 21:00:00,DE-NORTH,North Plant,Body & Welding,2898.316,0.16,68.398,414.174,8.618,0.38
2026-01-25 21:15:00,DE-NORTH,North Plant,Body & Welding,2909.357,0.16,76.759,410.026,9.115,0.38
2026-01-25 21:30:00,DE-NORTH,North Plant,Body & Welding,2811.229,0.16,70.272,383.689,8.054,0.38
2026-01-25 21:45:00,DE-NORTH,North Plant,Body & Welding,2832.439,0.16,64.736,376.249,9.015,0.38
2026-01-25 22:00:00,DE-NORTH,North Plant,Body & Welding,2504.253,0.16,72.63,379.447,9.823,0.28
2026-01-25 22:15:00,DE-NORTH,North Plant,Body & Welding,2712.985,0.16,69.24,374.415,8.114,0.28
2026-01-25 22:30:00,DE-NORTH,North Plant,Body & Welding,2746.732,0.16,60.705,374.705,7.026,0.28
2026-01-25 22:45:00,DE-NORTH,North Plant,Body & Welding,2732.98,0.16,72.049,386.997,6.818,0.28
2026-01-25 23:00:00,DE-NORTH,North Plant,Body & Welding,2534.965,0.16,66.892,374.766,8.079,0.28
2026-01-25 23:15:00,DE-NORTH,North Plant,Body & Welding,2491.5,0.16,63.653,376.973,7.255,0.28
2026-01-25 23:30:00,DE-NORTH,North Plant,Body & Welding,2730.426,0.16,69.598,358.099,7.658,0.28
2026-01-25 23:45:00,DE-NORTH,North Plant,Body & Welding,2677.667,0.16,63.504,365.721,6.404,0.28
2026-01-05 00:00:00,DE-SOUTH,South Plant,Assembly & Charging,2570.25,0.19,64.261,374.663,6.911,0.38
2026-01-05 00:15:00,DE-SOUTH,South Plant,Assembly & Charging,2682.624,0.19,58.814,366.473,6.628,0.38
2026-01-05 00:30:00,DE-SOUTH,South Plant,Assembly & Charging,2862.937,0.19,65.913,380.776,5.406,0.38
2026-01-05 00:45:00,DE-SOUTH,South Plant,Assembly & Charging,2695.024,0.19,66.619,378.912,5.72,0.38
2026-01-05 01:00:00,DE-SOUTH,South Plant,Assembly & Charging,2603.949,0.19,55.008,372.77,6.833,0.38
2026-01-05 01:15:00,DE-SOUTH,South Plant,Assembly & Charging,2496.279,0.19,57.573,362.518,4.963,0.38
2026-01-05 01:30:00,DE-SOUTH,South Plant,Assembly & Charging,2766.449,0.19,63.279,372.964,4.167,0.38
2026-01-05 01:45:00,DE-SOUTH,South Plant,Assembly & Charging,2614.428,0.19,61.508,369.979,4.205,0.38
2026-01-05 02:00:00,DE-SOUTH,South Plant,Assembly & Charging,2442.497,0.19,62.735,354.232,4.065,0.38
2026-01-05 02:15:00,DE-SOUTH,South Plant,Assembly & Charging,2500.856,0.19,59.448,351.994,3.567,0.38
2026-01-05 02:30:00,DE-SOUTH,South Plant,Assembly & Charging,2450.385,0.19,66.469,375.866,3.325,0.38
2026-01-05 02:45:00,DE-SOUTH,South Plant,Assembly & Charging,2546.397,0.19,66.191,337.297,2.014,0.38
2026-01-05 03:00:00,DE-SOUTH,South Plant,Assembly & Charging,2557.798,0.19,63.515,370.428,2.032,0.38
2026-01-05 03:15:00,DE-SOUTH,South Plant,Assembly & Charging,2474.019,0.19,67.977,361.678,2.288,0.38
2026-01-05 03:30:00,DE-SOUTH,South Plant,Assembly & Charging,2577.171,0.19,65.606,382.575,1.971,0.38
2026-01-05 03:45:00,DE-SOUTH,South Plant,Assembly & Charging,2507.204,0.19,60.62,360.425,1.392,0.38
2026-01-05 04:00:00,DE-SOUTH,South Plant,Assembly & Charging,2585.564,0.19,65.907,373.741,1.376,0.38
2026-01-05 04:15:00,DE-SOUTH,South Plant,Assembly & Charging,2451.41,0.19,61.027,360.556,1.265,0.38
2026-01-05 04:30:00,DE-SOUTH,South Plant,Assembly & Charging,2749.946,0.19,68.858,366.187,1.579,0.38
2026-01-05 04:45:00,DE-SOUTH,South Plant,Assembly & Charging,2433.012,0.19,65.674,373.179,0.634,0.38
2026-01-05 05:00:00,DE-SOUTH,South Plant,Assembly & Charging,2402.998,0.19,65.706,358.315,0.744,0.38
2026-01-05 05:15:00,DE-SOUTH,South Plant,Assembly & Charging,2405.384,0.19,64.326,375.365,-0.138,0.38
2026-01-05 05:30:00,DE-SOUTH,South Plant,Assembly & Charging,2480.634,0.19,72.564,351.037,0.434,0.38
2026-01-05 05:45:00,DE-SOUTH,South Plant,Assembly & Charging,2358.529,0.19,67.689,366.066,0.106,0.38
2026-01-05 06:00:00,DE-SOUTH,South Plant,Assembly & Charging,3747.173,0.19,67.219,373.186,0.276,0.98
2026-01-05 06:15:00,DE-SOUTH,South Plant,Assembly & Charging,3574.7,0.19,66.229,358.189,0.015,0.98
2026-01-05 06:30:00,DE-SOUTH,South Plant,Assembly & Charging,3788.871,0.19,68.439,361.485,-0.207,0.98
2026-01-05 06:45:00,DE-SOUTH,South Plant,Assembly & Charging,3687.076,0.19,66.403,317.659,-0.804,0.98
2026-01-05 07:00:00,DE-SOUTH,South Plant,Assembly & Charging,3803.23,0.19,65.175,298.766,-0.658,0.98
2026-01-05 07:15:00,DE-SOUTH,South Plant,Assembly & Charging,3918.57,0.19,63.774,292.09,-0.159,0.98
2026-01-05 07:30:00,DE-SOUTH,South Plant,Assembly & Charging,4116.313,0.19,69.084,300.913,-1.414,0.98
2026-01-05 07:45:00,DE-SOUTH,South Plant,Assembly & Charging,3844.319,0.19,57.297,288.232,-1.429,0.98
2026-01-05 08:00:00,DE-SOUTH,South Plant,Assembly & Charging,3953.815,0.19,55.219,273.104,-0.873,0.98
2026-01-05 08:15:00,DE-SOUTH,South Plant,Assembly & Charging,3930.716,0.19,52.304,248.414,-0.699,0.98
2026-01-05 08:30:00,DE-SOUTH,South Plant,Assembly & Charging,3954.248,0.19,56.27,261.54,-1.534,0.98
2026-01-05 08:45:00,DE-SOUTH,South Plant,Assembly & Charging,3988.233,0.19,56.535,228.565,-0.956,0.98
2026-01-05 09:00:00,DE-SOUTH,South Plant,Assembly & Charging,4148.929,0.19,49.758,248.606,-0.895,0.98
2026-01-05 09:15:00,DE-SOUTH,South Plant,Assembly & Charging,4064.032,0.19,45.049,260.975,-2.285,0.98
2026-01-05 09:30:00,DE-SOUTH,South Plant,Assembly & Charging,4310.68,0.19,43.328,223.654,-0.773,0.98
2026-01-05 09:45:00,DE-SOUTH,South Plant,Assembly & Charging,4155.098,0.19,47.487,219.441,-0.594,0.98
2026-01-05 10:00:00,DE-SOUTH,South Plant,Assembly & Charging,4032.011,0.19,46.18,200.361,-0.442,0.98
2026-01-05 10:15:00,DE-SOUTH,South Plant,Assembly & Charging,4079.352,0.19,43.787,179.056,0.834,0.98
2026-01-05 10:30:00,DE-SOUTH,South Plant,Assembly & Charging,4054.297,0.19,37.466,188.746,-0.818,0.98
2026-01-05 10:45:00,DE-SOUTH,South Plant,Assembly & Charging,4186.682,0.19,39.696,178.784,-0.336,0.98
2026-01-05 11:00:00,DE-SOUTH,South Plant,Assembly & Charging,3966.066,0.19,38.016,171.195,-1.364,0.98
2026-01-05 11:15:00,DE-SOUTH,South Plant,Assembly & Charging,3959.977,0.19,37.363,206.646,0.367,0.98
2026-01-05 11:30:00,DE-SOUTH,South Plant,Assembly & Charging,4004.839,0.19,39.085,187.449,0.679,0.98
2026-01-05 11:45:00,DE-SOUTH,South Plant,Assembly & Charging,4094.749,0.19,35.786,187.722,0.865,0.98
2026-01-05 12:00:00,DE-SOUTH,South Plant,Assembly & Charging,4104.213,0.19,37.089,179.261,2.275,0.98
2026-01-05 12:15:00,DE-SOUTH,South Plant,Assembly & Charging,4087.905,0.19,34.325,181.53,2.391,0.98
2026-01-05 12:30:00,DE-SOUTH,South Plant,Assembly & Charging,3983.511,0.19,35.097,196.666,2.141,0.98
2026-01-05 12:45:00,DE-SOUTH,South Plant,Assembly & Charging,3896.836,0.19,36.563,187.065,2.133,0.98
2026-01-05 13:00:00,DE-SOUTH,South Plant,Assembly & Charging,3930.655,0.19,28.524,197.085,3.424,0.98
2026-01-05 13:15:00,DE-SOUTH,South Plant,Assembly & Charging,3728.037,0.19,33.613,192.561,3.011,0.98
2026-01-05 13:30:00,DE-SOUTH,South Plant,Assembly & Charging,3635.827,0.19,33.782,195.967,2.775,0.98
2026-01-05 13:45:00,DE-SOUTH,South Plant,Assembly & Charging,3813.933,0.19,34.12,189.352,2.472,0.98
2026-01-05 14:00:00,DE-SOUTH,South Plant,Assembly & Charging,3441.638,0.19,36.838,189.701,3.691,0.88
2026-01-05 14:15:00,DE-SOUTH,South Plant,Assembly & Charging,3490.259,0.19,45.44,218.566,4.855,0.88
2026-01-05 14:30:00,DE-SOUTH,South Plant,Assembly & Charging,3471.491,0.19,37.785,231.755,6.246,0.88
2026-01-05 14:45:00,DE-SOUTH,South Plant,Assembly & Charging,3477.135,0.19,47.183,226.136,5.019,0.88
2026-01-05 15:00:00,DE-SOUTH,South Plant,Assembly & Charging,3527.287,0.19,38.913,252.771,4.758,0.88
2026-01-05 15:15:00,DE-SOUTH,South Plant,Assembly & Charging,3507.031,0.19,46.91,266.548,4.778,0.88
2026-01-05 15:30:00,DE-SOUTH,South Plant,Assembly & Charging,3428.112,0.19,51.763,253.807,6.3,0.88
2026-01-05 15:45:00,DE-SOUTH,South Plant,Assembly & Charging,3381.972,0.19,56.558,283.451,4.976,0.88
2026-01-05 16:00:00,DE-SOUTH,South Plant,Assembly & Charging,3414.676,0.19,60.364,314.937,6.885,0.88
2026-01-05 16:15:00,DE-SOUTH,South Plant,Assembly & Charging,3353.293,0.19,64.165,331.021,7.35,0.88
2026-01-05 16:30:00,DE-SOUTH,South Plant,Assembly & Charging,3400.086,0.19,63.181,329.381,7.349,0.88
2026-01-05 16:45:00,DE-SOUTH,South Plant,Assembly & Charging,3670.22,0.19,66.363,362.276,7.143,0.88
2026-01-05 17:00:00,DE-SOUTH,South Plant,Assembly & Charging,3461.514,0.19,75.264,389.848,7.931,0.88
2026-01-05 17:15:00,DE-SOUTH,South Plant,Assembly & Charging,3507.854,0.19,74.599,403.905,7.879,0.88
2026-01-05 17:30:00,DE-SOUTH,South Plant,Assembly & Charging,3432.939,0.19,73.633,409.973,7.422,0.88
2026-01-05 17:45:00,DE-SOUTH,South Plant,Assembly & Charging,3594.804,0.19,77.346,421.323,9.453,0.88
2026-01-05 18:00:00,DE-SOUTH,South Plant,Assembly & Charging,3613.77,0.19,81.055,434.273,8.084,0.88
2026-01-05 18:15:00,DE-SOUTH,South Plant,Assembly & Charging,3634.842,0.19,87.342,449.761,9.027,0.88
2026-01-05 18:30:00,DE-SOUTH,South Plant,Assembly & Charging,3636.599,0.19,86.18,447.607,6.926,0.88
2026-01-05 18:45:00,DE-SOUTH,South Plant,Assembly & Charging,3713.763,0.19,88.257,452.703,9.628,0.88
2026-01-05 19:00:00,DE-SOUTH,South Plant,Assembly & Charging,3762.645,0.19,83.309,445.412,9.858,0.88
2026-01-05 19:15:00,DE-SOUTH,South Plant,Assembly & Charging,3711.556,0.19,84.836,451.213,8.925,0.88
2026-01-05 19:30:00,DE-SOUTH,South Plant,Assembly & Charging,3698.249,0.19,85.591,439.092,9.348,0.88
2026-01-05 19:45:00,DE-SOUTH,South Plant,Assembly & Charging,3813.103,0.19,80.491,443.127,9.38,0.88
2026-01-05 20:00:00,DE-SOUTH,South Plant,Assembly & Charging,3680.998,0.19,82.009,439.298,8.55,0.88
2026-01-05 20:15:00,DE-SOUTH,South Plant,Assembly & Charging,3707.696,0.19,75.865,413.925,9.372,0.88
2026-01-05 20:30:00,DE-SOUTH,South Plant,Assembly & Charging,3791.813,0.19,75.332,396.419,8.391,0.88
2026-01-05 20:45:00,DE-SOUTH,South Plant,Assembly & Charging,3649.534,0.19,73.53,431.181,8.478,0.88
2026-01-05 21:00:00,DE-SOUTH,South Plant,Assembly & Charging,3875.656,0.19,68.598,410.461,9.618,0.88
2026-01-05 21:15:00,DE-SOUTH,South Plant,Assembly & Charging,3718.532,0.19,73.751,381.853,9.417,0.88
2026-01-05 21:30:00,DE-SOUTH,South Plant,Assembly & Charging,3773.327,0.19,68.476,389.341,8.125,0.88
2026-01-05 21:45:00,DE-SOUTH,South Plant,Assembly & Charging,3791.444,0.19,69.106,403.157,7.971,0.88
2026-01-05 22:00:00,DE-SOUTH,South Plant,Assembly & Charging,2703.438,0.19,69.846,387.074,7.878,0.38
2026-01-05 22:15:00,DE-SOUTH,South Plant,Assembly & Charging,2650.593,0.19,68.743,381.379,8.67,0.38
2026-01-05 22:30:00,DE-SOUTH,South Plant,Assembly & Charging,2676.449,0.19,68.814,401.97,7.267,0.38
2026-01-05 22:45:00,DE-SOUTH,South Plant,Assembly & Charging,2654.364,0.19,65.107,370.735,8.009,0.38
2026-01-05 23:00:00,DE-SOUTH,South Plant,Assembly & Charging,2601.639,0.19,63.293,372.326,8.058,0.38
2026-01-05 23:15:00,DE-SOUTH,South Plant,Assembly & Charging,2561.502,0.19,64.274,383.446,7.235,0.38
2026-01-05 23:30:00,DE-SOUTH,South Plant,Assembly & Charging,2702.985,0.19,57.554,384.944,7.751,0.38
2026-01-05 23:45:00,DE-SOUTH,South Plant,Assembly & Charging,2406.987,0.19,58.312,385.85,6.565,0.38
2026-01-06 00:00:00,DE-SOUTH,South Plant,Assembly & Charging,2558.466,0.19,58.172,388.874,6.35,0.38
2026-01-06 00:15:00,DE-SOUTH,South Plant,Assembly & Charging,2521.48,0.19,59.575,380.915,5.527,0.38
2026-01-06 00:30:00,DE-SOUTH,South Plant,Assembly & Charging,2569.321,0.19,65.271,384.994,6.625,0.38
2026-01-06 00:45:00,DE-SOUTH,South Plant,Assembly & Charging,2396.108,0.19,60.165,376.594,5.071,0.38
2026-01-06 01:00:00,DE-SOUTH,South Plant,Assembly & Charging,2458.446,0.19,62.398,381.036,5.539,0.38
2026-01-06 01:15:00,DE-SOUTH,South Plant,Assembly & Charging,2483.147,0.19,69.244,382.146,4.926,0.38
2026-01-06 01:30:00,DE-SOUTH,South Plant,Assembly & Charging,2583.597,0.19,62.773,384.002,3.916,0.38
2026-01-06 01:45:00,DE-SOUTH,South Plant,Assembly & Charging,2504.513,0.19,67.317,391.248,3.901,0.38
2026-01-06 02:00:00,DE-SOUTH,South Plant,Assembly & Charging,2347.208,0.19,60.824,389.189,4.968,0.38
2026-01-06 02:15:00,DE-SOUTH,South Plant,Assembly & Charging,2413.979,0.19,63.954,383.598,3.814,0.38
2026-01-06 02:30:00,DE-SOUTH,South Plant,Assembly & Charging,2544.884,0.19,61.224,373.888,2.641,0.38
2026-01-06 02:45:00,DE-SOUTH,South Plant,Assembly & Charging,2349.705,0.19,63.952,384.93,3.238,0.38
2026-01-06 03:00:00,DE-SOUTH,South Plant,Assembly & Charging,2458.734,0.19,68.992,384.291,2.604,0.38
2026-01-06 03:15:00,DE-SOUTH,South Plant,Assembly & Charging,2447.66,0.19,59.089,387.444,4.811,0.38
2026-01-06 03:30:00,DE-SOUTH,South Plant,Assembly & Charging,2446.694,0.19,68.15,412.09,2.286,0.38
2026-01-06 03:45:00,DE-SOUTH,South Plant,Assembly & Charging,2742.157,0.19,67.828,379.8,1.522,0.38
2026-01-06 04:00:00,DE-SOUTH,South Plant,Assembly & Charging,2465.74,0.19,65.016,391.613,2.494,0.38
2026-01-06 04:15:00,DE-SOUTH,South Plant,Assembly & Charging,2584.35,0.19,62.174,399.814,-0.067,0.38
2026-01-06 04:30:00,DE-SOUTH,South Plant,Assembly & Charging,2481.398,0.19,68.862,388.6,1.022,0.38
2026-01-06 04:45:00,DE-SOUTH,South Plant,Assembly & Charging,2606.119,0.19,67.114,415.896,2.099,0.38
2026-01-06 05:00:00,DE-SOUTH,South Plant,Assembly & Charging,2674.443,0.19,70.859,383.708,0.383,0.38
2026-01-06 05:15:00,DE-SOUTH,South Plant,Assembly & Charging,2577.846,0.19,70.74,392.52,-0.973,0.38
2026-01-06 05:30:00,DE-SOUTH,South Plant,Assembly & Charging,2640.104,0.19,77.801,379.415,-0.244,0.38
2026-01-06 05:45:00,DE-SOUTH,South Plant,Assembly & Charging,2574.931,0.19,71.181,385.136,0.861,0.38
2026-01-06 06:00:00,DE-SOUTH,South Plant,Assembly & Charging,3857.384,0.19,68.778,392.678,-0.067,0.98
2026-01-06 06:15:00,DE-SOUTH,South Plant,Assembly & Charging,4093.935,0.19,72.397,388.72,-1.072,0.98
2026-01-06 06:30:00,DE-SOUTH,South Plant,Assembly & Charging,3979.286,0.19,71.33,371.298,-1.099,0.98
2026-01-06 06:45:00,DE-SOUTH,South Plant,Assembly & Charging,3837.918,0.19,74.612,371.563,-1.126,0.98
2026-01-06 07:00:00,DE-SOUTH,South Plant,Assembly & Charging,4231.204,0.19,71.186,344.426,-0.577,0.98
2026-01-06 07:15:00,DE-SOUTH,South Plant,Assembly & Charging,4013.201,0.19,67.882,330.867,0.033,0.98
2026-01-06 07:30:00,DE-SOUTH,South Plant,Assembly & Charging,4081.012,0.19,70.852,356.809,-0.221,0.98
2026-01-06 07:45:00,DE-SOUTH,South Plant,Assembly & Charging,4266.414,0.19,58.722,318.869,-0.67,0.98
2026-01-06 08:00:00,DE-SOUTH,South Plant,Assembly & Charging,4125.21,0.19,59.33,295.592,-1.932,0.98
2026-01-06 08:15:00,DE-SOUTH,South Plant,Assembly & Charging,4125.175,0.19,56.536,286.337,-1.919,0.98
2026-01-06 08:30:00,DE-SOUTH,South Plant,Assembly & Charging,4013.419,0.19,56.985,274.196,-0.584,0.98
2026-01-06 08:45:00,DE-SOUTH,South Plant,Assembly & Charging,3982.305,0.19,51.301,288.022,-1.846,0.98
2026-01-06 09:00:00,DE-SOUTH,South Plant,Assembly & Charging,4094.334,0.19,57.588,264.159,-0.988,0.98
2026-01-06 09:15:00,DE-SOUTH,South Plant,Assembly & Charging,4121.575,0.19,52.393,262.319,-0.522,0.98
2026-01-06 09:30:00,DE-SOUTH,South Plant,Assembly & Charging,4105.77,0.19,45.648,252.831,-1.416,0.98
2026-01-06 09:45:00,DE-SOUTH,South Plant,Assembly & Charging,4009.765,0.19,45.755,255.748,-1.201,0.98
2026-01-06 10:00:00,DE-SOUTH,South Plant,Assembly & Charging,4020.807,0.19,49.415,230.79,-0.396,0.98
2026-01-06 10:15:00,DE-SOUTH,South Plant,Assembly & Charging,3819.22,0.19,49.936,222.655,0.195,0.98
2026-01-06 10:30:00,DE-SOUTH,South Plant,Assembly & Charging,3989.791,0.19,53.094,233.521,0.776,0.98
2026-01-06 10:45:00,DE-SOUTH,South Plant,Assembly & Charging,3932.365,0.19,55.405,233.986,0.666,0.98
2026-01-06 11:00:00,DE-SOUTH,South Plant,Assembly & Charging,4064.705,0.19,44.187,227.408,0.516,0.98
2026-01-06 11:15:00,DE-SOUTH,South Plant,Assembly & Charging,3858.88,0.19,37.502,211.066,0.181,0.98
2026-01-06 11:30:00,DE-SOUTH,South Plant,Assembly & Charging,3741.589,0.19,32.028,227.006,0.207,0.98
2026-01-06 11:45:00,DE-SOUTH,South Plant,Assembly & Charging,3785.102,0.19,40.899,208.801,0.865,0.98
2026-01-06 12:00:00,DE-SOUTH,South Plant,Assembly & Charging,3722.713,0.19,36.034,211.091,1.787,0.98
2026-01-06 12:15:00,DE-SOUTH,South Plant,Assembly & Charging,3763.268,0.19,37.273,206.434,2.024,0.98
2026-01-06 12:30:00,DE-SOUTH,South Plant,Assembly & Charging,3717.994,0.19,36.334,234.6,0.617,0.98
2026-01-06 12:45:00,DE-SOUTH,South Plant,Assembly & Charging,3570.786,0.19,38.273,228.646,1.843,0.98
2026-01-06 13:00:00,DE-SOUTH,South Plant,Assembly & Charging,3504.675,0.19,43.366,231.225,3.549,0.98
2026-01-06 13:15:00,DE-SOUTH,South Plant,Assembly & Charging,3669.232,0.19,40.215,242.745,3.08,0.98
2026-01-06 13:30:00,DE-SOUTH,South Plant,Assembly & Charging,3770.722,0.19,39.664,266.269,2.355,0.98
2026-01-06 13:45:00,DE-SOUTH,South Plant,Assembly & Charging,3621.717,0.19,37.102,217.707,5.322,0.98
2026-01-06 14:00:00,DE-SOUTH,South Plant,Assembly & Charging,3507.391,0.19,35.738,236.058,3.98,0.88
2026-01-06 14:15:00,DE-SOUTH,South Plant,Assembly & Charging,3525.959,0.19,41.936,245.26,4.596,0.88
2026-01-06 14:30:00,DE-SOUTH,South Plant,Assembly & Charging,3466.401,0.19,45.373,251.244,4.932,0.88
2026-01-06 14:45:00,DE-SOUTH,South Plant,Assembly & Charging,3386.12,0.19,54.634,258.406,4.718,0.88
2026-01-06 15:00:00,DE-SOUTH,South Plant,Assembly & Charging,3494.872,0.19,50.326,278.712,4.785,0.88
2026-01-06 15:15:00,DE-SOUTH,South Plant,Assembly & Charging,3584.657,0.19,56.244,279.748,7.092,0.88
2026-01-06 15:30:00,DE-SOUTH,South Plant,Assembly & Charging,3553.101,0.19,53.077,311.431,6.616,0.88
2026-01-06 15:45:00,DE-SOUTH,South Plant,Assembly & Charging,3597.985,0.19,53.328,322.039,6.787,0.88
2026-01-06 16:00:00,DE-SOUTH,South Plant,Assembly & Charging,3516.563,0.19,57.403,342.03,6.903,0.88
2026-01-06 16:15:00,DE-SOUTH,South Plant,Assembly & Charging,3578.159,0.19,61.719,357.869,6.076,0.88
2026-01-06 16:30:00,DE-SOUTH,South Plant,Assembly & Charging,3597.538,0.19,76.598,375.022,7.938,0.88
2026-01-06 16:45:00,DE-SOUTH,South Plant,Assembly & Charging,3646.352,0.19,68.311,379.586,6.707,0.88
2026-01-06 17:00:00,DE-SOUTH,South Plant,Assembly & Charging,3775.585,0.19,78.443,425.829,7.734,0.88
2026-01-06 17:15:00,DE-SOUTH,South Plant,Assembly & Charging,3498.944,0.19,74.877,419.266,6.612,0.88
2026-01-06 17:30:00,DE-SOUTH,South Plant,Assembly & Charging,3740.32,0.19,85.451,409.689,6.538,0.88
2026-01-06 17:45:00,DE-SOUTH,South Plant,Assembly & Charging,3736.25,0.19,86.269,434.859,8.38,0.88
2026-01-06 18:00:00,DE-SOUTH,South Plant,Assembly & Charging,3647.499,0.19,86.814,439.89,7.764,0.88
2026-01-06 18:15:00,DE-SOUTH,South Plant,Assembly & Charging,3856.152,0.19,87.751,462.285,7.092,0.88
2026-01-06 18:30:00,DE-SOUTH,South Plant,Assembly & Charging,3725.78,0.19,85.404,460.692,8.998,0.88
2026-01-06 18:45:00,DE-SOUTH,South Plant,Assembly & Charging,3757.01,0.19,89.541,455.355,10.219,0.88
2026-01-06 19:00:00,DE-SOUTH,South Plant,Assembly & Charging,3965.869,0.19,85.304,482.706,9.802,0.88
2026-01-06 19:15:00,DE-SOUTH,South Plant,Assembly & Charging,3903.014,0.19,81.249,461.622,8.724,0.88
2026-01-06 19:30:00,DE-SOUTH,South Plant,Assembly & Charging,3858.917,0.19,79.767,459.203,8.963,0.88
2026-01-06 19:45:00,DE-SOUTH,South Plant,Assembly & Charging,3828.197,0.19,84.048,433.941,9.611,0.88
2026-01-06 20:00:00,DE-SOUTH,South Plant,Assembly & Charging,3766.376,0.19,87.964,427.118,9.785,0.88
2026-01-06 20:15:00,DE-SOUTH,South Plant,Assembly & Charging,3956.582,0.19,80.453,433.125,8.749,0.88
2026-01-06 20:30:00,DE-SOUTH,South Plant,Assembly & Charging,3827.943,0.19,77.444,428.132,8.981,0.88
2026-01-06 20:45:00,DE-SOUTH,South Plant,Assembly & Charging,3665.127,0.19,77.166,397.146,9.114,0.88
2026-01-06 21:00:00,DE-SOUTH,South Plant,Assembly & Charging,3580.901,0.19,79.403,410.797,9.217,0.88
2026-01-06 21:15:00,DE-SOUTH,South Plant,Assembly & Charging,3736.722,0.19,73.307,406.985,8.641,0.88
2026-01-06 21:30:00,DE-SOUTH,South Plant,Assembly & Charging,3653.012,0.19,69.166,398.519,8.535,0.88
2026-01-06 21:45:00,DE-SOUTH,South Plant,Assembly & Charging,3490.378,0.19,73.767,386.128,9.45,0.88
2026-01-06 22:00:00,DE-SOUTH,South Plant,Assembly & Charging,2586.523,0.19,69.751,384.749,9.177,0.38
2026-01-06 22:15:00,DE-SOUTH,South Plant,Assembly & Charging,2509.071,0.19,73.041,384.992,8.492,0.38
2026-01-06 22:30:00,DE-SOUTH,South Plant,Assembly & Charging,2553.21,0.19,66.655,384.637,9.17,0.38
2026-01-06 22:45:00,DE-SOUTH,South Plant,Assembly & Charging,2541.877,0.19,60.201,387.748,7.489,0.38
2026-01-06 23:00:00,DE-SOUTH,South Plant,Assembly & Charging,2416.716,0.19,58.941,390.866,8.672,0.38
2026-01-06 23:15:00,DE-SOUTH,South Plant,Assembly & Charging,2521.232,0.19,70.454,372.176,7.676,0.38
2026-01-06 23:30:00,DE-SOUTH,South Plant,Assembly & Charging,2387.805,0.19,70.286,368.398,9.334,0.38
2026-01-06 23:45:00,DE-SOUTH,South Plant,Assembly & Charging,2414.824,0.19,62.301,377.581,5.943,0.38
2026-01-07 00:00:00,DE-SOUTH,South Plant,Assembly & Charging,2395.012,0.19,60.682,376.535,6.017,0.38
2026-01-07 00:15:00,DE-SOUTH,South Plant,Assembly & Charging,2532.527,0.19,67.997,363.429,6.505,0.38
2026-01-07 00:30:00,DE-SOUTH,South Plant,Assembly & Charging,2404.28,0.19,57.667,377.566,6.191,0.38
2026-01-07 00:45:00,DE-SOUTH,South Plant,Assembly & Charging,2543.961,0.19,58.469,379.286,6.972,0.38
2026-01-07 01:00:00,DE-SOUTH,South Plant,Assembly & Charging,2604.216,0.19,64.585,382.49,4.826,0.38
2026-01-07 01:15:00,DE-SOUTH,South Plant,Assembly & Charging,2374.236,0.19,60.412,387.798,5.609,0.38
2026-01-07 01:30:00,DE-SOUTH,South Plant,Assembly & Charging,2187.048,0.19,61.966,355.54,5.466,0.38
2026-01-07 01:45:00,DE-SOUTH,South Plant,Assembly & Charging,2560.984,0.19,61.349,365.593,4.82,0.38
2026-01-07 02:00:00,DE-SOUTH,South Plant,Assembly & Charging,2464.282,0.19,63.395,365.062,3.327,0.38
2026-01-07 02:15:00,DE-SOUTH,South Plant,Assembly & Charging,2419.248,0.19,67.745,363.262,4.658,0.38
2026-01-07 02:30:00,DE-SOUTH,South Plant,Assembly & Charging,2466.171,0.19,62.582,356.173,4.208,0.38
2026-01-07 02:45:00,DE-SOUTH,South Plant,Assembly & Charging,2508.539,0.19,64.939,345.676,3.444,0.38
2026-01-07 03:00:00,DE-SOUTH,South Plant,Assembly & Charging,2688.898,0.19,54.349,364.167,2.849,0.38
2026-01-07 03:15:00,DE-SOUTH,South Plant,Assembly & Charging,2610.678,0.19,62.588,353.401,2.551,0.38
2026-01-07 03:30:00,DE-SOUTH,South Plant,Assembly & Charging,2738.562,0.19,59.695,363.234,2.031,0.38
2026-01-07 03:45:00,DE-SOUTH,South Plant,Assembly & Charging,2686.979,0.19,58.532,352.269,2.237,0.38
2026-01-07 04:00:00,DE-SOUTH,South Plant,Assembly & Charging,2642.862,0.19,60.289,348.214,1.522,0.38
2026-01-07 04:15:00,DE-SOUTH,South Plant,Assembly & Charging,2664.631,0.19,62.914,363.849,0.628,0.38
2026-01-07 04:30:00,DE-SOUTH,South Plant,Assembly & Charging,2773.186,0.19,68.416,362.493,0.222,0.38
2026-01-07 04:45:00,DE-SOUTH,South Plant,Assembly & Charging,2814.052,0.19,59.998,367.295,0.177,0.38
2026-01-07 05:00:00,DE-SOUTH,South Plant,Assembly & Charging,2840.564,0.19,66.019,386.253,0.62,0.38
2026-01-07 05:15:00,DE-SOUTH,South Plant,Assembly & Charging,2744.009,0.19,64.586,363.047,0.222,0.38
2026-01-07 05:30:00,DE-SOUTH,South Plant,Assembly & Charging,2793.795,0.19,65.86,365.256,0.184,0.38
2026-01-07 05:45:00,DE-SOUTH,South Plant,Assembly & Charging,2837.778,0.19,71.838,346.238,0.193,0.38
2026-01-07 06:00:00,DE-SOUTH,South Plant,Assembly & Charging,4091.932,0.19,70.629,343.478,-0.769,0.98
2026-01-07 06:15:00,DE-SOUTH,South Plant,Assembly & Charging,4013.114,0.19,72.555,366.24,0.542,0.98
2026-01-07 06:30:00,DE-SOUTH,South Plant,Assembly & Charging,4053.443,0.19,65.285,324.559,-0.807,0.98
2026-01-07 06:45:00,DE-SOUTH,South Plant,Assembly & Charging,4099.335,0.19,61.777,311.625,-1.038,0.98
2026-01-07 07:00:00,DE-SOUTH,South Plant,Assembly & Charging,4163.465,0.19,62.273,312.361,-0.492,0.98
2026-01-07 07:15:00,DE-SOUTH,South Plant,Assembly & Charging,4218.277,0.19,62.692,300.64,-2.189,0.98
2026-01-07 07:30:00,DE-SOUTH,South Plant,Assembly & Charging,3956.417,0.19,60.922,280.045,-1.511,0.98
2026-01-07 07:45:00,DE-SOUTH,South Plant,Assembly & Charging,3989.455,0.19,54.31,276.676,-0.303,0.98
2026-01-07 08:00:00,DE-SOUTH,South Plant,Assembly & Charging,4004.007,0.19,57.383,284.9,-2.216,0.98
2026-01-07 08:15:00,DE-SOUTH,South Plant,Assembly & Charging,4059.069,0.19,56.253,250.683,-0.207,0.98
2026-01-07 08:30:00,DE-SOUTH,South Plant,Assembly & Charging,3906.501,0.19,63.684,234.275,0.101,0.98
2026-01-07 08:45:00,DE-SOUTH,South Plant,Assembly & Charging,3896.309,0.19,59.363,253.432,-1.163,0.98
2026-01-07 09:00:00,DE-SOUTH,South Plant,Assembly & Charging,3770.265,0.19,46.667,239.665,-0.625,0.98
2026-01-07 09:15:00,DE-SOUTH,South Plant,Assembly & Charging,3901.904,0.19,47.155,218.499,0.049,0.98
2026-01-07 09:30:00,DE-SOUTH,South Plant,Assembly & Charging,3822.335,0.19,40.696,199.732,-0.946,0.98
2026-01-07 09:45:00,DE-SOUTH,South Plant,Assembly & Charging,3737.181,0.19,42.474,203.172,0.123,0.98
2026-01-07 10:00:00,DE-SOUTH,South Plant,Assembly & Charging,3753.771,0.19,44.45,205.485,-0.8,0.98
2026-01-07 10:15:00,DE-SOUTH,South Plant,Assembly & Charging,3849.876,0.19,46.448,214.836,-0.492,0.98
2026-01-07 10:30:00,DE-SOUTH,South Plant,Assembly & Charging,3635.824,0.19,37.251,183.812,-0.526,0.98
2026-01-07 10:45:00,DE-SOUTH,South Plant,Assembly & Charging,3621.446,0.19,36.218,191.359,0.481,0.98
2026-01-07 11:00:00,DE-SOUTH,South Plant,Assembly & Charging,3786.872,0.19,29.056,197.336,1.275,0.98
2026-01-07 11:15:00,DE-SOUTH,South Plant,Assembly & Charging,3677.137,0.19,35.963,158.279,0.574,0.98
2026-01-07 11:30:00,DE-SOUTH,South Plant,Assembly & Charging,3729.262,0.19,31.503,197.656,0.066,0.98
2026-01-07 11:45:00,DE-SOUTH,South Plant,Assembly & Charging,3699.325,0.19,32.956,170.251,0.464,0.98
2026-01-07 12:00:00,DE-SOUTH,South Plant,Assembly & Charging,3649.643,0.19,31.077,188.425,1.776,0.98
2026-01-07 12:15:00,DE-SOUTH,South Plant,Assembly & Charging,3615.776,0.19,33.916,188.232,3.079,0.98
2026-01-07 12:30:00,DE-SOUTH,South Plant,Assembly & Charging,3740.875,0.19,27.176,199.967,2.362,0.98
2026-01-07 12:45:00,DE-SOUTH,South Plant,Assembly & Charging,3788.954,0.19,28.463,196.116,2.122,0.98
2026-01-07 13:00:00,DE-SOUTH,South Plant,Assembly & Charging,3790.47,0.19,43.19,164.43,3.242,0.98
2026-01-07 13:15:00,DE-SOUTH,South Plant,Assembly & Charging,3613.247,0.19,30.089,187.922,2.857,0.98
2026-01-07 13:30:00,DE-SOUTH,South Plant,Assembly & Charging,3861.286,0.19,31.649,204.341,3.083,0.98
2026-01-07 13:45:00,DE-SOUTH,South Plant,Assembly & Charging,3741.033,0.19,44.422,206.685,3.002,0.98
2026-01-07 14:00:00,DE-SOUTH,South Plant,Assembly & Charging,3510.456,0.19,49.983,222.131,4.986,0.88
2026-01-07 14:15:00,DE-SOUTH,South Plant,Assembly & Charging,3617.464,0.19,35.222,234.317,2.55,0.88
2026-01-07 14:30:00,DE-SOUTH,South Plant,Assembly & Charging,3711.376,0.19,40.248,241.688,5.211,0.88
2026-01-07 14:45:00,DE-SOUTH,South Plant,Assembly & Charging,3721.24,0.19,45.172,242.473,4.651,0.88
2026-01-07 15:00:00,DE-SOUTH,South Plant,Assembly & Charging,3675.788,0.19,53.079,234.665,5.007,0.88
2026-01-07 15:15:00,DE-SOUTH,South Plant,Assembly & Charging,3784.756,0.19,44.844,264.23,6.792,0.88
2026-01-07 15:30:00,DE-SOUTH,South Plant,Assembly & Charging,3762.308,0.19,50.695,288.621,5.414,0.88
2026-01-07 15:45:00,DE-SOUTH,South Plant,Assembly & Charging,3719.093,0.19,57.907,285.441,5.735,0.88
2026-01-07 16:00:00,DE-SOUTH,South Plant,Assembly & Charging,3721.459,0.19,59.864,321.861,6.409,0.88
2026-01-07 16:15:00,DE-SOUTH,South Plant,Assembly & Charging,3833.432,0.19,60.111,341.652,7.068,0.88
2026-01-07 16:30:00,DE-SOUTH,South Plant,Assembly & Charging,3806.628,0.19,64.684,349.255,6.735,0.88
2026-01-07 16:45:00,DE-SOUTH,South Plant,Assembly & Charging,3705.876,0.19,63.375,328.244,6.195,0.88
2026-01-07 17:00:00,DE-SOUTH,South Plant,Assembly & Charging,3904.591,0.19,71.559,366.999,6.93,0.88
2026-01-07 17:15:00,DE-SOUTH,South Plant,Assembly & Charging,3769.554,0.19,74.995,422.088,8.656,0.88
2026-01-07 17:30:00,DE-SOUTH,South Plant,Assembly & Charging,3959.779,0.19,80.377,409.541,8.019,0.88
2026-01-07 17:45:00,DE-SOUTH,South Plant,Assembly & Charging,3678.715,0.19,80.384,408.217,8.473,0.88
2026-01-07 18:00:00,DE-SOUTH,South Plant,Assembly & Charging,3780.854,0.19,87.36,461.835,8.147,0.88
2026-01-07 18:15:00,DE-SOUTH,South Plant,Assembly & Charging,3720.303,0.19,90.158,449.586,8.023,0.88
2026-01-07 18:30:00,DE-SOUTH,South Plant,Assembly & Charging,3659.114,0.19,86.998,463.89,9.794,0.88
2026-01-07 18:45:00,DE-SOUTH,South Plant,Assembly & Charging,3693.062,0.19,87.68,453.918,8.603,0.88
2026-01-07 19:00:00,DE-SOUTH,South Plant,Assembly & Charging,3872.324,0.19,86.019,454.85,8.519,0.88
2026-01-07 19:15:00,DE-SOUTH,South Plant,Assembly & Charging,3687.322,0.19,85.0,451.328,9.671,0.88
2026-01-07 19:30:00,DE-SOUTH,South Plant,Assembly & Charging,3586.582,0.19,81.008,451.971,8.452,0.88
2026-01-07 19:45:00,DE-SOUTH,South Plant,Assembly & Charging,3462.106,0.19,83.808,466.738,8.573,0.88
2026-01-07 20:00:00,DE-SOUTH,South Plant,Assembly & Charging,3436.929,0.19,80.613,446.244,9.007,0.88
2026-01-07 20:15:00,DE-SOUTH,South Plant,Assembly & Charging,3513.33,0.19,87.712,410.399,8.989,0.88
2026-01-07 20:30:00,DE-SOUTH,South Plant,Assembly & Charging,3473.359,0.19,83.909,429.294,9.139,0.88
2026-01-07 20:45:00,DE-SOUTH,South Plant,Assembly & Charging,3469.506,0.19,77.435,432.2,10.368,0.88
2026-01-07 21:00:00,DE-SOUTH,South Plant,Assembly & Charging,3271.653,0.19,71.167,427.675,9.065,0.88
2026-01-07 21:15:00,DE-SOUTH,South Plant,Assembly & Charging,3463.712,0.19,68.192,403.181,7.07,0.88
2026-01-07 21:30:00,DE-SOUTH,South Plant,Assembly & Charging,3525.455,0.19,75.958,417.764,8.848,0.88
2026-01-07 21:45:00,DE-SOUTH,South Plant,Assembly & Charging,3564.498,0.19,70.947,410.904,8.511,0.88
2026-01-07 22:00:00,DE-SOUTH,South Plant,Assembly & Charging,2248.677,0.19,70.682,427.168,8.361,0.38
2026-01-07 22:15:00,DE-SOUTH,South Plant,Assembly & Charging,2340.16,0.19,60.814,384.375,8.33,0.38
2026-01-07 22:30:00,DE-SOUTH,South Plant,Assembly & Charging,2335.001,0.19,70.695,384.899,7.947,0.38
2026-01-07 22:45:00,DE-SOUTH,South Plant,Assembly & Charging,2426.067,0.19,68.147,385.427,7.722,0.38
2026-01-07 23:00:00,DE-SOUTH,South Plant,Assembly & Charging,2302.658,0.19,61.368,381.783,7.965,0.38
2026-01-07 23:15:00,DE-SOUTH,South Plant,Assembly & Charging,2579.267,0.19,63.524,375.947,6.917,0.38
2026-01-07 23:30:00,DE-SOUTH,South Plant,Assembly & Charging,2445.042,0.19,66.168,352.774,6.38,0.38
2026-01-07 23:45:00,DE-SOUTH,South Plant,Assembly & Charging,2415.576,0.19,65.112,380.288,8.894,0.38
2026-01-08 00:00:00,DE-SOUTH,South Plant,Assembly & Charging,2612.197,0.19,63.086,387.918,5.999,0.38
2026-01-08 00:15:00,DE-SOUTH,South Plant,Assembly & Charging,2480.115,0.19,63.933,378.09,6.282,0.38
2026-01-08 00:30:00,DE-SOUTH,South Plant,Assembly & Charging,2549.247,0.19,63.435,407.745,4.866,0.38
2026-01-08 00:45:00,DE-SOUTH,South Plant,Assembly & Charging,2456.556,0.19,65.157,385.181,5.689,0.38
2026-01-08 01:00:00,DE-SOUTH,South Plant,Assembly & Charging,2431.624,0.19,70.544,401.002,4.641,0.38
2026-01-08 01:15:00,DE-SOUTH,South Plant,Assembly & Charging,2520.965,0.19,54.513,389.123,4.666,0.38
2026-01-08 01:30:00,DE-SOUTH,South Plant,Assembly & Charging,2787.104,0.19,63.969,396.366,5.384,0.38
2026-01-08 01:45:00,DE-SOUTH,South Plant,Assembly & Charging,2676.024,0.19,65.776,390.249,4.657,0.38
2026-01-08 02:00:00,DE-SOUTH,South Plant,Assembly & Charging,2667.371,0.19,66.429,403.759,4.398,0.38
2026-01-08 02:15:00,DE-SOUTH,South Plant,Assembly & Charging,2594.531,0.19,63.958,388.426,2.433,0.38
2026-01-08 02:30:00,DE-SOUTH,South Plant,Assembly & Charging,2761.181,0.19,58.649,394.113,4.633,0.38
2026-01-08 02:45:00,DE-SOUTH,South Plant,Assembly & Charging,2598.458,0.19,67.253,392.946,2.19,0.38
2026-01-08 03:00:00,DE-SOUTH,South Plant,Assembly & Charging,2578.75,0.19,73.154,385.464,3.776,0.38
2026-01-08 03:15:00,DE-SOUTH,South Plant,Assembly & Charging,2688.791,0.19,60.456,394.141,3.108,0.38
2026-01-08 03:30:00,DE-SOUTH,South Plant,Assembly & Charging,2931.171,0.19,70.441,416.434,2.491,0.38
2026-01-08 03:45:00,DE-SOUTH,South Plant,Assembly & Charging,2946.26,0.19,66.114,386.699,1.19,0.38
2026-01-08 04:00:00,DE-SOUTH,South Plant,Assembly & Charging,2734.883,0.19,67.676,395.282,1.606,0.38
2026-01-08 04:15:00,DE-SOUTH,South Plant,Assembly & Charging,2723.098,0.19,64.253,405.629,0.893,0.38
2026-01-08 04:30:00,DE-SOUTH,South Plant,Assembly & Charging,2633.367,0.19,67.718,404.487,0.977,0.38
2026-01-08 04:45:00,DE-SOUTH,South Plant,Assembly & Charging,2787.526,0.19,74.891,391.195,0.528,0.38
2026-01-08 05:00:00,DE-SOUTH,South Plant,Assembly & Charging,2802.075,0.19,72.693,362.684,-0.963,0.38
2026-01-08 05:15:00,DE-SOUTH,South Plant,Assembly & Charging,2827.969,0.19,77.991,397.696,1.026,0.38
2026-01-08 05:30:00,DE-SOUTH,South Plant,Assembly & Charging,2836.109,0.19,76.488,365.054,-0.024,0.38
2026-01-08 05:45:00,DE-SOUTH,South Plant,Assembly & Charging,2725.558,0.19,74.253,409.499,-0.497,0.38
2026-01-08 06:00:00,DE-SOUTH,South Plant,Assembly & Charging,4070.346,0.19,80.179,394.045,-0.722,0.98
2026-01-08 06:15:00,DE-SOUTH,South Plant,Assembly & Charging,3923.702,0.19,73.74,392.693,-0.233,0.98
2026-01-08 06:30:00,DE-SOUTH,South Plant,Assembly & Charging,4014.716,0.19,74.04,358.586,-1.245,0.98
2026-01-08 06:45:00,DE-SOUTH,South Plant,Assembly & Charging,3899.706,0.19,68.239,339.573,-2.313,0.98
2026-01-08 07:00:00,DE-SOUTH,South Plant,Assembly & Charging,3936.743,0.19,68.334,350.25,-0.545,0.98
2026-01-08 07:15:00,DE-SOUTH,South Plant,Assembly & Charging,3897.225,0.19,63.859,335.808,-0.541,0.98
2026-01-08 07:30:00,DE-SOUTH,South Plant,Assembly & Charging,3843.468,0.19,69.123,319.624,-1.097,0.98
2026-01-08 07:45:00,DE-SOUTH,South Plant,Assembly & Charging,3885.679,0.19,58.901,316.115,-1.793,0.98
2026-01-08 08:00:00,DE-SOUTH,South Plant,Assembly & Charging,3636.217,0.19,65.128,338.196,-0.938,0.98
2026-01-08 08:15:00,DE-SOUTH,South Plant,Assembly & Charging,3666.979,0.19,59.56,305.243,-2.014,0.98
2026-01-08 08:30:00,DE-SOUTH,South Plant,Assembly & Charging,3712.723,0.19,63.28,298.459,-1.676,0.98
2026-01-08 08:45:00,DE-SOUTH,South Plant,Assembly & Charging,3585.799,0.19,59.833,287.065,-1.429,0.98
2026-01-08 09:00:00,DE-SOUTH,South Plant,Assembly & Charging,3652.232,0.19,62.323,286.238,-0.239,0.98
2026-01-08 09:15:00,DE-SOUTH,South Plant,Assembly & Charging,3651.925,0.19,56.169,258.26,-0.988,0.98
2026-01-08 09:30:00,DE-SOUTH,South Plant,Assembly & Charging,3796.704,0.19,45.179,228.483,-0.933,0.98
2026-01-08 09:45:00,DE-SOUTH,South Plant,Assembly & Charging,3671.818,0.19,49.456,244.052,0.884,0.98
2026-01-08 10:00:00,DE-SOUTH,South Plant,Assembly & Charging,3764.25,0.19,43.35,249.836,-0.083,0.98
2026-01-08 10:15:00,DE-SOUTH,South Plant,Assembly & Charging,3704.61,0.19,44.36,222.869,0.08,0.98
2026-01-08 10:30:00,DE-SOUTH,South Plant,Assembly & Charging,3644.195,0.19,50.973,227.459,-0.226,0.98
2026-01-08 10:45:00,DE-SOUTH,South Plant,Assembly & Charging,3720.001,0.19,46.092,217.022,-0.177,0.98
2026-01-08 11:00:00,DE-SOUTH,South Plant,Assembly & Charging,3802.389,0.19,39.498,239.795,-1.066,0.98
2026-01-08 11:15:00,DE-SOUTH,South Plant,Assembly & Charging,3842.979,0.19,37.143,227.932,1.381,0.98
2026-01-08 11:30:00,DE-SOUTH,South Plant,Assembly & Charging,3751.036,0.19,40.397,224.663,1.27,0.98
2026-01-08 11:45:00,DE-SOUTH,South Plant,Assembly & Charging,3645.075,0.19,34.645,222.965,1.097,0.98
2026-01-08 12:00:00,DE-SOUTH,South Plant,Assembly & Charging,3666.182,0.19,36.257,214.495,1.404,0.98
2026-01-08 12:15:00,DE-SOUTH,South Plant,Assembly & Charging,3814.125,0.19,39.812,217.542,2.304,0.98
2026-01-08 12:30:00,DE-SOUTH,South Plant,Assembly & Charging,3678.427,0.19,43.008,201.993,0.998,0.98
2026-01-08 12:45:00,DE-SOUTH,South Plant,Assembly & Charging,4072.769,0.19,40.85,191.86,1.98,0.98
2026-01-08 13:00:00,DE-SOUTH,South Plant,Assembly & Charging,3997.066,0.19,29.491,222.645,1.91,0.98
2026-01-08 13:15:00,DE-SOUTH,South Plant,Assembly & Charging,3892.64,0.19,40.334,228.375,4.265,0.98
2026-01-08 13:30:00,DE-SOUTH,South Plant,Assembly & Charging,3881.071,0.19,40.092,243.571,3.96,0.98
2026-01-08 13:45:00,DE-SOUTH,South Plant,Assembly & Charging,4117.236,0.19,42.384,253.455,2.131,0.98
2026-01-08 14:00:00,DE-SOUTH,South Plant,Assembly & Charging,3720.332,0.19,48.362,259.982,2.94,0.88
2026-01-08 14:15:00,DE-SOUTH,South Plant,Assembly & Charging,3733.77,0.19,35.067,236.748,4.234,0.88
2026-01-08 14:30:00,DE-SOUTH,South Plant,Assembly & Charging,3769.677,0.19,42.641,253.148,4.322,0.88
2026-01-08 14:45:00,DE-SOUTH,South Plant,Assembly & Charging,3861.691,0.19,49.322,272.879,4.048,0.88
2026-01-08 15:00:00,DE-SOUTH,South Plant,Assembly & Charging,3887.094,0.19,42.856,308.33,6.655,0.88
2026-01-08 15:15:00,DE-SOUTH,South Plant,Assembly & Charging,3948.401,0.19,57.575,307.615,5.826,0.88
2026-01-08 15:30:00,DE-SOUTH,South Plant,Assembly & Charging,3928.095,0.19,55.887,316.222,6.246,0.88
2026-01-08 15:45:00,DE-SOUTH,South Plant,Assembly & Charging,3832.191,0.19,60.776,312.021,5.727,0.88
2026-01-08 16:00:00,DE-SOUTH,South Plant,Assembly & Charging,3899.913,0.19,58.285,320.799,7.006,0.88
2026-01-08 16:15:00,DE-SOUTH,South Plant,Assembly & Charging,3737.421,0.19,67.164,356.271,6.512,0.88
2026-01-08 16:30:00,DE-SOUTH,South Plant,Assembly & Charging,3611.783,0.19,71.633,349.501,6.845,0.88
2026-01-08 16:45:00,DE-SOUTH,South Plant,Assembly & Charging,3684.426,0.19,71.789,376.03,7.724,0.88
2026-01-08 17:00:00,DE-SOUTH,South Plant,Assembly & Charging,3660.728,0.19,75.274,393.729,6.395,0.88
2026-01-08 17:15:00,DE-SOUTH,South Plant,Assembly & Charging,3624.489,0.19,78.805,430.212,8.877,0.88
2026-01-08 17:30:00,DE-SOUTH,South Plant,Assembly & Charging,3574.02,0.19,77.495,422.347,8.094,0.88
2026-01-08 17:45:00,DE-SOUTH,South Plant,Assembly & Charging,3579.299,0.19,83.351,412.106,9.054,0.88
2026-01-08 18:00:00,DE-SOUTH,South Plant,Assembly & Charging,3660.87,0.19,86.033,461.252,7.577,0.88
2026-01-08 18:15:00,DE-SOUTH,South Plant,Assembly & Charging,3726.43,0.19,88.643,448.051,7.838,0.88
2026-01-08 18:30:00,DE-SOUTH,South Plant,Assembly & Charging,3387.407,0.19,91.209,456.973,7.806,0.88
2026-01-08 18:45:00,DE-SOUTH,South Plant,Assembly & Charging,3387.382,0.19,82.702,454.196,8.91,0.88
2026-01-08 19:00:00,DE-SOUTH,South Plant,Assembly & Charging,3405.912,0.19,85.798,449.511,8.876,0.88
2026-01-08 19:15:00,DE-SOUTH,South Plant,Assembly & Charging,3524.988,0.19,91.247,458.705,8.579,0.88
2026-01-08 19:30:00,DE-SOUTH,South Plant,Assembly & Charging,3419.825,0.19,81.07,426.255,8.247,0.88
2026-01-08 19:45:00,DE-SOUTH,South Plant,Assembly & Charging,3356.788,0.19,79.231,433.05,8.103,0.88
2026-01-08 20:00:00,DE-SOUTH,South Plant,Assembly & Charging,3463.787,0.19,81.618,441.444,8.966,0.88
2026-01-08 20:15:00,DE-SOUTH,South Plant,Assembly & Charging,3478.343,0.19,82.351,419.437,8.663,0.88
2026-01-08 20:30:00,DE-SOUTH,South Plant,Assembly & Charging,3386.609,0.19,77.125,400.873,8.477,0.88
2026-01-08 20:45:00,DE-SOUTH,South Plant,Assembly & Charging,3298.237,0.19,80.5,421.576,9.987,0.88
2026-01-08 21:00:00,DE-SOUTH,South Plant,Assembly & Charging,3411.024,0.19,76.77,420.584,8.772,0.88
2026-01-08 21:15:00,DE-SOUTH,South Plant,Assembly & Charging,3364.339,0.19,74.964,400.445,9.624,0.88
2026-01-08 21:30:00,DE-SOUTH,South Plant,Assembly & Charging,3388.723,0.19,72.198,371.768,8.246,0.88
2026-01-08 21:45:00,DE-SOUTH,South Plant,Assembly & Charging,3375.431,0.19,77.828,398.595,8.656,0.88
2026-01-08 22:00:00,DE-SOUTH,South Plant,Assembly & Charging,2529.69,0.19,66.398,365.581,8.291,0.38
2026-01-08 22:15:00,DE-SOUTH,South Plant,Assembly & Charging,2497.762,0.19,58.074,385.146,6.969,0.38
2026-01-08 22:30:00,DE-SOUTH,South Plant,Assembly & Charging,2566.083,0.19,71.537,367.281,8.967,0.38
2026-01-08 22:45:00,DE-SOUTH,South Plant,Assembly & Charging,2625.341,0.19,62.475,361.018,7.665,0.38
2026-01-08 23:00:00,DE-SOUTH,South Plant,Assembly & Charging,2562.844,0.19,64.062,367.108,8.058,0.38
2026-01-08 23:15:00,DE-SOUTH,South Plant,Assembly & Charging,2510.029,0.19,68.316,368.101,6.77,0.38
2026-01-08 23:30:00,DE-SOUTH,South Plant,Assembly & Charging,2669.228,0.19,56.221,360.816,6.928,0.38
2026-01-08 23:45:00,DE-SOUTH,South Plant,Assembly & Charging,2646.581,0.19,57.265,374.158,6.171,0.38
2026-01-09 00:00:00,DE-SOUTH,South Plant,Assembly & Charging,2848.023,0.19,55.075,358.711,7.365,0.38
2026-01-09 00:15:00,DE-SOUTH,South Plant,Assembly & Charging,2671.041,0.19,58.255,375.362,6.429,0.38
2026-01-09 00:30:00,DE-SOUTH,South Plant,Assembly & Charging,2727.224,0.19,63.149,366.523,6.17,0.38
2026-01-09 00:45:00,DE-SOUTH,South Plant,Assembly & Charging,2703.679,0.19,63.456,354.341,6.558,0.38
2026-01-09 01:00:00,DE-SOUTH,South Plant,Assembly & Charging,2688.079,0.19,62.446,351.898,6.104,0.38
2026-01-09 01:15:00,DE-SOUTH,South Plant,Assembly & Charging,2692.167,0.19,55.686,342.112,5.511,0.38
2026-01-09 01:30:00,DE-SOUTH,South Plant,Assembly & Charging,2770.385,0.19,52.111,364.98,3.657,0.38
2026-01-09 01:45:00,DE-SOUTH,South Plant,Assembly & Charging,2796.056,0.19,61.604,356.86,3.84,0.38
2026-01-09 02:00:00,DE-SOUTH,South Plant,Assembly & Charging,2862.57,0.19,59.561,332.29,3.297,0.38
2026-01-09 02:15:00,DE-SOUTH,South Plant,Assembly & Charging,2778.659,0.19,63.378,353.986,4.182,0.38
2026-01-09 02:30:00,DE-SOUTH,South Plant,Assembly & Charging,2714.312,0.19,64.474,349.277,3.467,0.38
2026-01-09 02:45:00,DE-SOUTH,South Plant,Assembly & Charging,2735.628,0.19,62.384,378.691,2.051,0.38
2026-01-09 03:00:00,DE-SOUTH,South Plant,Assembly & Charging,2632.734,0.19,65.081,339.06,2.574,0.38
2026-01-09 03:15:00,DE-SOUTH,South Plant,Assembly & Charging,2902.783,0.19,63.215,341.927,1.347,0.38
2026-01-09 03:30:00,DE-SOUTH,South Plant,Assembly & Charging,2684.197,0.19,64.727,372.291,2.049,0.38
2026-01-09 03:45:00,DE-SOUTH,South Plant,Assembly & Charging,2818.541,0.19,60.152,375.02,0.63,0.38
2026-01-09 04:00:00,DE-SOUTH,South Plant,Assembly & Charging,2726.368,0.19,62.671,349.586,1.87,0.38
2026-01-09 04:15:00,DE-SOUTH,South Plant,Assembly & Charging,2713.455,0.19,64.651,350.747,1.487,0.38
2026-01-09 04:30:00,DE-SOUTH,South Plant,Assembly & Charging,2647.092,0.19,67.674,365.553,2.292,0.38
2026-01-09 04:45:00,DE-SOUTH,South Plant,Assembly & Charging,2575.506,0.19,63.394,330.079,1.297,0.38
2026-01-09 05:00:00,DE-SOUTH,South Plant,Assembly & Charging,2548.953,0.19,67.674,335.536,0.168,0.38
2026-01-09 05:15:00,DE-SOUTH,South Plant,Assembly & Charging,2763.737,0.19,65.179,354.388,0.813,0.38
2026-01-09 05:30:00,DE-SOUTH,South Plant,Assembly & Charging,2615.034,0.19,66.447,376.263,-0.945,0.38
2026-01-09 05:45:00,DE-SOUTH,South Plant,Assembly & Charging,2684.867,0.19,70.92,352.363,-0.831,0.38
2026-01-09 06:00:00,DE-SOUTH,South Plant,Assembly & Charging,3892.836,0.19,60.307,358.752,-0.097,0.98
2026-01-09 06:15:00,DE-SOUTH,South Plant,Assembly & Charging,3724.802,0.19,61.851,359.67,-1.995,0.98
2026-01-09 06:30:00,DE-SOUTH,South Plant,Assembly & Charging,3764.104,0.19,59.834,359.941,-0.645,0.98
2026-01-09 06:45:00,DE-SOUTH,South Plant,Assembly & Charging,3719.34,0.19,55.114,316.448,-1.449,0.98
2026-01-09 07:00:00,DE-SOUTH,South Plant,Assembly & Charging,3589.446,0.19,60.373,312.047,-0.759,0.98
2026-01-09 07:15:00,DE-SOUTH,South Plant,Assembly & Charging,3675.349,0.19,64.665,323.208,-1.658,0.98
2026-01-09 07:30:00,DE-SOUTH,South Plant,Assembly & Charging,3728.844,0.19,59.051,272.432,-0.66,0.98
2026-01-09 07:45:00,DE-SOUTH,South Plant,Assembly & Charging,3632.699,0.19,59.443,292.692,-0.976,0.98
2026-01-09 08:00:00,DE-SOUTH,South Plant,Assembly & Charging,3641.917,0.19,61.411,258.156,-0.02,0.98
2026-01-09 08:15:00,DE-SOUTH,South Plant,Assembly & Charging,3672.848,0.19,60.713,262.016,-0.985,0.98
2026-01-09 08:30:00,DE-SOUTH,South Plant,Assembly & Charging,3895.639,0.19,53.428,248.721,-1.495,0.98
2026-01-09 08:45:00,DE-SOUTH,South Plant,Assembly & Charging,3552.543,0.19,57.389,231.459,-1.077,0.98
2026-01-09 09:00:00,DE-SOUTH,South Plant,Assembly & Charging,3789.703,0.19,50.596,222.995,-1.771,0.98
2026-01-09 09:15:00,DE-SOUTH,South Plant,Assembly & Charging,3731.972,0.19,45.131,230.496,-0.45,0.98
2026-01-09 09:30:00,DE-SOUTH,South Plant,Assembly & Charging,3721.028,0.19,44.376,232.095,-0.207,0.98
2026-01-09 09:45:00,DE-SOUTH,South Plant,Assembly & Charging,3767.921,0.19,39.147,212.176,1.244,0.98
2026-01-09 10:00:00,DE-SOUTH,South Plant,Assembly & Charging,3903.648,0.19,39.895,208.803,-0.765,0.98
2026-01-09 10:15:00,DE-SOUTH,South Plant,Assembly & Charging,3936.333,0.19,40.48,209.713,-0.345,0.98
2026-01-09 10:30:00,DE-SOUTH,South Plant,Assembly & Charging,3920.406,0.19,43.696,186.792,-0.37,0.98
2026-01-09 10:45:00,DE-SOUTH,South Plant,Assembly & Charging,4026.592,0.19,46.059,203.637,0.389,0.98
2026-01-09 11:00:00,DE-SOUTH,South Plant,Assembly & Charging,4070.417,0.19,32.484,201.638,0.732,0.98
2026-01-09 11:15:00,DE-SOUTH,South Plant,Assembly & Charging,4060.341,0.19,38.578,220.85,0.666,0.98
2026-01-09 11:30:00,DE-SOUTH,South Plant,Assembly & Charging,3955.168,0.19,32.009,183.667,1.717,0.98
2026-01-09 11:45:00,DE-SOUTH,South Plant,Assembly & Charging,4083.462,0.19,37.415,182.047,0.79,0.98
2026-01-09 12:00:00,DE-SOUTH,South Plant,Assembly & Charging,4092.153,0.19,34.527,196.942,2.19,0.98
2026-01-09 12:15:00,DE-SOUTH,South Plant,Assembly & Charging,3992.766,0.19,27.461,198.541,2.166,0.98
2026-01-09 12:30:00,DE-SOUTH,South Plant,Assembly & Charging,3940.553,0.19,38.434,184.133,2.078,0.98
2026-01-09 12:45:00,DE-SOUTH,South Plant,Assembly & Charging,3909.322,0.19,32.448,188.428,2.172,0.98
2026-01-09 13:00:00,DE-SOUTH,South Plant,Assembly & Charging,4081.389,0.19,33.096,203.365,4.405,0.98
2026-01-09 13:15:00,DE-SOUTH,South Plant,Assembly & Charging,4122.915,0.19,31.54,191.471,2.453,0.98
2026-01-09 13:30:00,DE-SOUTH,South Plant,Assembly & Charging,3975.557,0.19,34.02,201.963,3.556,0.98
2026-01-09 13:45:00,DE-SOUTH,South Plant,Assembly & Charging,4172.451,0.19,39.407,214.445,3.148,0.98
2026-01-09 14:00:00,DE-SOUTH,South Plant,Assembly & Charging,3838.85,0.19,38.245,232.831,5.25,0.88
2026-01-09 14:15:00,DE-SOUTH,South Plant,Assembly & Charging,3934.293,0.19,41.882,222.198,4.948,0.88
2026-01-09 14:30:00,DE-SOUTH,South Plant,Assembly & Charging,3834.958,0.19,43.845,217.009,4.178,0.88
2026-01-09 14:45:00,DE-SOUTH,South Plant,Assembly & Charging,3671.925,0.19,49.781,226.894,5.334,0.88
2026-01-09 15:00:00,DE-SOUTH,South Plant,Assembly & Charging,3782.821,0.19,45.501,246.668,5.474,0.88
2026-01-09 15:15:00,DE-SOUTH,South Plant,Assembly & Charging,3776.999,0.19,43.608,259.004,5.246,0.88
2026-01-09 15:30:00,DE-SOUTH,South Plant,Assembly & Charging,3626.535,0.19,56.683,286.935,6.444,0.88
2026-01-09 15:45:00,DE-SOUTH,South Plant,Assembly & Charging,3515.636,0.19,54.223,289.519,6.484,0.88
2026-01-09 16:00:00,DE-SOUTH,South Plant,Assembly & Charging,3622.277,0.19,63.347,311.2,6.651,0.88
2026-01-09 16:15:00,DE-SOUTH,South Plant,Assembly & Charging,3491.81,0.19,63.925,326.89,6.749,0.88
2026-01-09 16:30:00,DE-SOUTH,South Plant,Assembly & Charging,3647.142,0.19,65.481,347.949,7.346,0.88
2026-01-09 16:45:00,DE-SOUTH,South Plant,Assembly & Charging,3480.184,0.19,71.065,386.45,7.457,0.88
2026-01-09 17:00:00,DE-SOUTH,South Plant,Assembly & Charging,3644.45,0.19,81.121,395.912,7.577,0.88
2026-01-09 17:15:00,DE-SOUTH,South Plant,Assembly & Charging,3276.78,0.19,85.181,405.334,7.31,0.88
2026-01-09 17:30:00,DE-SOUTH,South Plant,Assembly & Charging,3440.663,0.19,80.545,416.302,9.152,0.88
2026-01-09 17:45:00,DE-SOUTH,South Plant,Assembly & Charging,3556.846,0.19,84.072,432.603,7.422,0.88
2026-01-09 18:00:00,DE-SOUTH,South Plant,Assembly & Charging,3322.094,0.19,90.609,456.755,8.629,0.88
2026-01-09 18:15:00,DE-SOUTH,South Plant,Assembly & Charging,3381.693,0.19,83.558,462.274,8.26,0.88
2026-01-09 18:30:00,DE-SOUTH,South Plant,Assembly & Charging,3338.159,0.19,88.546,445.597,9.851,0.88
2026-01-09 18:45:00,DE-SOUTH,South Plant,Assembly & Charging,3329.031,0.19,87.009,456.904,8.102,0.88
2026-01-09 19:00:00,DE-SOUTH,South Plant,Assembly & Charging,3413.466,0.19,87.901,430.845,8.315,0.88
2026-01-09 19:15:00,DE-SOUTH,South Plant,Assembly & Charging,3283.062,0.19,82.506,455.39,8.225,0.88
2026-01-09 19:30:00,DE-SOUTH,South Plant,Assembly & Charging,3391.526,0.19,78.375,458.617,9.184,0.88
2026-01-09 19:45:00,DE-SOUTH,South Plant,Assembly & Charging,3474.87,0.19,75.087,441.903,8.028,0.88
2026-01-09 20:00:00,DE-SOUTH,South Plant,Assembly & Charging,3421.666,0.19,77.366,462.224,8.665,0.88
2026-01-09 20:15:00,DE-SOUTH,South Plant,Assembly & Charging,3385.007,0.19,78.334,424.593,7.483,0.88
2026-01-09 20:30:00,DE-SOUTH,South Plant,Assembly & Charging,3576.253,0.19,77.267,432.313,9.126,0.88
2026-01-09 20:45:00,DE-SOUTH,South Plant,Assembly & Charging,3582.17,0.19,84.458,423.8,8.554,0.88
2026-01-09 21:00:00,DE-SOUTH,South Plant,Assembly & Charging,3459.292,0.19,79.454,417.718,7.788,0.88
2026-01-09 21:15:00,DE-SOUTH,South Plant,Assembly & Charging,3449.469,0.19,69.597,412.552,9.495,0.88
2026-01-09 21:30:00,DE-SOUTH,South Plant,Assembly & Charging,3528.677,0.19,73.379,410.631,7.704,0.88
2026-01-09 21:45:00,DE-SOUTH,South Plant,Assembly & Charging,3680.427,0.19,69.052,415.438,9.042,0.88
2026-01-09 22:00:00,DE-SOUTH,South Plant,Assembly & Charging,2634.508,0.19,68.398,418.247,7.839,0.38
2026-01-09 22:15:00,DE-SOUTH,South Plant,Assembly & Charging,2686.436,0.19,69.296,398.682,9.278,0.38
2026-01-09 22:30:00,DE-SOUTH,South Plant,Assembly & Charging,2612.501,0.19,70.211,406.017,8.491,0.38
2026-01-09 22:45:00,DE-SOUTH,South Plant,Assembly & Charging,2589.924,0.19,65.708,385.831,7.054,0.38
2026-01-09 23:00:00,DE-SOUTH,South Plant,Assembly & Charging,2772.28,0.19,70.786,401.908,6.894,0.38
2026-01-09 23:15:00,DE-SOUTH,South Plant,Assembly & Charging,2643.951,0.19,61.549,382.427,7.721,0.38
2026-01-09 23:30:00,DE-SOUTH,South Plant,Assembly & Charging,2728.965,0.19,65.829,403.845,6.86,0.38
2026-01-09 23:45:00,DE-SOUTH,South Plant,Assembly & Charging,2581.661,0.19,75.966,416.746,6.659,0.38
2026-01-10 00:00:00,DE-SOUTH,South Plant,Assembly & Charging,2445.303,0.19,65.803,386.61,7.391,0.28
2026-01-10 00:15:00,DE-SOUTH,South Plant,Assembly & Charging,2605.314,0.19,70.717,362.158,5.687,0.28
2026-01-10 00:30:00,DE-SOUTH,South Plant,Assembly & Charging,2445.129,0.19,65.427,382.269,5.977,0.28
2026-01-10 00:45:00,DE-SOUTH,South Plant,Assembly & Charging,2575.158,0.19,67.467,403.989,6.275,0.28
2026-01-10 01:00:00,DE-SOUTH,South Plant,Assembly & Charging,2288.761,0.19,65.008,396.187,5.86,0.28
2026-01-10 01:15:00,DE-SOUTH,South Plant,Assembly & Charging,2448.189,0.19,64.654,392.864,4.864,0.28
2026-01-10 01:30:00,DE-SOUTH,South Plant,Assembly & Charging,2474.926,0.19,62.332,402.29,4.45,0.28
2026-01-10 01:45:00,DE-SOUTH,South Plant,Assembly & Charging,2646.181,0.19,67.303,396.29,3.11,0.28
2026-01-10 02:00:00,DE-SOUTH,South Plant,Assembly & Charging,2366.438,0.19,62.327,405.362,3.261,0.28
2026-01-10 02:15:00,DE-SOUTH,South Plant,Assembly & Charging,2508.041,0.19,68.572,402.036,3.896,0.28
2026-01-10 02:30:00,DE-SOUTH,South Plant,Assembly & Charging,2530.475,0.19,70.457,409.498,3.251,0.28
2026-01-10 02:45:00,DE-SOUTH,South Plant,Assembly & Charging,2352.689,0.19,67.822,395.758,3.077,0.28
2026-01-10 03:00:00,DE-SOUTH,South Plant,Assembly & Charging,2360.654,0.19,65.489,402.512,3.433,0.28
2026-01-10 03:15:00,DE-SOUTH,South Plant,Assembly & Charging,2406.029,0.19,68.771,388.139,1.562,0.28
2026-01-10 03:30:00,DE-SOUTH,South Plant,Assembly & Charging,2237.131,0.19,66.088,384.763,1.921,0.28
2026-01-10 03:45:00,DE-SOUTH,South Plant,Assembly & Charging,2311.164,0.19,71.481,412.598,1.921,0.28
2026-01-10 04:00:00,DE-SOUTH,South Plant,Assembly & Charging,2459.012,0.19,60.879,394.826,1.007,0.28
2026-01-10 04:15:00,DE-SOUTH,South Plant,Assembly & Charging,2363.529,0.19,67.378,401.985,2.224,0.28
2026-01-10 04:30:00,DE-SOUTH,South Plant,Assembly & Charging,2295.115,0.19,61.321,393.886,1.592,0.28
2026-01-10 04:45:00,DE-SOUTH,South Plant,Assembly & Charging,2314.861,0.19,63.911,385.417,0.906,0.28
2026-01-10 05:00:00,DE-SOUTH,South Plant,Assembly & Charging,2339.851,0.19,75.99,392.62,1.72,0.28
2026-01-10 05:15:00,DE-SOUTH,South Plant,Assembly & Charging,2376.005,0.19,74.786,409.732,-0.808,0.28
2026-01-10 05:30:00,DE-SOUTH,South Plant,Assembly & Charging,2244.413,0.19,69.015,399.154,0.028,0.28
2026-01-10 05:45:00,DE-SOUTH,South Plant,Assembly & Charging,2431.077,0.19,66.573,371.924,0.099,0.28
2026-01-10 06:00:00,DE-SOUTH,South Plant,Assembly & Charging,2777.742,0.19,61.402,389.829,-0.97,0.46
2026-01-10 06:15:00,DE-SOUTH,South Plant,Assembly & Charging,2718.821,0.19,69.839,402.283,-0.274,0.46
2026-01-10 06:30:00,DE-SOUTH,South Plant,Assembly & Charging,2601.89,0.19,80.409,366.842,-1.394,0.46
2026-01-10 06:45:00,DE-SOUTH,South Plant,Assembly & Charging,2586.143,0.19,71.135,336.391,-0.251,0.46
2026-01-10 07:00:00,DE-SOUTH,South Plant,Assembly & Charging,2661.292,0.19,65.771,369.428,-0.089,0.46
2026-01-10 07:15:00,DE-SOUTH,South Plant,Assembly & Charging,2719.159,0.19,68.422,343.789,-0.713,0.46
2026-01-10 07:30:00,DE-SOUTH,South Plant,Assembly & Charging,2588.773,0.19,58.805,323.87,-2.254,0.46
2026-01-10 07:45:00,DE-SOUTH,South Plant,Assembly & Charging,2807.11,0.19,62.28,309.629,-1.666,0.46
2026-01-10 08:00:00,DE-SOUTH,South Plant,Assembly & Charging,2889.652,0.19,62.223,316.763,-0.605,0.46
2026-01-10 08:15:00,DE-SOUTH,South Plant,Assembly & Charging,2851.997,0.19,59.776,287.315,-0.974,0.46
2026-01-10 08:30:00,DE-SOUTH,South Plant,Assembly & Charging,2780.96,0.19,61.529,298.039,-2.843,0.46
2026-01-10 08:45:00,DE-SOUTH,South Plant,Assembly & Charging,2765.123,0.19,57.951,281.645,-0.034,0.46
2026-01-10 09:00:00,DE-SOUTH,South Plant,Assembly & Charging,2892.945,0.19,57.429,269.429,-0.734,0.46
2026-01-10 09:15:00,DE-SOUTH,South Plant,Assembly & Charging,2879.219,0.19,50.181,260.106,-1.308,0.46
2026-01-10 09:30:00,DE-SOUTH,South Plant,Assembly & Charging,2938.901,0.19,54.72,248.673,0.077,0.46
2026-01-10 09:45:00,DE-SOUTH,South Plant,Assembly & Charging,2981.541,0.19,55.875,256.311,-0.959,0.46
2026-01-10 10:00:00,DE-SOUTH,South Plant,Assembly & Charging,3039.964,0.19,43.767,226.978,-0.812,0.46
2026-01-10 10:15:00,DE-SOUTH,South Plant,Assembly & Charging,2843.973,0.19,42.466,212.133,0.093,0.46
2026-01-10 10:30:00,DE-SOUTH,South Plant,Assembly & Charging,2964.352,0.19,49.83,233.863,1.28,0.46
2026-01-10 10:45:00,DE-SOUTH,South Plant,Assembly & Charging,2918.098,0.19,42.312,229.642,1.377,0.46
2026-01-10 11:00:00,DE-SOUTH,South Plant,Assembly & Charging,2952.741,0.19,47.42,224.111,0.716,0.46
2026-01-10 11:15:00,DE-SOUTH,South Plant,Assembly & Charging,3037.239,0.19,38.915,220.246,1.027,0.46
2026-01-10 11:30:00,DE-SOUTH,South Plant,Assembly & Charging,3039.837,0.19,45.552,209.254,1.51,0.46
2026-01-10 11:45:00,DE-SOUTH,South Plant,Assembly & Charging,3084.204,0.19,39.48,221.058,0.342,0.46
2026-01-10 12:00:00,DE-SOUTH,South Plant,Assembly & Charging,2971.847,0.19,39.396,210.348,1.951,0.46
2026-01-10 12:15:00,DE-SOUTH,South Plant,Assembly & Charging,2918.746,0.19,44.224,205.134,1.275,0.46
2026-01-10 12:30:00,DE-SOUTH,South Plant,Assembly & Charging,2881.173,0.19,36.321,208.141,2.31,0.46
2026-01-10 12:45:00,DE-SOUTH,South Plant,Assembly & Charging,2731.781,0.19,34.013,237.879,2.234,0.46
2026-01-10 13:00:00,DE-SOUTH,South Plant,Assembly & Charging,2981.398,0.19,36.206,195.429,3.057,0.46
2026-01-10 13:15:00,DE-SOUTH,South Plant,Assembly & Charging,2810.801,0.19,40.252,225.766,3.107,0.46
2026-01-10 13:30:00,DE-SOUTH,South Plant,Assembly & Charging,2882.597,0.19,32.85,204.073,1.196,0.46
2026-01-10 13:45:00,DE-SOUTH,South Plant,Assembly & Charging,2849.515,0.19,42.571,228.351,3.798,0.46
2026-01-10 14:00:00,DE-SOUTH,South Plant,Assembly & Charging,2480.085,0.19,39.019,230.883,4.45,0.38
2026-01-10 14:15:00,DE-SOUTH,South Plant,Assembly & Charging,2485.686,0.19,47.175,218.548,4.639,0.38
2026-01-10 14:30:00,DE-SOUTH,South Plant,Assembly & Charging,2687.658,0.19,34.678,256.794,4.581,0.38
2026-01-10 14:45:00,DE-SOUTH,South Plant,Assembly & Charging,2539.141,0.19,43.05,257.217,6.125,0.38
2026-01-10 15:00:00,DE-SOUTH,South Plant,Assembly & Charging,2448.265,0.19,41.662,247.337,5.512,0.38
2026-01-10 15:15:00,DE-SOUTH,South Plant,Assembly & Charging,2468.265,0.19,47.581,294.434,5.914,0.38
2026-01-10 15:30:00,DE-SOUTH,South Plant,Assembly & Charging,2555.314,0.19,54.61,314.445,6.645,0.38
2026-01-10 15:45:00,DE-SOUTH,South Plant,Assembly & Charging,2531.053,0.19,55.87,328.93,6.465,0.38
2026-01-10 16:00:00,DE-SOUTH,South Plant,Assembly & Charging,2311.219,0.19,58.744,330.023,5.871,0.38
2026-01-10 16:15:00,DE-SOUTH,South Plant,Assembly & Charging,2591.363,0.19,62.454,341.627,5.071,0.38
2026-01-10 16:30:00,DE-SOUTH,South Plant,Assembly & Charging,2510.933,0.19,67.348,372.875,6.71,0.38
2026-01-10 16:45:00,DE-SOUTH,South Plant,Assembly & Charging,2398.216,0.19,65.994,393.273,7.829,0.38
2026-01-10 17:00:00,DE-SOUTH,South Plant,Assembly & Charging,2312.328,0.19,76.33,402.875,7.288,0.38
2026-01-10 17:15:00,DE-SOUTH,South Plant,Assembly & Charging,2509.397,0.19,79.538,393.943,8.32,0.38
2026-01-10 17:30:00,DE-SOUTH,South Plant,Assembly & Charging,2468.104,0.19,81.65,423.149,8.071,0.38
2026-01-10 17:45:00,DE-SOUTH,South Plant,Assembly & Charging,2295.101,0.19,85.328,440.774,9.059,0.38
2026-01-10 18:00:00,DE-SOUTH,South Plant,Assembly & Charging,2428.266,0.19,86.989,427.605,8.123,0.38
2026-01-10 18:15:00,DE-SOUTH,South Plant,Assembly & Charging,2739.385,0.19,94.411,456.201,8.812,0.38
2026-01-10 18:30:00,DE-SOUTH,South Plant,Assembly & Charging,2475.596,0.19,86.024,477.88,8.974,0.38
2026-01-10 18:45:00,DE-SOUTH,South Plant,Assembly & Charging,2418.492,0.19,84.874,457.08,9.786,0.38
2026-01-10 19:00:00,DE-SOUTH,South Plant,Assembly & Charging,2436.481,0.19,82.455,464.667,7.635,0.38
2026-01-10 19:15:00,DE-SOUTH,South Plant,Assembly & Charging,2698.493,0.19,80.367,445.642,8.583,0.38
2026-01-10 19:30:00,DE-SOUTH,South Plant,Assembly & Charging,2627.199,0.19,78.247,438.038,9.551,0.38
2026-01-10 19:45:00,DE-SOUTH,South Plant,Assembly & Charging,2693.845,0.19,78.153,438.145,10.071,0.38
2026-01-10 20:00:00,DE-SOUTH,South Plant,Assembly & Charging,2619.483,0.19,79.722,417.816,9.168,0.38
2026-01-10 20:15:00,DE-SOUTH,South Plant,Assembly & Charging,2733.817,0.19,79.516,409.673,8.784,0.38
2026-01-10 20:30:00,DE-SOUTH,South Plant,Assembly & Charging,2556.179,0.19,76.498,429.875,9.487,0.38
2026-01-10 20:45:00,DE-SOUTH,South Plant,Assembly & Charging,2663.761,0.19,71.347,424.597,9.512,0.38
2026-01-10 21:00:00,DE-SOUTH,South Plant,Assembly & Charging,2699.058,0.19,76.18,389.871,8.578,0.38
2026-01-10 21:15:00,DE-SOUTH,South Plant,Assembly & Charging,2806.123,0.19,73.804,407.345,8.966,0.38
2026-01-10 21:30:00,DE-SOUTH,South Plant,Assembly & Charging,2715.311,0.19,68.605,389.093,9.446,0.38
2026-01-10 21:45:00,DE-SOUTH,South Plant,Assembly & Charging,2633.567,0.19,65.183,389.139,9.808,0.38
2026-01-10 22:00:00,DE-SOUTH,South Plant,Assembly & Charging,2487.837,0.19,68.705,386.067,8.85,0.28
2026-01-10 22:15:00,DE-SOUTH,South Plant,Assembly & Charging,2338.561,0.19,66.148,388.529,8.188,0.28
2026-01-10 22:30:00,DE-SOUTH,South Plant,Assembly & Charging,2281.07,0.19,58.652,374.197,7.929,0.28
2026-01-10 22:45:00,DE-SOUTH,South Plant,Assembly & Charging,2557.715,0.19,63.376,387.256,8.149,0.28
2026-01-10 23:00:00,DE-SOUTH,South Plant,Assembly & Charging,2448.574,0.19,64.039,371.65,7.455,0.28
2026-01-10 23:15:00,DE-SOUTH,South Plant,Assembly & Charging,2448.952,0.19,58.859,373.451,7.429,0.28
2026-01-10 23:30:00,DE-SOUTH,South Plant,Assembly & Charging,2546.129,0.19,62.79,354.347,6.303,0.28
2026-01-10 23:45:00,DE-SOUTH,South Plant,Assembly & Charging,2568.779,0.19,55.873,388.941,7.686,0.28
2026-01-11 00:00:00,DE-SOUTH,South Plant,Assembly & Charging,2494.743,0.19,66.267,365.795,5.702,0.28
2026-01-11 00:15:00,DE-SOUTH,South Plant,Assembly & Charging,2600.399,0.19,65.887,368.402,5.909,0.28
2026-01-11 00:30:00,DE-SOUTH,South Plant,Assembly & Charging,2452.606,0.19,59.867,340.255,5.982,0.28
2026-01-11 00:45:00,DE-SOUTH,South Plant,Assembly & Charging,2404.886,0.19,62.323,349.407,7.001,0.28
2026-01-11 01:00:00,DE-SOUTH,South Plant,Assembly & Charging,2399.556,0.19,51.234,373.878,4.998,0.28
2026-01-11 01:15:00,DE-SOUTH,South Plant,Assembly & Charging,2247.421,0.19,56.269,362.229,4.509,0.28
2026-01-11 01:30:00,DE-SOUTH,South Plant,Assembly & Charging,2432.38,0.19,59.759,335.604,4.267,0.28
2026-01-11 01:45:00,DE-SOUTH,South Plant,Assembly & Charging,2095.727,0.19,56.706,370.831,5.488,0.28
2026-01-11 02:00:00,DE-SOUTH,South Plant,Assembly & Charging,2280.578,0.19,63.94,351.668,2.031,0.28
2026-01-11 02:15:00,DE-SOUTH,South Plant,Assembly & Charging,2310.57,0.19,69.189,374.971,2.971,0.28
2026-01-11 02:30:00,DE-SOUTH,South Plant,Assembly & Charging,2201.031,0.19,56.646,356.843,5.259,0.28
2026-01-11 02:45:00,DE-SOUTH,South Plant,Assembly & Charging,2238.348,0.19,58.195,360.236,3.438,0.28
2026-01-11 03:00:00,DE-SOUTH,South Plant,Assembly & Charging,2450.729,0.19,62.724,371.83,1.932,0.28
2026-01-11 03:15:00,DE-SOUTH,South Plant,Assembly & Charging,2373.955,0.19,68.511,346.836,2.363,0.28
2026-01-11 03:30:00,DE-SOUTH,South Plant,Assembly & Charging,2211.629,0.19,57.514,345.636,2.134,0.28
2026-01-11 03:45:00,DE-SOUTH,South Plant,Assembly & Charging,2227.896,0.19,63.791,355.157,2.381,0.28
2026-01-11 04:00:00,DE-SOUTH,South Plant,Assembly & Charging,2153.258,0.19,70.528,367.426,2.788,0.28
2026-01-11 04:15:00,DE-SOUTH,South Plant,Assembly & Charging,2349.455,0.19,57.139,341.536,1.494,0.28
2026-01-11 04:30:00,DE-SOUTH,South Plant,Assembly & Charging,2280.252,0.19,59.179,337.518,0.578,0.28
2026-01-11 04:45:00,DE-SOUTH,South Plant,Assembly & Charging,2129.082,0.19,63.215,367.467,1.254,0.28
2026-01-11 05:00:00,DE-SOUTH,South Plant,Assembly & Charging,2340.337,0.19,63.475,350.415,-0.024,0.28
2026-01-11 05:15:00,DE-SOUTH,South Plant,Assembly & Charging,2389.844,0.19,69.49,353.033,-0.483,0.28
2026-01-11 05:30:00,DE-SOUTH,South Plant,Assembly & Charging,2460.443,0.19,67.911,335.568,-1.199,0.28
2026-01-11 05:45:00,DE-SOUTH,South Plant,Assembly & Charging,2385.407,0.19,60.557,349.833,-1.253,0.28
2026-01-11 06:00:00,DE-SOUTH,South Plant,Assembly & Charging,2744.559,0.19,70.425,358.04,-0.958,0.46
2026-01-11 06:15:00,DE-SOUTH,South Plant,Assembly & Charging,2983.032,0.19,64.84,358.02,-1.309,0.46
2026-01-11 06:30:00,DE-SOUTH,South Plant,Assembly & Charging,2818.784,0.19,71.003,326.395,-0.4,0.46
2026-01-11 06:45:00,DE-SOUTH,South Plant,Assembly & Charging,2917.586,0.19,62.108,344.449,-1.574,0.46
2026-01-11 07:00:00,DE-SOUTH,South Plant,Assembly & Charging,2841.137,0.19,60.738,305.423,-3.03,0.46
2026-01-11 07:15:00,DE-SOUTH,South Plant,Assembly & Charging,2959.106,0.19,64.059,294.731,-1.635,0.46
2026-01-11 07:30:00,DE-SOUTH,South Plant,Assembly & Charging,2782.338,0.19,63.496,310.926,-1.288,0.46
2026-01-11 07:45:00,DE-SOUTH,South Plant,Assembly & Charging,2890.943,0.19,60.725,284.87,-1.413,0.46
2026-01-11 08:00:00,DE-SOUTH,South Plant,Assembly & Charging,2824.706,0.19,50.62,265.913,0.064,0.46
2026-01-11 08:15:00,DE-SOUTH,South Plant,Assembly & Charging,2906.957,0.19,57.889,261.272,-1.419,0.46
2026-01-11 08:30:00,DE-SOUTH,South Plant,Assembly & Charging,3073.468,0.19,49.929,270.402,-0.341,0.46
2026-01-11 08:45:00,DE-SOUTH,South Plant,Assembly & Charging,2918.85,0.19,53.304,263.263,-0.917,0.46
2026-01-11 09:00:00,DE-SOUTH,South Plant,Assembly & Charging,3042.105,0.19,44.946,227.882,-0.859,0.46
2026-01-11 09:15:00,DE-SOUTH,South Plant,Assembly & Charging,3119.432,0.19,50.704,229.736,-1.319,0.46
2026-01-11 09:30:00,DE-SOUTH,South Plant,Assembly & Charging,2971.338,0.19,43.99,224.468,-0.661,0.46
2026-01-11 09:45:00,DE-SOUTH,South Plant,Assembly & Charging,3061.149,0.19,40.425,205.303,-1.02,0.46
2026-01-11 10:00:00,DE-SOUTH,South Plant,Assembly & Charging,3002.598,0.19,46.813,210.861,-0.211,0.46
2026-01-11 10:15:00,DE-SOUTH,South Plant,Assembly & Charging,2954.637,0.19,43.411,206.65,-0.323,0.46
2026-01-11 10:30:00,DE-SOUTH,South Plant,Assembly & Charging,3000.281,0.19,38.58,216.016,-0.628,0.46
2026-01-11 10:45:00,DE-SOUTH,South Plant,Assembly & Charging,3065.854,0.19,45.557,213.281,0.935,0.46
2026-01-11 11:00:00,DE-SOUTH,South Plant,Assembly & Charging,2825.702,0.19,36.847,192.032,0.763,0.46
2026-01-11 11:15:00,DE-SOUTH,South Plant,Assembly & Charging,2779.867,0.19,37.752,191.356,0.39,0.46
2026-01-11 11:30:00,DE-SOUTH,South Plant,Assembly & Charging,2746.046,0.19,37.883,200.603,1.058,0.46
2026-01-11 11:45:00,DE-SOUTH,South Plant,Assembly & Charging,2903.441,0.19,33.692,185.103,1.163,0.46
2026-01-11 12:00:00,DE-SOUTH,South Plant,Assembly & Charging,2895.282,0.19,37.609,199.484,0.893,0.46
2026-01-11 12:15:00,DE-SOUTH,South Plant,Assembly & Charging,2712.964,0.19,33.34,192.481,1.838,0.46
2026-01-11 12:30:00,DE-SOUTH,South Plant,Assembly & Charging,2548.613,0.19,33.78,183.859,1.652,0.46
2026-01-11 12:45:00,DE-SOUTH,South Plant,Assembly & Charging,2658.069,0.19,41.039,186.828,1.731,0.46
2026-01-11 13:00:00,DE-SOUTH,South Plant,Assembly & Charging,2749.93,0.19,31.804,219.382,1.57,0.46
2026-01-11 13:15:00,DE-SOUTH,South Plant,Assembly & Charging,2664.673,0.19,26.916,204.765,2.774,0.46
2026-01-11 13:30:00,DE-SOUTH,South Plant,Assembly & Charging,2661.534,0.19,43.842,231.903,3.744,0.46
2026-01-11 13:45:00,DE-SOUTH,South Plant,Assembly & Charging,2590.671,0.19,48.666,212.618,3.187,0.46
2026-01-11 14:00:00,DE-SOUTH,South Plant,Assembly & Charging,2535.21,0.19,38.165,229.862,5.764,0.38
2026-01-11 14:15:00,DE-SOUTH,South Plant,Assembly & Charging,2476.215,0.19,33.613,263.722,4.947,0.38
2026-01-11 14:30:00,DE-SOUTH,South Plant,Assembly & Charging,2488.121,0.19,41.958,232.049,5.566,0.38
2026-01-11 14:45:00,DE-SOUTH,South Plant,Assembly & Charging,2449.254,0.19,44.164,232.795,5.532,0.38
2026-01-11 15:00:00,DE-SOUTH,South Plant,Assembly & Charging,2473.884,0.19,46.931,282.945,6.591,0.38
2026-01-11 15:15:00,DE-SOUTH,South Plant,Assembly & Charging,2488.686,0.19,45.885,270.608,5.056,0.38
2026-01-11 15:30:00,DE-SOUTH,South Plant,Assembly & Charging,2381.541,0.19,55.561,294.345,4.121,0.38
2026-01-11 15:45:00,DE-SOUTH,South Plant,Assembly & Charging,2491.913,0.19,58.48,302.587,5.899,0.38
2026-01-11 16:00:00,DE-SOUTH,South Plant,Assembly & Charging,2533.238,0.19,53.747,328.705,6.891,0.38
2026-01-11 16:15:00,DE-SOUTH,South Plant,Assembly & Charging,2581.866,0.19,66.027,330.642,6.884,0.38
2026-01-11 16:30:00,DE-SOUTH,South Plant,Assembly & Charging,2529.587,0.19,75.056,356.953,7.237,0.38
2026-01-11 16:45:00,DE-SOUTH,South Plant,Assembly & Charging,2414.747,0.19,71.198,381.856,8.221,0.38
2026-01-11 17:00:00,DE-SOUTH,South Plant,Assembly & Charging,2453.288,0.19,72.806,381.74,7.803,0.38
2026-01-11 17:15:00,DE-SOUTH,South Plant,Assembly & Charging,2503.248,0.19,77.142,402.598,8.318,0.38
2026-01-11 17:30:00,DE-SOUTH,South Plant,Assembly & Charging,2591.139,0.19,83.562,423.505,7.309,0.38
2026-01-11 17:45:00,DE-SOUTH,South Plant,Assembly & Charging,2583.736,0.19,77.338,426.468,7.391,0.38
2026-01-11 18:00:00,DE-SOUTH,South Plant,Assembly & Charging,2493.817,0.19,87.787,453.529,9.46,0.38
2026-01-11 18:15:00,DE-SOUTH,South Plant,Assembly & Charging,2522.259,0.19,86.199,462.427,8.555,0.38
2026-01-11 18:30:00,DE-SOUTH,South Plant,Assembly & Charging,2457.33,0.19,95.418,457.383,8.183,0.38
2026-01-11 18:45:00,DE-SOUTH,South Plant,Assembly & Charging,2381.059,0.19,87.22,458.845,8.3,0.38
2026-01-11 19:00:00,DE-SOUTH,South Plant,Assembly & Charging,2663.87,0.19,94.114,460.561,8.375,0.38
2026-01-11 19:15:00,DE-SOUTH,South Plant,Assembly & Charging,2896.496,0.19,82.211,450.487,8.408,0.38
2026-01-11 19:30:00,DE-SOUTH,South Plant,Assembly & Charging,2862.486,0.19,87.858,463.197,8.059,0.38
2026-01-11 19:45:00,DE-SOUTH,South Plant,Assembly & Charging,2620.699,0.19,85.421,467.848,7.939,0.38
2026-01-11 20:00:00,DE-SOUTH,South Plant,Assembly & Charging,2716.761,0.19,79.112,440.118,8.863,0.38
2026-01-11 20:15:00,DE-SOUTH,South Plant,Assembly & Charging,2575.059,0.19,81.617,446.163,8.574,0.38
2026-01-11 20:30:00,DE-SOUTH,South Plant,Assembly & Charging,2574.831,0.19,84.015,431.901,9.732,0.38
2026-01-11 20:45:00,DE-SOUTH,South Plant,Assembly & Charging,2585.978,0.19,76.124,433.583,9.109,0.38
2026-01-11 21:00:00,DE-SOUTH,South Plant,Assembly & Charging,2666.069,0.19,68.956,442.567,9.015,0.38
2026-01-11 21:15:00,DE-SOUTH,South Plant,Assembly & Charging,2666.876,0.19,74.052,424.766,8.214,0.38
2026-01-11 21:30:00,DE-SOUTH,South Plant,Assembly & Charging,2689.236,0.19,69.038,392.681,8.535,0.38
2026-01-11 21:45:00,DE-SOUTH,South Plant,Assembly & Charging,2708.308,0.19,69.952,415.198,8.737,0.38
2026-01-11 22:00:00,DE-SOUTH,South Plant,Assembly & Charging,2384.42,0.19,69.831,420.862,8.831,0.28
2026-01-11 22:15:00,DE-SOUTH,South Plant,Assembly & Charging,2407.656,0.19,62.334,400.266,8.092,0.28
2026-01-11 22:30:00,DE-SOUTH,South Plant,Assembly & Charging,2280.836,0.19,61.854,412.253,8.722,0.28
2026-01-11 22:45:00,DE-SOUTH,South Plant,Assembly & Charging,2248.345,0.19,69.554,389.894,7.765,0.28
2026-01-11 23:00:00,DE-SOUTH,South Plant,Assembly & Charging,2211.389,0.19,64.979,378.66,8.091,0.28
2026-01-11 23:15:00,DE-SOUTH,South Plant,Assembly & Charging,2396.411,0.19,56.373,396.877,6.954,0.28
2026-01-11 23:30:00,DE-SOUTH,South Plant,Assembly & Charging,2300.183,0.19,69.436,373.13,5.775,0.28
2026-01-11 23:45:00,DE-SOUTH,South Plant,Assembly & Charging,2132.016,0.19,67.134,390.625,6.966,0.28
2026-01-12 00:00:00,DE-SOUTH,South Plant,Assembly & Charging,2478.94,0.19,62.5,406.631,7.008,0.38
2026-01-12 00:15:00,DE-SOUTH,South Plant,Assembly & Charging,2359.396,0.19,60.137,368.491,6.614,0.38
2026-01-12 00:30:00,DE-SOUTH,South Plant,Assembly & Charging,2610.623,0.19,68.799,376.255,6.209,0.38
2026-01-12 00:45:00,DE-SOUTH,South Plant,Assembly & Charging,2405.306,0.19,66.911,379.404,5.363,0.38
2026-01-12 01:00:00,DE-SOUTH,South Plant,Assembly & Charging,2515.483,0.19,75.108,391.189,4.729,0.38
2026-01-12 01:15:00,DE-SOUTH,South Plant,Assembly & Charging,2539.094,0.19,67.333,387.701,5.362,0.38
2026-01-12 01:30:00,DE-SOUTH,South Plant,Assembly & Charging,2355.501,0.19,67.29,408.999,4.951,0.38
2026-01-12 01:45:00,DE-SOUTH,South Plant,Assembly & Charging,2457.774,0.19,65.175,403.76,3.934,0.38
2026-01-12 02:00:00,DE-SOUTH,South Plant,Assembly & Charging,2494.717,0.19,69.234,398.33,4.777,0.38
2026-01-12 02:15:00,DE-SOUTH,South Plant,Assembly & Charging,2477.949,0.19,68.616,394.193,3.055,0.38
2026-01-12 02:30:00,DE-SOUTH,South Plant,Assembly & Charging,2509.559,0.19,71.301,397.201,2.939,0.38
2026-01-12 02:45:00,DE-SOUTH,South Plant,Assembly & Charging,2356.181,0.19,64.42,382.155,4.17,0.38
2026-01-12 03:00:00,DE-SOUTH,South Plant,Assembly & Charging,2547.895,0.19,65.013,402.781,3.314,0.38
2026-01-12 03:15:00,DE-SOUTH,South Plant,Assembly & Charging,2481.864,0.19,65.131,379.125,2.142,0.38
2026-01-12 03:30:00,DE-SOUTH,South Plant,Assembly & Charging,2573.407,0.19,70.549,402.449,2.288,0.38
2026-01-12 03:45:00,DE-SOUTH,South Plant,Assembly & Charging,2648.017,0.19,73.766,406.591,1.897,0.38
2026-01-12 04:00:00,DE-SOUTH,South Plant,Assembly & Charging,2669.12,0.19,66.375,394.801,-0.422,0.38
2026-01-12 04:15:00,DE-SOUTH,South Plant,Assembly & Charging,2651.485,0.19,66.998,390.048,0.588,0.38
2026-01-12 04:30:00,DE-SOUTH,South Plant,Assembly & Charging,2696.145,0.19,70.488,396.838,0.921,0.38
2026-01-12 04:45:00,DE-SOUTH,South Plant,Assembly & Charging,2726.439,0.19,68.827,357.548,0.454,0.38
2026-01-12 05:00:00,DE-SOUTH,South Plant,Assembly & Charging,2818.137,0.19,74.233,395.345,0.637,0.38
2026-01-12 05:15:00,DE-SOUTH,South Plant,Assembly & Charging,2696.446,0.19,62.06,390.169,1.031,0.38
2026-01-12 05:30:00,DE-SOUTH,South Plant,Assembly & Charging,2745.016,0.19,68.419,390.714,-0.192,0.38
2026-01-12 05:45:00,DE-SOUTH,South Plant,Assembly & Charging,2837.95,0.19,69.258,399.573,-0.898,0.38
2026-01-12 06:00:00,DE-SOUTH,South Plant,Assembly & Charging,4028.183,0.19,63.756,389.95,-0.103,0.98
2026-01-12 06:15:00,DE-SOUTH,South Plant,Assembly & Charging,3976.544,0.19,67.907,365.454,-0.713,0.98
2026-01-12 06:30:00,DE-SOUTH,South Plant,Assembly & Charging,4155.584,0.19,66.788,365.759,-0.729,0.98
2026-01-12 06:45:00,DE-SOUTH,South Plant,Assembly & Charging,4104.8,0.19,68.285,356.666,-0.939,0.98
2026-01-12 07:00:00,DE-SOUTH,South Plant,Assembly & Charging,4003.449,0.19,72.128,345.762,0.74,0.98
2026-01-12 07:15:00,DE-SOUTH,South Plant,Assembly & Charging,4190.276,0.19,65.222,335.03,-2.472,0.98
2026-01-12 07:30:00,DE-SOUTH,South Plant,Assembly & Charging,4257.966,0.19,60.541,334.488,-1.229,0.98
2026-01-12 07:45:00,DE-SOUTH,South Plant,Assembly & Charging,3971.95,0.19,62.831,298.181,-0.992,0.98
2026-01-12 08:00:00,DE-SOUTH,South Plant,Assembly & Charging,4203.651,0.19,65.586,302.835,-1.547,0.98
2026-01-12 08:15:00,DE-SOUTH,South Plant,Assembly & Charging,3854.783,0.19,55.757,306.078,-0.359,0.98
2026-01-12 08:30:00,DE-SOUTH,South Plant,Assembly & Charging,4026.955,0.19,54.24,260.057,-0.388,0.98
2026-01-12 08:45:00,DE-SOUTH,South Plant,Assembly & Charging,4210.338,0.19,58.299,273.743,-0.937,0.98
2026-01-12 09:00:00,DE-SOUTH,South Plant,Assembly & Charging,3989.304,0.19,53.34,255.758,-1.019,0.98
2026-01-12 09:15:00,DE-SOUTH,South Plant,Assembly & Charging,3995.898,0.19,54.973,250.046,-0.813,0.98
2026-01-12 09:30:00,DE-SOUTH,South Plant,Assembly & Charging,4024.531,0.19,50.5,235.899,-0.693,0.98
2026-01-12 09:45:00,DE-SOUTH,South Plant,Assembly & Charging,3768.012,0.19,51.571,237.568,-0.539,0.98
2026-01-12 10:00:00,DE-SOUTH,South Plant,Assembly & Charging,3895.899,0.19,42.893,255.155,-0.462,0.98
2026-01-12 10:15:00,DE-SOUTH,South Plant,Assembly & Charging,3858.262,0.19,45.335,211.986,0.019,0.98
2026-01-12 10:30:00,DE-SOUTH,South Plant,Assembly & Charging,3983.411,0.19,42.992,207.887,0.56,0.98
2026-01-12 10:45:00,DE-SOUTH,South Plant,Assembly & Charging,3686.609,0.19,37.543,201.751,-0.62,0.98
2026-01-12 11:00:00,DE-SOUTH,South Plant,Assembly & Charging,3732.298,0.19,34.863,234.265,-0.271,0.98
2026-01-12 11:15:00,DE-SOUTH,South Plant,Assembly & Charging,3660.541,0.19,42.725,204.88,-0.521,0.98
2026-01-12 11:30:00,DE-SOUTH,South Plant,Assembly & Charging,3608.287,0.19,37.609,207.76,1.563,0.98
2026-01-12 11:45:00,DE-SOUTH,South Plant,Assembly & Charging,3786.239,0.19,34.132,201.64,1.397,0.98
2026-01-12 12:00:00,DE-SOUTH,South Plant,Assembly & Charging,3668.327,0.19,37.231,194.332,1.854,0.98
2026-01-12 12:15:00,DE-SOUTH,South Plant,Assembly & Charging,3616.578,0.19,41.718,202.838,0.788,0.98
2026-01-12 12:30:00,DE-SOUTH,South Plant,Assembly & Charging,3588.962,0.19,27.873,235.98,3.336,0.98
2026-01-12 12:45:00,DE-SOUTH,South Plant,Assembly & Charging,3597.632,0.19,31.008,224.856,1.967,0.98
2026-01-12 13:00:00,DE-SOUTH,South Plant,Assembly & Charging,3600.78,0.19,33.516,200.464,2.824,0.98
2026-01-12 13:15:00,DE-SOUTH,South Plant,Assembly & Charging,3529.837,0.19,43.485,221.926,3.623,0.98
2026-01-12 13:30:00,DE-SOUTH,South Plant,Assembly & Charging,3642.586,0.19,39.434,208.575,2.656,0.98
2026-01-12 13:45:00,DE-SOUTH,South Plant,Assembly & Charging,3643.886,0.19,42.273,202.613,3.291,0.98
2026-01-12 14:00:00,DE-SOUTH,South Plant,Assembly & Charging,3420.429,0.19,35.791,242.557,4.125,0.88
2026-01-12 14:15:00,DE-SOUTH,South Plant,Assembly & Charging,3503.06,0.19,37.277,251.689,6.327,0.88
2026-01-12 14:30:00,DE-SOUTH,South Plant,Assembly & Charging,3550.538,0.19,45.214,258.849,4.863,0.88
2026-01-12 14:45:00,DE-SOUTH,South Plant,Assembly & Charging,3493.886,0.19,45.593,250.287,6.1,0.88
2026-01-12 15:00:00,DE-SOUTH,South Plant,Assembly & Charging,3559.671,0.19,49.765,264.659,6.138,0.88
2026-01-12 15:15:00,DE-SOUTH,South Plant,Assembly & Charging,3799.74,0.19,49.296,287.48,5.865,0.88
2026-01-12 15:30:00,DE-SOUTH,South Plant,Assembly & Charging,3833.264,0.19,53.892,296.045,5.221,0.88
2026-01-12 15:45:00,DE-SOUTH,South Plant,Assembly & Charging,3560.569,0.19,56.38,300.452,6.953,0.88
2026-01-12 16:00:00,DE-SOUTH,South Plant,Assembly & Charging,3617.686,0.19,62.031,300.426,5.451,0.88
2026-01-12 16:15:00,DE-SOUTH,South Plant,Assembly & Charging,3608.292,0.19,65.484,336.6,7.898,0.88
2026-01-12 16:30:00,DE-SOUTH,South Plant,Assembly & Charging,3832.062,0.19,59.224,364.07,7.184,0.88
2026-01-12 16:45:00,DE-SOUTH,South Plant,Assembly & Charging,3742.113,0.19,60.213,352.931,5.442,0.88
2026-01-12 17:00:00,DE-SOUTH,South Plant,Assembly & Charging,3801.631,0.19,76.689,391.195,7.297,0.88
2026-01-12 17:15:00,DE-SOUTH,South Plant,Assembly & Charging,3967.812,0.19,80.825,403.524,8.217,0.88
2026-01-12 17:30:00,DE-SOUTH,South Plant,Assembly & Charging,3804.761,0.19,75.221,424.093,7.801,0.88
2026-01-12 17:45:00,DE-SOUTH,South Plant,Assembly & Charging,3870.112,0.19,74.865,440.382,8.658,0.88
2026-01-12 18:00:00,DE-SOUTH,South Plant,Assembly & Charging,3867.801,0.19,85.412,435.473,7.735,0.88
2026-01-12 18:15:00,DE-SOUTH,South Plant,Assembly & Charging,3770.522,0.19,89.216,425.724,7.57,0.88
2026-01-12 18:30:00,DE-SOUTH,South Plant,Assembly & Charging,3905.288,0.19,92.797,438.841,8.569,0.88
2026-01-12 18:45:00,DE-SOUTH,South Plant,Assembly & Charging,3723.829,0.19,87.414,454.795,8.757,0.88
2026-01-12 19:00:00,DE-SOUTH,South Plant,Assembly & Charging,3910.688,0.19,83.242,435.3,8.586,0.88
2026-01-12 19:15:00,DE-SOUTH,South Plant,Assembly & Charging,3709.662,0.19,80.197,430.035,9.763,0.88
2026-01-12 19:30:00,DE-SOUTH,South Plant,Assembly & Charging,3714.171,0.19,82.56,412.082,8.362,0.88
2026-01-12 19:45:00,DE-SOUTH,South Plant,Assembly & Charging,3628.241,0.19,79.816,449.734,9.209,0.88
2026-01-12 20:00:00,DE-SOUTH,South Plant,Assembly & Charging,3619.405,0.19,75.266,432.763,9.048,0.88
2026-01-12 20:15:00,DE-SOUTH,South Plant,Assembly & Charging,3648.241,0.19,85.712,425.847,7.9,0.88
2026-01-12 20:30:00,DE-SOUTH,South Plant,Assembly & Charging,3437.433,0.19,82.791,421.79,8.034,0.88
2026-01-12 20:45:00,DE-SOUTH,South Plant,Assembly & Charging,3596.376,0.19,78.329,410.681,8.912,0.88
2026-01-12 21:00:00,DE-SOUTH,South Plant,Assembly & Charging,3528.093,0.19,68.291,394.602,10.216,0.88
2026-01-12 21:15:00,DE-SOUTH,South Plant,Assembly & Charging,3625.344,0.19,73.682,389.677,9.14,0.88
2026-01-12 21:30:00,DE-SOUTH,South Plant,Assembly & Charging,3580.078,0.19,71.24,381.067,7.411,0.88
2026-01-12 21:45:00,DE-SOUTH,South Plant,Assembly & Charging,3461.259,0.19,69.024,412.892,6.307,0.88
2026-01-12 22:00:00,DE-SOUTH,South Plant,Assembly & Charging,2424.367,0.19,70.991,383.586,8.843,0.38
2026-01-12 22:15:00,DE-SOUTH,South Plant,Assembly & Charging,2435.36,0.19,67.442,367.564,8.09,0.38
2026-01-12 22:30:00,DE-SOUTH,South Plant,Assembly & Charging,2568.881,0.19,66.933,375.489,8.766,0.38
2026-01-12 22:45:00,DE-SOUTH,South Plant,Assembly & Charging,2365.211,0.19,65.748,355.071,7.143,0.38
2026-01-12 23:00:00,DE-SOUTH,South Plant,Assembly & Charging,2358.568,0.19,63.932,383.033,7.781,0.38
2026-01-12 23:15:00,DE-SOUTH,South Plant,Assembly & Charging,2314.056,0.19,54.926,355.246,7.889,0.38
2026-01-12 23:30:00,DE-SOUTH,South Plant,Assembly & Charging,2290.19,0.19,61.993,367.757,6.731,0.38
2026-01-12 23:45:00,DE-SOUTH,South Plant,Assembly & Charging,2453.14,0.19,59.122,373.41,6.48,0.38
2026-01-13 00:00:00,DE-SOUTH,South Plant,Assembly & Charging,2445.897,0.19,55.484,362.542,6.518,0.38
2026-01-13 00:15:00,DE-SOUTH,South Plant,Assembly & Charging,2547.882,0.19,67.33,358.936,6.591,0.38
2026-01-13 00:30:00,DE-SOUTH,South Plant,Assembly & Charging,2541.489,0.19,67.528,357.831,5.903,0.38
2026-01-13 00:45:00,DE-SOUTH,South Plant,Assembly & Charging,2670.839,0.19,66.069,356.943,6.289,0.38
2026-01-13 01:00:00,DE-SOUTH,South Plant,Assembly & Charging,2475.34,0.19,61.686,350.64,4.971,0.38
2026-01-13 01:15:00,DE-SOUTH,South Plant,Assembly & Charging,2483.736,0.19,66.116,352.127,4.046,0.38
2026-01-13 01:30:00,DE-SOUTH,South Plant,Assembly & Charging,2388.109,0.19,60.829,375.257,6.037,0.38
2026-01-13 01:45:00,DE-SOUTH,South Plant,Assembly & Charging,2608.551,0.19,61.682,356.201,3.904,0.38
2026-01-13 02:00:00,DE-SOUTH,South Plant,Assembly & Charging,2580.098,0.19,56.613,348.097,3.602,0.38
2026-01-13 02:15:00,DE-SOUTH,South Plant,Assembly & Charging,2649.082,0.19,62.722,351.375,3.627,0.38
2026-01-13 02:30:00,DE-SOUTH,South Plant,Assembly & Charging,2511.859,0.19,61.557,370.839,3.394,0.38
2026-01-13 02:45:00,DE-SOUTH,South Plant,Assembly & Charging,2673.877,0.19,56.326,365.827,2.754,0.38
2026-01-13 03:00:00,DE-SOUTH,South Plant,Assembly & Charging,2682.171,0.19,61.597,364.549,2.694,0.38
2026-01-13 03:15:00,DE-SOUTH,South Plant,Assembly & Charging,2699.371,0.19,61.797,354.861,2.365,0.38
2026-01-13 03:30:00,DE-SOUTH,South Plant,Assembly & Charging,2645.383,0.19,69.672,364.977,2.209,0.38
2026-01-13 03:45:00,DE-SOUTH,South Plant,Assembly & Charging,2851.299,0.19,66.479,350.541,0.138,0.38
2026-01-13 04:00:00,DE-SOUTH,South Plant,Assembly & Charging,2916.558,0.19,63.424,355.334,2.817,0.38
2026-01-13 04:15:00,DE-SOUTH,South Plant,Assembly & Charging,2661.209,0.19,64.905,370.293,1.119,0.38
2026-01-13 04:30:00,DE-SOUTH,South Plant,Assembly & Charging,2833.012,0.19,64.672,369.372,1.363,0.38
2026-01-13 04:45:00,DE-SOUTH,South Plant,Assembly & Charging,2532.014,0.19,64.318,347.342,-0.261,0.38
2026-01-13 05:00:00,DE-SOUTH,South Plant,Assembly & Charging,2850.847,0.19,61.476,349.122,0.135,0.38
2026-01-13 05:15:00,DE-SOUTH,South Plant,Assembly & Charging,2626.55,0.19,65.911,360.975,-0.23,0.38
2026-01-13 05:30:00,DE-SOUTH,South Plant,Assembly & Charging,2732.165,0.19,64.263,380.684,1.062,0.38
2026-01-13 05:45:00,DE-SOUTH,South Plant,Assembly & Charging,2671.973,0.19,62.985,337.302,-0.567,0.38
2026-01-13 06:00:00,DE-SOUTH,South Plant,Assembly & Charging,4074.242,0.19,70.764,363.964,0.201,0.98
2026-01-13 06:15:00,DE-SOUTH,South Plant,Assembly & Charging,4163.752,0.19,69.097,333.019,-0.94,0.98
2026-01-13 06:30:00,DE-SOUTH,South Plant,Assembly & Charging,3900.518,0.19,59.166,330.892,-0.936,0.98
2026-01-13 06:45:00,DE-SOUTH,South Plant,Assembly & Charging,4011.133,0.19,64.561,323.218,-0.907,0.98
2026-01-13 07:00:00,DE-SOUTH,South Plant,Assembly & Charging,3960.778,0.19,67.724,311.793,0.069,0.98
2026-01-13 07:15:00,DE-SOUTH,South Plant,Assembly & Charging,4143.175,0.19,66.612,299.892,-2.227,0.98
2026-01-13 07:30:00,DE-SOUTH,South Plant,Assembly & Charging,4005.473,0.19,65.052,296.098,-1.878,0.98
2026-01-13 07:45:00,DE-SOUTH,South Plant,Assembly & Charging,3833.537,0.19,59.616,279.603,-2.352,0.98
2026-01-13 08:00:00,DE-SOUTH,South Plant,Assembly & Charging,3858.845,0.19,54.532,258.836,-1.761,0.98
2026-01-13 08:15:00,DE-SOUTH,South Plant,Assembly & Charging,4007.175,0.19,51.974,276.492,-1.557,0.98
2026-01-13 08:30:00,DE-SOUTH,South Plant,Assembly & Charging,3905.49,0.19,56.037,267.345,-2.087,0.98
2026-01-13 08:45:00,DE-SOUTH,South Plant,Assembly & Charging,3722.139,0.19,54.492,260.074,-1.418,0.98
2026-01-13 09:00:00,DE-SOUTH,South Plant,Assembly & Charging,3761.354,0.19,56.422,223.619,-2.24,0.98
2026-01-13 09:15:00,DE-SOUTH,South Plant,Assembly & Charging,3731.367,0.19,53.969,238.387,-1.447,0.98
2026-01-13 09:30:00,DE-SOUTH,South Plant,Assembly & Charging,3665.673,0.19,47.356,236.178,0.221,0.98
2026-01-13 09:45:00,DE-SOUTH,South Plant,Assembly & Charging,3546.271,0.19,41.264,209.563,-0.202,0.98
2026-01-13 10:00:00,DE-SOUTH,South Plant,Assembly & Charging,3625.04,0.19,43.383,216.553,-0.199,0.98
2026-01-13 10:15:00,DE-SOUTH,South Plant,Assembly & Charging,3807.806,0.19,44.031,210.213,-0.859,0.98
2026-01-13 10:30:00,DE-SOUTH,South Plant,Assembly & Charging,3644.933,0.19,40.96,229.563,-1.042,0.98
2026-01-13 10:45:00,DE-SOUTH,South Plant,Assembly & Charging,3664.313,0.19,38.186,227.106,-0.557,0.98
2026-01-13 11:00:00,DE-SOUTH,South Plant,Assembly & Charging,3680.178,0.19,40.38,181.321,0.434,0.98
2026-01-13 11:15:00,DE-SOUTH,South Plant,Assembly & Charging,3866.758,0.19,36.379,229.245,1.311,0.98
2026-01-13 11:30:00,DE-SOUTH,South Plant,Assembly & Charging,3677.879,0.19,35.077,187.121,1.588,0.98
2026-01-13 11:45:00,DE-SOUTH,South Plant,Assembly & Charging,3791.601,0.19,38.209,209.436,1.664,0.98
2026-01-13 12:00:00,DE-SOUTH,South Plant,Assembly & Charging,3666.69,0.19,34.917,209.673,0.984,0.98
2026-01-13 12:15:00,DE-SOUTH,South Plant,Assembly & Charging,3712.881,0.19,37.259,187.252,1.806,0.98
2026-01-13 12:30:00,DE-SOUTH,South Plant,Assembly & Charging,3763.569,0.19,37.336,207.126,1.862,0.98
2026-01-13 12:45:00,DE-SOUTH,South Plant,Assembly & Charging,3717.942,0.19,31.854,202.779,2.252,0.98
2026-01-13 13:00:00,DE-SOUTH,South Plant,Assembly & Charging,3781.272,0.19,34.87,214.465,4.132,0.98
2026-01-13 13:15:00,DE-SOUTH,South Plant,Assembly & Charging,3934.816,0.19,43.151,215.237,1.791,0.98
2026-01-13 13:30:00,DE-SOUTH,South Plant,Assembly & Charging,3801.253,0.19,33.586,232.425,3.183,0.98
2026-01-13 13:45:00,DE-SOUTH,South Plant,Assembly & Charging,3892.006,0.19,30.84,225.553,4.521,0.98
2026-01-13 14:00:00,DE-SOUTH,South Plant,Assembly & Charging,3789.57,0.19,33.178,230.228,2.974,0.88
2026-01-13 14:15:00,DE-SOUTH,South Plant,Assembly & Charging,3670.619,0.19,42.317,254.041,3.876,0.88
2026-01-13 14:30:00,DE-SOUTH,South Plant,Assembly & Charging,3865.412,0.19,44.163,257.576,4.282,0.88
2026-01-13 14:45:00,DE-SOUTH,South Plant,Assembly & Charging,3791.548,0.19,45.676,270.213,4.819,0.88
2026-01-13 15:00:00,DE-SOUTH,South Plant,Assembly & Charging,3797.072,0.19,53.382,265.375,4.177,0.88
2026-01-13 15:15:00,DE-SOUTH,South Plant,Assembly & Charging,3629.825,0.19,40.479,273.805,6.024,0.88
2026-01-13 15:30:00,DE-SOUTH,South Plant,Assembly & Charging,3786.691,0.19,55.653,293.567,6.38,0.88
2026-01-13 15:45:00,DE-SOUTH,South Plant,Assembly & Charging,3861.155,0.19,63.449,307.915,6.567,0.88
2026-01-13 16:00:00,DE-SOUTH,South Plant,Assembly & Charging,3996.592,0.19,56.028,340.622,5.891,0.88
2026-01-13 16:15:00,DE-SOUTH,South Plant,Assembly & Charging,3881.839,0.19,62.518,359.408,6.838,0.88
2026-01-13 16:30:00,DE-SOUTH,South Plant,Assembly & Charging,3932.672,0.19,64.632,362.839,6.414,0.88
2026-01-13 16:45:00,DE-SOUTH,South Plant,Assembly & Charging,3708.058,0.19,67.721,399.151,7.064,0.88
2026-01-13 17:00:00,DE-SOUTH,South Plant,Assembly & Charging,3773.619,0.19,73.629,415.711,9.043,0.88
2026-01-13 17:15:00,DE-SOUTH,South Plant,Assembly & Charging,3891.142,0.19,84.187,419.29,7.826,0.88
2026-01-13 17:30:00,DE-SOUTH,South Plant,Assembly & Charging,3688.812,0.19,89.206,423.095,7.135,0.88
2026-01-13 17:45:00,DE-SOUTH,South Plant,Assembly & Charging,3821.475,0.19,83.659,467.711,8.284,0.88
2026-01-13 18:00:00,DE-SOUTH,South Plant,Assembly & Charging,3784.288,0.19,95.477,462.962,7.384,0.88
2026-01-13 18:15:00,DE-SOUTH,South Plant,Assembly & Charging,3712.916,0.19,88.616,467.505,7.645,0.88
2026-01-13 18:30:00,DE-SOUTH,South Plant,Assembly & Charging,3627.053,0.19,95.738,462.983,7.891,0.88
2026-01-13 18:45:00,DE-SOUTH,South Plant,Assembly & Charging,3532.419,0.19,88.225,456.188,8.424,0.88
2026-01-13 19:00:00,DE-SOUTH,South Plant,Assembly & Charging,3739.824,0.19,88.629,447.818,9.486,0.88
2026-01-13 19:15:00,DE-SOUTH,South Plant,Assembly & Charging,3608.361,0.19,88.733,470.466,9.309,0.88
2026-01-13 19:30:00,DE-SOUTH,South Plant,Assembly & Charging,3552.524,0.19,98.851,449.886,9.323,0.88
2026-01-13 19:45:00,DE-SOUTH,South Plant,Assembly & Charging,3467.698,0.19,88.155,491.576,8.22,0.88
2026-01-13 20:00:00,DE-SOUTH,South Plant,Assembly & Charging,3478.209,0.19,80.345,436.76,8.621,0.88
2026-01-13 20:15:00,DE-SOUTH,South Plant,Assembly & Charging,3460.532,0.19,85.348,429.207,9.18,0.88
2026-01-13 20:30:00,DE-SOUTH,South Plant,Assembly & Charging,3467.825,0.19,78.26,444.701,8.517,0.88
2026-01-13 20:45:00,DE-SOUTH,South Plant,Assembly & Charging,3478.948,0.19,75.981,451.195,8.709,0.88
2026-01-13 21:00:00,DE-SOUTH,South Plant,Assembly & Charging,3324.857,0.19,79.856,428.037,9.139,0.88
2026-01-13 21:15:00,DE-SOUTH,South Plant,Assembly & Charging,3260.533,0.19,74.721,428.849,8.491,0.88
2026-01-13 21:30:00,DE-SOUTH,South Plant,Assembly & Charging,3392.245,0.19,74.212,394.99,8.778,0.88
2026-01-13 21:45:00,DE-SOUTH,South Plant,Assembly & Charging,3218.538,0.19,71.803,404.598,9.599,0.88
2026-01-13 22:00:00,DE-SOUTH,South Plant,Assembly & Charging,2381.729,0.19,71.904,395.986,8.21,0.38
2026-01-13 22:15:00,DE-SOUTH,South Plant,Assembly & Charging,2362.941,0.19,71.231,382.805,8.983,0.38
2026-01-13 22:30:00,DE-SOUTH,South Plant,Assembly & Charging,2467.82,0.19,60.917,404.147,8.358,0.38
2026-01-13 22:45:00,DE-SOUTH,South Plant,Assembly & Charging,2629.545,0.19,70.613,373.513,6.732,0.38
2026-01-13 23:00:00,DE-SOUTH,South Plant,Assembly & Charging,2289.571,0.19,63.436,382.684,6.764,0.38
2026-01-13 23:15:00,DE-SOUTH,South Plant,Assembly & Charging,2685.786,0.19,61.131,390.61,6.713,0.38
2026-01-13 23:30:00,DE-SOUTH,South Plant,Assembly & Charging,2480.726,0.19,66.303,385.912,6.445,0.38
2026-01-13 23:45:00,DE-SOUTH,South Plant,Assembly & Charging,2549.763,0.19,66.592,399.743,6.715,0.38
2026-01-14 00:00:00,DE-SOUTH,South Plant,Assembly & Charging,2409.557,0.19,62.765,396.143,6.93,0.38
2026-01-14 00:15:00,DE-SOUTH,South Plant,Assembly & Charging,2646.317,0.19,68.884,403.223,7.09,0.38
2026-01-14 00:30:00,DE-SOUTH,South Plant,Assembly & Charging,2591.53,0.19,60.214,401.526,6.129,0.38
2026-01-14 00:45:00,DE-SOUTH,South Plant,Assembly & Charging,2612.038,0.19,63.984,406.167,5.295,0.38
2026-01-14 01:00:00,DE-SOUTH,South Plant,Assembly & Charging,2478.633,0.19,63.308,392.412,3.837,0.38
2026-01-14 01:15:00,DE-SOUTH,South Plant,Assembly & Charging,2667.58,0.19,65.506,396.015,5.025,0.38
2026-01-14 01:30:00,DE-SOUTH,South Plant,Assembly & Charging,2759.008,0.19,66.866,398.429,4.671,0.38
2026-01-14 01:45:00,DE-SOUTH,South Plant,Assembly & Charging,2680.381,0.19,61.794,393.887,4.455,0.38
2026-01-14 02:00:00,DE-SOUTH,South Plant,Assembly & Charging,2811.604,0.19,68.818,387.297,5.474,0.38
2026-01-14 02:15:00,DE-SOUTH,South Plant,Assembly & Charging,2829.259,0.19,66.293,387.93,4.541,0.38
2026-01-14 02:30:00,DE-SOUTH,South Plant,Assembly & Charging,2685.414,0.19,58.622,381.944,3.897,0.38
2026-01-14 02:45:00,DE-SOUTH,South Plant,Assembly & Charging,2908.635,0.19,58.538,396.63,2.351,0.38
2026-01-14 03:00:00,DE-SOUTH,South Plant,Assembly & Charging,2772.7,0.19,66.545,390.239,2.347,0.38
2026-01-14 03:15:00,DE-SOUTH,South Plant,Assembly & Charging,2773.741,0.19,65.974,383.186,2.326,0.38
2026-01-14 03:30:00,DE-SOUTH,South Plant,Assembly & Charging,2783.357,0.19,66.755,382.955,1.544,0.38
2026-01-14 03:45:00,DE-SOUTH,South Plant,Assembly & Charging,2769.07,0.19,67.416,376.115,2.139,0.38
2026-01-14 04:00:00,DE-SOUTH,South Plant,Assembly & Charging,2521.435,0.19,68.839,402.106,1.75,0.38
2026-01-14 04:15:00,DE-SOUTH,South Plant,Assembly & Charging,2743.037,0.19,72.188,391.005,0.46,0.38
2026-01-14 04:30:00,DE-SOUTH,South Plant,Assembly & Charging,2609.828,0.19,64.46,379.392,1.794,0.38
2026-01-14 04:45:00,DE-SOUTH,South Plant,Assembly & Charging,2873.109,0.19,64.768,399.115,0.775,0.38
2026-01-14 05:00:00,DE-SOUTH,South Plant,Assembly & Charging,2866.763,0.19,65.672,382.336,-0.746,0.38
2026-01-14 05:15:00,DE-SOUTH,South Plant,Assembly & Charging,2771.721,0.19,71.817,371.816,0.205,0.38
2026-01-14 05:30:00,DE-SOUTH,South Plant,Assembly & Charging,2652.737,0.19,76.275,400.565,0.23,0.38
2026-01-14 05:45:00,DE-SOUTH,South Plant,Assembly & Charging,2559.233,0.19,70.207,381.465,0.524,0.38
2026-01-14 06:00:00,DE-SOUTH,South Plant,Assembly & Charging,3828.986,0.19,62.551,382.589,-0.566,0.98
2026-01-14 06:15:00,DE-SOUTH,South Plant,Assembly & Charging,4024.313,0.19,64.443,376.114,0.095,0.98
2026-01-14 06:30:00,DE-SOUTH,South Plant,Assembly & Charging,3761.828,0.19,66.591,377.491,-0.488,0.98
2026-01-14 06:45:00,DE-SOUTH,South Plant,Assembly & Charging,3594.133,0.19,66.311,352.263,-1.655,0.98
2026-01-14 07:00:00,DE-SOUTH,South Plant,Assembly & Charging,3872.977,0.19,65.474,326.01,-1.82,0.98
2026-01-14 07:15:00,DE-SOUTH,South Plant,Assembly & Charging,3873.454,0.19,65.767,335.483,-0.118,0.98
2026-01-14 07:30:00,DE-SOUTH,South Plant,Assembly & Charging,3866.124,0.19,62.807,311.923,-0.12,0.98
2026-01-14 07:45:00,DE-SOUTH,South Plant,Assembly & Charging,3798.685,0.19,66.626,329.459,-0.763,0.98
2026-01-14 08:00:00,DE-SOUTH,South Plant,Assembly & Charging,3791.28,0.19,58.037,296.173,0.047,0.98
2026-01-14 08:15:00,DE-SOUTH,South Plant,Assembly & Charging,3681.178,0.19,55.545,259.112,-0.25,0.98
2026-01-14 08:30:00,DE-SOUTH,South Plant,Assembly & Charging,3486.63,0.19,59.114,280.374,-0.479,0.98
2026-01-14 08:45:00,DE-SOUTH,South Plant,Assembly & Charging,3686.025,0.19,49.222,290.021,-1.542,0.98
2026-01-14 09:00:00,DE-SOUTH,South Plant,Assembly & Charging,3724.21,0.19,55.069,276.683,0.382,0.98
2026-01-14 09:15:00,DE-SOUTH,South Plant,Assembly & Charging,3672.031,0.19,52.062,271.352,-0.359,0.98
2026-01-14 09:30:00,DE-SOUTH,South Plant,Assembly & Charging,3686.105,0.19,49.221,229.309,-0.889,0.98
2026-01-14 09:45:00,DE-SOUTH,South Plant,Assembly & Charging,3633.2,0.19,54.36,245.247,-0.952,0.98
2026-01-14 10:00:00,DE-SOUTH,South Plant,Assembly & Charging,3642.504,0.19,43.775,219.011,-0.15,0.98
2026-01-14 10:15:00,DE-SOUTH,South Plant,Assembly & Charging,3933.891,0.19,52.844,224.386,-1.327,0.98
2026-01-14 10:30:00,DE-SOUTH,South Plant,Assembly & Charging,3945.511,0.19,42.142,201.112,0.523,0.98
2026-01-14 10:45:00,DE-SOUTH,South Plant,Assembly & Charging,3815.227,0.19,36.499,204.041,-0.427,0.98
2026-01-14 11:00:00,DE-SOUTH,South Plant,Assembly & Charging,3860.137,0.19,40.589,199.763,0.724,0.98
2026-01-14 11:15:00,DE-SOUTH,South Plant,Assembly & Charging,3782.285,0.19,34.861,215.501,0.338,0.98
2026-01-14 11:30:00,DE-SOUTH,South Plant,Assembly & Charging,3956.382,0.19,35.183,211.921,0.771,0.98
2026-01-14 11:45:00,DE-SOUTH,South Plant,Assembly & Charging,4089.779,0.19,38.981,204.003,0.692,0.98
2026-01-14 12:00:00,DE-SOUTH,South Plant,Assembly & Charging,3818.006,0.19,39.006,183.636,1.387,0.98
2026-01-14 12:15:00,DE-SOUTH,South Plant,Assembly & Charging,4009.787,0.19,33.882,196.072,3.111,0.98
2026-01-14 12:30:00,DE-SOUTH,South Plant,Assembly & Charging,4044.604,0.19,40.108,191.662,3.056,0.98
2026-01-14 12:45:00,DE-SOUTH,South Plant,Assembly & Charging,4072.534,0.19,40.785,212.713,2.641,0.98
2026-01-14 13:00:00,DE-SOUTH,South Plant,Assembly & Charging,4194.033,0.19,42.113,218.959,2.688,0.98
2026-01-14 13:15:00,DE-SOUTH,South Plant,Assembly & Charging,4238.108,0.19,38.919,220.957,3.615,0.98
2026-01-14 13:30:00,DE-SOUTH,South Plant,Assembly & Charging,4042.575,0.19,42.919,203.626,4.138,0.98
2026-01-14 13:45:00,DE-SOUTH,South Plant,Assembly & Charging,4144.293,0.19,30.845,185.209,3.092,0.98
2026-01-14 14:00:00,DE-SOUTH,South Plant,Assembly & Charging,3866.641,0.19,38.248,203.298,3.946,0.88
2026-01-14 14:15:00,DE-SOUTH,South Plant,Assembly & Charging,3811.651,0.19,37.46,249.038,3.052,0.88
2026-01-14 14:30:00,DE-SOUTH,South Plant,Assembly & Charging,3865.231,0.19,43.078,235.73,5.439,0.88
2026-01-14 14:45:00,DE-SOUTH,South Plant,Assembly & Charging,3883.384,0.19,42.259,241.211,6.421,0.88
2026-01-14 15:00:00,DE-SOUTH,South Plant,Assembly & Charging,3840.985,0.19,46.097,280.718,5.35,0.88
2026-01-14 15:15:00,DE-SOUTH,South Plant,Assembly & Charging,3738.402,0.19,56.776,288.07,4.12,0.88
2026-01-14 15:30:00,DE-SOUTH,South Plant,Assembly & Charging,3734.197,0.19,51.31,286.111,6.34,0.88
2026-01-14 15:45:00,DE-SOUTH,South Plant,Assembly & Charging,3719.77,0.19,56.623,296.198,5.579,0.88
2026-01-14 16:00:00,DE-SOUTH,South Plant,Assembly & Charging,3655.012,0.19,57.223,312.891,6.036,0.88
2026-01-14 16:15:00,DE-SOUTH,South Plant,Assembly & Charging,3719.69,0.19,61.803,332.666,7.216,0.88
2026-01-14 16:30:00,DE-SOUTH,South Plant,Assembly & Charging,3699.9,0.19,64.985,365.12,7.222,0.88
2026-01-14 16:45:00,DE-SOUTH,South Plant,Assembly & Charging,3722.95,0.19,70.266,367.267,6.955,0.88
2026-01-14 17:00:00,DE-SOUTH,South Plant,Assembly & Charging,3525.82,0.19,76.629,387.241,7.081,0.88
2026-01-14 17:15:00,DE-SOUTH,South Plant,Assembly & Charging,3513.074,0.19,81.964,408.685,7.847,0.88
2026-01-14 17:30:00,DE-SOUTH,South Plant,Assembly & Charging,3677.191,0.19,79.86,396.278,7.68,0.88
2026-01-14 17:45:00,DE-SOUTH,South Plant,Assembly & Charging,3497.482,0.19,83.998,434.321,7.381,0.88
2026-01-14 18:00:00,DE-SOUTH,South Plant,Assembly & Charging,3481.872,0.19,79.766,435.742,8.097,0.88
2026-01-14 18:15:00,DE-SOUTH,South Plant,Assembly & Charging,3433.744,0.19,84.513,410.537,8.722,0.88
2026-01-14 18:30:00,DE-SOUTH,South Plant,Assembly & Charging,3533.371,0.19,88.76,415.445,8.495,0.88
2026-01-14 18:45:00,DE-SOUTH,South Plant,Assembly & Charging,3527.422,0.19,88.225,427.79,7.745,0.88
2026-01-14 19:00:00,DE-SOUTH,South Plant,Assembly & Charging,3491.237,0.19,85.008,444.208,9.522,0.88
2026-01-14 19:15:00,DE-SOUTH,South Plant,Assembly & Charging,3409.705,0.19,86.77,435.91,6.987,0.88
2026-01-14 19:30:00,DE-SOUTH,South Plant,Assembly & Charging,3307.372,0.19,83.954,432.488,8.645,0.88
2026-01-14 19:45:00,DE-SOUTH,South Plant,Assembly & Charging,3559.555,0.19,85.314,448.611,8.555,0.88
2026-01-14 20:00:00,DE-SOUTH,South Plant,Assembly & Charging,3461.718,0.19,80.006,404.288,9.104,0.88
2026-01-14 20:15:00,DE-SOUTH,South Plant,Assembly & Charging,3348.887,0.19,75.642,413.111,9.382,0.88
2026-01-14 20:30:00,DE-SOUTH,South Plant,Assembly & Charging,3526.727,0.19,76.566,410.835,9.746,0.88
2026-01-14 20:45:00,DE-SOUTH,South Plant,Assembly & Charging,3379.876,0.19,61.66,392.105,8.405,0.88
2026-01-14 21:00:00,DE-SOUTH,South Plant,Assembly & Charging,3566.315,0.19,73.129,395.233,9.24,0.88
2026-01-14 21:15:00,DE-SOUTH,South Plant,Assembly & Charging,3598.835,0.19,55.317,369.985,8.872,0.88
2026-01-14 21:30:00,DE-SOUTH,South Plant,Assembly & Charging,3422.78,0.19,61.463,400.844,7.421,0.88
2026-01-14 21:45:00,DE-SOUTH,South Plant,Assembly & Charging,3561.707,0.19,68.763,371.012,9.815,0.88
2026-01-14 22:00:00,DE-SOUTH,South Plant,Assembly & Charging,2604.106,0.19,67.632,399.399,7.323,0.38
2026-01-14 22:15:00,DE-SOUTH,South Plant,Assembly & Charging,2779.093,0.19,60.008,371.04,8.451,0.38
2026-01-14 22:30:00,DE-SOUTH,South Plant,Assembly & Charging,2500.648,0.19,60.91,380.735,8.24,0.38
2026-01-14 22:45:00,DE-SOUTH,South Plant,Assembly & Charging,2720.68,0.19,68.496,365.254,7.952,0.38
2026-01-14 23:00:00,DE-SOUTH,South Plant,Assembly & Charging,2621.753,0.19,60.474,363.5,7.189,0.38
2026-01-14 23:15:00,DE-SOUTH,South Plant,Assembly & Charging,2521.384,0.19,70.902,355.26,7.876,0.38
2026-01-14 23:30:00,DE-SOUTH,South Plant,Assembly & Charging,2659.896,0.19,61.55,362.464,5.952,0.38
2026-01-14 23:45:00,DE-SOUTH,South Plant,Assembly & Charging,2679.652,0.19,62.906,363.927,6.732,0.38
2026-01-15 00:00:00,DE-SOUTH,South Plant,Assembly & Charging,2604.786,0.19,67.027,348.208,6.105,0.38
2026-01-15 00:15:00,DE-SOUTH,South Plant,Assembly & Charging,2743.814,0.19,61.112,356.199,5.737,0.38
2026-01-15 00:30:00,DE-SOUTH,South Plant,Assembly & Charging,2806.43,0.19,56.617,350.48,6.214,0.38
2026-01-15 00:45:00,DE-SOUTH,South Plant,Assembly & Charging,2746.585,0.19,60.236,385.518,6.361,0.38
2026-01-15 01:00:00,DE-SOUTH,South Plant,Assembly & Charging,2692.855,0.19,60.595,356.988,5.054,0.38
2026-01-15 01:15:00,DE-SOUTH,South Plant,Assembly & Charging,2723.905,0.19,55.356,376.769,5.522,0.38
2026-01-15 01:30:00,DE-SOUTH,South Plant,Assembly & Charging,2742.454,0.19,59.887,356.061,4.687,0.38
2026-01-15 01:45:00,DE-SOUTH,South Plant,Assembly & Charging,2766.503,0.19,58.06,361.722,3.702,0.38
2026-01-15 02:00:00,DE-SOUTH,South Plant,Assembly & Charging,2836.981,0.19,64.871,342.975,3.819,0.38
2026-01-15 02:15:00,DE-SOUTH,South Plant,Assembly & Charging,2753.73,0.19,61.487,353.707,3.463,0.38
2026-01-15 02:30:00,DE-SOUTH,South Plant,Assembly & Charging,2595.152,0.19,60.427,361.858,2.86,0.38
2026-01-15 02:45:00,DE-SOUTH,South Plant,Assembly & Charging,2650.029,0.19,61.382,378.641,3.324,0.38
2026-01-15 03:00:00,DE-SOUTH,South Plant,Assembly & Charging,2702.132,0.19,62.992,362.569,2.87,0.38
2026-01-15 03:15:00,DE-SOUTH,South Plant,Assembly & Charging,2784.761,0.19,64.907,376.824,1.279,0.38
2026-01-15 03:30:00,DE-SOUTH,South Plant,Assembly & Charging,2783.256,0.19,58.834,368.24,0.931,0.38
2026-01-15 03:45:00,DE-SOUTH,South Plant,Assembly & Charging,2793.291,0.19,59.113,380.429,2.086,0.38
2026-01-15 04:00:00,DE-SOUTH,South Plant,Assembly & Charging,2635.298,0.19,68.2,360.558,0.929,0.38
2026-01-15 04:15:00,DE-SOUTH,South Plant,Assembly & Charging,2665.782,0.19,62.689,390.331,1.434,0.38
2026-01-15 04:30:00,DE-SOUTH,South Plant,Assembly & Charging,2444.685,0.19,59.28,356.222,1.503,0.38
2026-01-15 04:45:00,DE-SOUTH,South Plant,Assembly & Charging,2611.399,0.19,67.381,353.262,-0.186,0.38
2026-01-15 05:00:00,DE-SOUTH,South Plant,Assembly & Charging,2460.977,0.19,68.159,348.367,-0.524,0.38
2026-01-15 05:15:00,DE-SOUTH,South Plant,Assembly & Charging,2516.238,0.19,60.916,391.303,1.413,0.38
2026-01-15 05:30:00,DE-SOUTH,South Plant,Assembly & Charging,2791.516,0.19,68.71,373.621,0.279,0.38
2026-01-15 05:45:00,DE-SOUTH,South Plant,Assembly & Charging,2541.522,0.19,71.496,360.248,-0.451,0.38
2026-01-15 06:00:00,DE-SOUTH,South Plant,Assembly & Charging,3615.291,0.19,70.805,379.728,-0.984,0.98
2026-01-15 06:15:00,DE-SOUTH,South Plant,Assembly & Charging,3718.773,0.19,70.668,362.041,-0.842,0.98
2026-01-15 06:30:00,DE-SOUTH,South Plant,Assembly & Charging,3636.601,0.19,61.323,366.493,-1.453,0.98
2026-01-15 06:45:00,DE-SOUTH,South Plant,Assembly & Charging,3582.856,0.19,67.023,313.544,-0.116,0.98
2026-01-15 07:00:00,DE-SOUTH,South Plant,Assembly & Charging,3875.333,0.19,63.196,318.309,-1.373,0.98
2026-01-15 07:15:00,DE-SOUTH,South Plant,Assembly & Charging,3778.393,0.19,61.126,305.522,-0.138,0.98
2026-01-15 07:30:00,DE-SOUTH,South Plant,Assembly & Charging,3737.493,0.19,65.13,277.217,-1.238,0.98
2026-01-15 07:45:00,DE-SOUTH,South Plant,Assembly & Charging,3693.053,0.19,66.092,303.749,-1.72,0.98
2026-01-15 08:00:00,DE-SOUTH,South Plant,Assembly & Charging,3716.966,0.19,65.819,278.244,-1.298,0.98
2026-01-15 08:15:00,DE-SOUTH,South Plant,Assembly & Charging,3923.178,0.19,62.311,281.21,-2.826,0.98
2026-01-15 08:30:00,DE-SOUTH,South Plant,Assembly & Charging,3821.056,0.19,54.976,291.92,-1.042,0.98
2026-01-15 08:45:00,DE-SOUTH,South Plant,Assembly & Charging,3545.043,0.19,55.154,251.094,-1.023,0.98
2026-01-15 09:00:00,DE-SOUTH,South Plant,Assembly & Charging,4063.562,0.19,55.119,242.509,-0.252,0.98
2026-01-15 09:15:00,DE-SOUTH,South Plant,Assembly & Charging,3912.111,0.19,50.844,241.752,-2.055,0.98
2026-01-15 09:30:00,DE-SOUTH,South Plant,Assembly & Charging,3936.369,0.19,49.207,245.507,0.194,0.98
2026-01-15 09:45:00,DE-SOUTH,South Plant,Assembly & Charging,4036.359,0.19,50.344,220.79,0.09,0.98
2026-01-15 10:00:00,DE-SOUTH,South Plant,Assembly & Charging,4007.011,0.19,45.237,214.576,0.546,0.98
2026-01-15 10:15:00,DE-SOUTH,South Plant,Assembly & Charging,4069.327,0.19,41.066,230.045,-0.194,0.98
2026-01-15 10:30:00,DE-SOUTH,South Plant,Assembly & Charging,3982.016,0.19,40.937,217.79,0.743,0.98
2026-01-15 10:45:00,DE-SOUTH,South Plant,Assembly & Charging,3949.49,0.19,43.865,185.296,-0.789,0.98
2026-01-15 11:00:00,DE-SOUTH,South Plant,Assembly & Charging,4089.347,0.19,40.215,192.434,0.964,0.98
2026-01-15 11:15:00,DE-SOUTH,South Plant,Assembly & Charging,4218.796,0.19,40.593,223.196,0.163,0.98
2026-01-15 11:30:00,DE-SOUTH,South Plant,Assembly & Charging,4049.084,0.19,41.108,208.801,-0.2,0.98
2026-01-15 11:45:00,DE-SOUTH,South Plant,Assembly & Charging,4045.015,0.19,36.303,194.4,0.435,0.98
2026-01-15 12:00:00,DE-SOUTH,South Plant,Assembly & Charging,4214.748,0.19,40.389,201.858,1.504,0.98
2026-01-15 12:15:00,DE-SOUTH,South Plant,Assembly & Charging,4067.036,0.19,38.636,205.224,1.212,0.98
2026-01-15 12:30:00,DE-SOUTH,South Plant,Assembly & Charging,4055.657,0.19,32.139,215.884,2.35,0.98
2026-01-15 12:45:00,DE-SOUTH,South Plant,Assembly & Charging,4062.535,0.19,43.013,193.594,1.127,0.98
2026-01-15 13:00:00,DE-SOUTH,South Plant,Assembly & Charging,4076.31,0.19,35.619,203.515,1.217,0.98
2026-01-15 13:15:00,DE-SOUTH,South Plant,Assembly & Charging,3895.711,0.19,31.602,221.5,3.985,0.98
2026-01-15 13:30:00,DE-SOUTH,South Plant,Assembly & Charging,3967.986,0.19,34.87,222.582,3.98,0.98
2026-01-15 13:45:00,DE-SOUTH,South Plant,Assembly & Charging,4023.509,0.19,36.031,237.17,2.938,0.98
2026-01-15 14:00:00,DE-SOUTH,South Plant,Assembly & Charging,3770.359,0.19,41.634,223.09,3.998,0.88
2026-01-15 14:15:00,DE-SOUTH,South Plant,Assembly & Charging,3816.44,0.19,41.896,250.71,5.041,0.88
2026-01-15 14:30:00,DE-SOUTH,South Plant,Assembly & Charging,3849.52,0.19,43.472,269.175,4.946,0.88
2026-01-15 14:45:00,DE-SOUTH,South Plant,Assembly & Charging,3788.598,0.19,49.395,272.66,5.079,0.88
2026-01-15 15:00:00,DE-SOUTH,South Plant,Assembly & Charging,3694.445,0.19,50.642,280.322,6.061,0.88
2026-01-15 15:15:00,DE-SOUTH,South Plant,Assembly & Charging,3578.117,0.19,53.179,290.41,5.096,0.88
2026-01-15 15:30:00,DE-SOUTH,South Plant,Assembly & Charging,3497.633,0.19,56.44,295.477,5.935,0.88
2026-01-15 15:45:00,DE-SOUTH,South Plant,Assembly & Charging,3524.758,0.19,60.384,319.513,6.199,0.88
2026-01-15 16:00:00,DE-SOUTH,South Plant,Assembly & Charging,3548.869,0.19,52.808,351.208,6.309,0.88
2026-01-15 16:15:00,DE-SOUTH,South Plant,Assembly & Charging,3544.873,0.19,63.263,351.057,6.505,0.88
2026-01-15 16:30:00,DE-SOUTH,South Plant,Assembly & Charging,3500.814,0.19,59.59,358.692,7.095,0.88
2026-01-15 16:45:00,DE-SOUTH,South Plant,Assembly & Charging,3414.766,0.19,72.092,380.616,7.321,0.88
2026-01-15 17:00:00,DE-SOUTH,South Plant,Assembly & Charging,3488.677,0.19,75.545,406.111,6.802,0.88
2026-01-15 17:15:00,DE-SOUTH,South Plant,Assembly & Charging,3507.211,0.19,83.27,416.162,8.32,0.88
2026-01-15 17:30:00,DE-SOUTH,South Plant,Assembly & Charging,3478.628,0.19,87.197,442.914,7.283,0.88
2026-01-15 17:45:00,DE-SOUTH,South Plant,Assembly & Charging,3388.972,0.19,86.384,459.067,8.005,0.88
2026-01-15 18:00:00,DE-SOUTH,South Plant,Assembly & Charging,3319.622,0.19,86.404,478.197,8.123,0.88
2026-01-15 18:15:00,DE-SOUTH,South Plant,Assembly & Charging,3319.644,0.19,90.94,486.753,8.735,0.88
2026-01-15 18:30:00,DE-SOUTH,South Plant,Assembly & Charging,3363.879,0.19,87.114,482.528,7.136,0.88
2026-01-15 18:45:00,DE-SOUTH,South Plant,Assembly & Charging,3442.324,0.19,89.071,459.01,9.358,0.88
2026-01-15 19:00:00,DE-SOUTH,South Plant,Assembly & Charging,3495.734,0.19,92.505,457.786,8.356,0.88
2026-01-15 19:15:00,DE-SOUTH,South Plant,Assembly & Charging,3330.477,0.19,85.471,464.977,9.758,0.88
2026-01-15 19:30:00,DE-SOUTH,South Plant,Assembly & Charging,3449.285,0.19,89.764,456.712,8.623,0.88
2026-01-15 19:45:00,DE-SOUTH,South Plant,Assembly & Charging,3540.849,0.19,87.839,443.861,8.955,0.88
2026-01-15 20:00:00,DE-SOUTH,South Plant,Assembly & Charging,3453.34,0.19,79.709,446.97,10.34,0.88
2026-01-15 20:15:00,DE-SOUTH,South Plant,Assembly & Charging,3618.983,0.19,85.695,440.893,8.795,0.88
2026-01-15 20:30:00,DE-SOUTH,South Plant,Assembly & Charging,3572.504,0.19,82.803,432.621,9.824,0.88
2026-01-15 20:45:00,DE-SOUTH,South Plant,Assembly & Charging,3574.265,0.19,78.621,430.967,8.931,0.88
2026-01-15 21:00:00,DE-SOUTH,South Plant,Assembly & Charging,3671.657,0.19,73.418,443.124,9.12,0.88
2026-01-15 21:15:00,DE-SOUTH,South Plant,Assembly & Charging,3733.45,0.19,71.378,425.899,8.784,0.88
2026-01-15 21:30:00,DE-SOUTH,South Plant,Assembly & Charging,3643.344,0.19,71.137,448.103,9.213,0.88
2026-01-15 21:45:00,DE-SOUTH,South Plant,Assembly & Charging,3733.245,0.19,74.079,415.905,8.004,0.88
2026-01-15 22:00:00,DE-SOUTH,South Plant,Assembly & Charging,2727.283,0.19,66.868,406.32,7.641,0.38
2026-01-15 22:15:00,DE-SOUTH,South Plant,Assembly & Charging,2627.775,0.19,71.386,406.326,7.71,0.38
2026-01-15 22:30:00,DE-SOUTH,South Plant,Assembly & Charging,2553.075,0.19,63.773,406.351,8.037,0.38
2026-01-15 22:45:00,DE-SOUTH,South Plant,Assembly & Charging,2574.596,0.19,67.178,405.978,7.605,0.38
2026-01-15 23:00:00,DE-SOUTH,South Plant,Assembly & Charging,2674.272,0.19,67.821,423.595,8.033,0.38
2026-01-15 23:15:00,DE-SOUTH,South Plant,Assembly & Charging,2591.684,0.19,76.669,386.834,8.21,0.38
2026-01-15 23:30:00,DE-SOUTH,South Plant,Assembly & Charging,2694.681,0.19,60.987,405.915,6.361,0.38
2026-01-15 23:45:00,DE-SOUTH,South Plant,Assembly & Charging,2870.911,0.19,72.075,396.996,6.264,0.38
2026-01-16 00:00:00,DE-SOUTH,South Plant,Assembly & Charging,2595.912,0.19,66.041,372.939,5.495,0.38
2026-01-16 00:15:00,DE-SOUTH,South Plant,Assembly & Charging,2661.676,0.19,67.078,400.86,7.633,0.38
2026-01-16 00:30:00,DE-SOUTH,South Plant,Assembly & Charging,2880.098,0.19,65.901,406.624,6.127,0.38
2026-01-16 00:45:00,DE-SOUTH,South Plant,Assembly & Charging,2710.577,0.19,67.207,380.907,5.943,0.38
2026-01-16 01:00:00,DE-SOUTH,South Plant,Assembly & Charging,2638.57,0.19,64.821,390.847,4.356,0.38
2026-01-16 01:15:00,DE-SOUTH,South Plant,Assembly & Charging,2631.803,0.19,71.269,369.993,4.975,0.38
2026-01-16 01:30:00,DE-SOUTH,South Plant,Assembly & Charging,2663.561,0.19,63.658,375.316,5.009,0.38
2026-01-16 01:45:00,DE-SOUTH,South Plant,Assembly & Charging,2764.784,0.19,70.06,402.703,4.15,0.38
2026-01-16 02:00:00,DE-SOUTH,South Plant,Assembly & Charging,2536.766,0.19,63.022,384.217,4.753,0.38
2026-01-16 02:15:00,DE-SOUTH,South Plant,Assembly & Charging,2489.573,0.19,65.452,376.179,5.291,0.38
2026-01-16 02:30:00,DE-SOUTH,South Plant,Assembly & Charging,2438.958,0.19,61.528,391.891,2.684,0.38
2026-01-16 02:45:00,DE-SOUTH,South Plant,Assembly & Charging,2556.358,0.19,67.793,382.504,2.309,0.38
2026-01-16 03:00:00,DE-SOUTH,South Plant,Assembly & Charging,2404.47,0.19,71.95,382.743,2.091,0.38
2026-01-16 03:15:00,DE-SOUTH,South Plant,Assembly & Charging,2458.536,0.19,66.099,396.869,3.517,0.38
2026-01-16 03:30:00,DE-SOUTH,South Plant,Assembly & Charging,2411.215,0.19,65.907,373.644,2.816,0.38
2026-01-16 03:45:00,DE-SOUTH,South Plant,Assembly & Charging,2589.054,0.19,62.572,376.294,1.694,0.38
2026-01-16 04:00:00,DE-SOUTH,South Plant,Assembly & Charging,2439.161,0.19,66.5,388.566,1.526,0.38
2026-01-16 04:15:00,DE-SOUTH,South Plant,Assembly & Charging,2523.122,0.19,61.483,397.895,0.651,0.38
2026-01-16 04:30:00,DE-SOUTH,South Plant,Assembly & Charging,2330.48,0.19,64.689,400.651,1.579,0.38
2026-01-16 04:45:00,DE-SOUTH,South Plant,Assembly & Charging,2497.912,0.19,69.778,377.331,0.437,0.38
2026-01-16 05:00:00,DE-SOUTH,South Plant,Assembly & Charging,2382.227,0.19,74.715,396.067,0.282,0.38
2026-01-16 05:15:00,DE-SOUTH,South Plant,Assembly & Charging,2454.26,0.19,81.273,374.904,0.667,0.38
2026-01-16 05:30:00,DE-SOUTH,South Plant,Assembly & Charging,2708.03,0.19,68.304,405.711,-0.098,0.38
2026-01-16 05:45:00,DE-SOUTH,South Plant,Assembly & Charging,2606.67,0.19,77.011,369.665,-0.322,0.38
2026-01-16 06:00:00,DE-SOUTH,South Plant,Assembly & Charging,3724.424,0.19,72.853,398.675,-0.323,0.98
2026-01-16 06:15:00,DE-SOUTH,South Plant,Assembly & Charging,4044.183,0.19,69.957,362.864,0.072,0.98
2026-01-16 06:30:00,DE-SOUTH,South Plant,Assembly & Charging,3696.348,0.19,70.941,382.95,0.533,0.98
2026-01-16 06:45:00,DE-SOUTH,South Plant,Assembly & Charging,3921.451,0.19,68.062,354.026,-0.325,0.98
2026-01-16 07:00:00,DE-SOUTH,South Plant,Assembly & Charging,3709.003,0.19,66.807,323.016,-0.267,0.98
2026-01-16 07:15:00,DE-SOUTH,South Plant,Assembly & Charging,3864.711,0.19,63.224,317.407,-1.044,0.98
2026-01-16 07:30:00,DE-SOUTH,South Plant,Assembly & Charging,3801.774,0.19,57.694,321.748,-1.453,0.98
2026-01-16 07:45:00,DE-SOUTH,South Plant,Assembly & Charging,3969.048,0.19,55.476,313.988,-0.532,0.98
2026-01-16 08:00:00,DE-SOUTH,South Plant,Assembly & Charging,3985.504,0.19,62.565,289.817,-0.88,0.98
2026-01-16 08:15:00,DE-SOUTH,South Plant,Assembly & Charging,3993.335,0.19,57.089,280.881,-1.985,0.98
2026-01-16 08:30:00,DE-SOUTH,South Plant,Assembly & Charging,4138.658,0.19,54.007,279.539,-1.187,0.98
2026-01-16 08:45:00,DE-SOUTH,South Plant,Assembly & Charging,4011.68,0.19,54.585,262.568,-0.962,0.98
2026-01-16 09:00:00,DE-SOUTH,South Plant,Assembly & Charging,4115.744,0.19,55.869,236.504,-1.187,0.98
2026-01-16 09:15:00,DE-SOUTH,South Plant,Assembly & Charging,4162.969,0.19,51.547,233.84,0.303,0.98
2026-01-16 09:30:00,DE-SOUTH,South Plant,Assembly & Charging,3975.145,0.19,46.355,238.55,-0.284,0.98
2026-01-16 09:45:00,DE-SOUTH,South Plant,Assembly & Charging,4043.018,0.19,52.078,243.043,0.477,0.98
2026-01-16 10:00:00,DE-SOUTH,South Plant,Assembly & Charging,4126.293,0.19,51.743,241.204,-0.146,0.98
2026-01-16 10:15:00,DE-SOUTH,South Plant,Assembly & Charging,4177.95,0.19,45.742,225.176,-0.1,0.98
2026-01-16 10:30:00,DE-SOUTH,South Plant,Assembly & Charging,4250.009,0.19,46.099,213.956,-0.622,0.98
2026-01-16 10:45:00,DE-SOUTH,South Plant,Assembly & Charging,4085.078,0.19,45.735,214.884,0.249,0.98
2026-01-16 11:00:00,DE-SOUTH,South Plant,Assembly & Charging,4060.57,0.19,43.991,194.01,0.474,0.98
2026-01-16 11:15:00,DE-SOUTH,South Plant,Assembly & Charging,4000.517,0.19,40.786,197.029,-0.254,0.98
2026-01-16 11:30:00,DE-SOUTH,South Plant,Assembly & Charging,4079.438,0.19,39.751,186.596,0.579,0.98
2026-01-16 11:45:00,DE-SOUTH,South Plant,Assembly & Charging,3994.551,0.19,38.644,179.899,0.996,0.98
2026-01-16 12:00:00,DE-SOUTH,South Plant,Assembly & Charging,3961.627,0.19,31.572,198.084,1.789,0.98
2026-01-16 12:15:00,DE-SOUTH,South Plant,Assembly & Charging,3945.314,0.19,38.357,196.322,2.112,0.98
2026-01-16 12:30:00,DE-SOUTH,South Plant,Assembly & Charging,3976.78,0.19,29.926,203.202,1.68,0.98
2026-01-16 12:45:00,DE-SOUTH,South Plant,Assembly & Charging,3834.023,0.19,32.176,203.222,2.721,0.98
2026-01-16 13:00:00,DE-SOUTH,South Plant,Assembly & Charging,3784.368,0.19,40.79,202.189,2.578,0.98
2026-01-16 13:15:00,DE-SOUTH,South Plant,Assembly & Charging,3876.318,0.19,39.381,209.487,1.016,0.98
2026-01-16 13:30:00,DE-SOUTH,South Plant,Assembly & Charging,3514.15,0.19,42.644,206.781,3.008,0.98
2026-01-16 13:45:00,DE-SOUTH,South Plant,Assembly & Charging,3688.44,0.19,36.523,217.726,4.428,0.98
2026-01-16 14:00:00,DE-SOUTH,South Plant,Assembly & Charging,3426.54,0.19,34.165,210.566,2.823,0.88
2026-01-16 14:15:00,DE-SOUTH,South Plant,Assembly & Charging,3599.411,0.19,39.234,231.289,4.406,0.88
2026-01-16 14:30:00,DE-SOUTH,South Plant,Assembly & Charging,3417.721,0.19,42.291,243.542,5.762,0.88
2026-01-16 14:45:00,DE-SOUTH,South Plant,Assembly & Charging,3403.458,0.19,44.159,237.268,4.443,0.88
2026-01-16 15:00:00,DE-SOUTH,South Plant,Assembly & Charging,3428.156,0.19,50.611,256.827,5.296,0.88
2026-01-16 15:15:00,DE-SOUTH,South Plant,Assembly & Charging,3376.17,0.19,47.133,260.723,4.694,0.88
2026-01-16 15:30:00,DE-SOUTH,South Plant,Assembly & Charging,3365.397,0.19,52.747,274.943,7.052,0.88
2026-01-16 15:45:00,DE-SOUTH,South Plant,Assembly & Charging,3419.176,0.19,50.381,281.794,6.153,0.88
2026-01-16 16:00:00,DE-SOUTH,South Plant,Assembly & Charging,3372.814,0.19,59.34,325.376,6.533,0.88
2026-01-16 16:15:00,DE-SOUTH,South Plant,Assembly & Charging,3368.657,0.19,60.92,338.579,7.726,0.88
2026-01-16 16:30:00,DE-SOUTH,South Plant,Assembly & Charging,3331.076,0.19,61.39,348.366,7.507,0.88
2026-01-16 16:45:00,DE-SOUTH,South Plant,Assembly & Charging,3342.732,0.19,66.979,382.012,6.684,0.88
2026-01-16 17:00:00,DE-SOUTH,South Plant,Assembly & Charging,3467.901,0.19,70.703,372.561,7.082,0.88
2026-01-16 17:15:00,DE-SOUTH,South Plant,Assembly & Charging,3502.762,0.19,73.789,427.498,8.106,0.88
2026-01-16 17:30:00,DE-SOUTH,South Plant,Assembly & Charging,3377.982,0.19,85.225,404.212,7.53,0.88
2026-01-16 17:45:00,DE-SOUTH,South Plant,Assembly & Charging,3611.157,0.19,80.788,425.12,6.675,0.88
2026-01-16 18:00:00,DE-SOUTH,South Plant,Assembly & Charging,3624.599,0.19,82.96,431.471,8.293,0.88
2026-01-16 18:15:00,DE-SOUTH,South Plant,Assembly & Charging,3682.202,0.19,76.067,442.341,7.448,0.88
2026-01-16 18:30:00,DE-SOUTH,South Plant,Assembly & Charging,3628.978,0.19,81.039,448.332,9.751,0.88
2026-01-16 18:45:00,DE-SOUTH,South Plant,Assembly & Charging,3698.498,0.19,83.352,436.144,8.858,0.88
2026-01-16 19:00:00,DE-SOUTH,South Plant,Assembly & Charging,3873.782,0.19,81.087,456.842,8.196,0.88
2026-01-16 19:15:00,DE-SOUTH,South Plant,Assembly & Charging,3675.649,0.19,88.448,435.29,8.415,0.88
2026-01-16 19:30:00,DE-SOUTH,South Plant,Assembly & Charging,3642.253,0.19,81.055,431.587,7.635,0.88
2026-01-16 19:45:00,DE-SOUTH,South Plant,Assembly & Charging,3615.634,0.19,85.417,412.55,8.22,0.88
2026-01-16 20:00:00,DE-SOUTH,South Plant,Assembly & Charging,3916.911,0.19,78.875,422.992,9.711,0.88
2026-01-16 20:15:00,DE-SOUTH,South Plant,Assembly & Charging,3926.334,0.19,77.02,410.482,10.552,0.88
2026-01-16 20:30:00,DE-SOUTH,South Plant,Assembly & Charging,3707.617,0.19,74.703,398.731,9.466,0.88
2026-01-16 20:45:00,DE-SOUTH,South Plant,Assembly & Charging,3740.388,0.19,73.262,390.67,8.839,0.88
2026-01-16 21:00:00,DE-SOUTH,South Plant,Assembly & Charging,3784.309,0.19,78.365,426.202,8.527,0.88
2026-01-16 21:15:00,DE-SOUTH,South Plant,Assembly & Charging,3928.427,0.19,60.554,385.472,8.065,0.88
2026-01-16 21:30:00,DE-SOUTH,South Plant,Assembly & Charging,3678.231,0.19,60.3,366.093,10.061,0.88
2026-01-16 21:45:00,DE-SOUTH,South Plant,Assembly & Charging,3625.724,0.19,64.762,370.666,8.352,0.88
2026-01-16 22:00:00,DE-SOUTH,South Plant,Assembly & Charging,2871.536,0.19,65.788,374.46,9.811,0.38
2026-01-16 22:15:00,DE-SOUTH,South Plant,Assembly & Charging,2699.769,0.19,67.455,378.249,9.133,0.38
2026-01-16 22:30:00,DE-SOUTH,South Plant,Assembly & Charging,2722.335,0.19,65.716,375.517,6.748,0.38
2026-01-16 22:45:00,DE-SOUTH,South Plant,Assembly & Charging,2641.277,0.19,61.572,374.676,7.293,0.38
2026-01-16 23:00:00,DE-SOUTH,South Plant,Assembly & Charging,2685.804,0.19,66.61,356.995,7.067,0.38
2026-01-16 23:15:00,DE-SOUTH,South Plant,Assembly & Charging,2486.267,0.19,66.203,367.418,7.241,0.38
2026-01-16 23:30:00,DE-SOUTH,South Plant,Assembly & Charging,2528.564,0.19,62.474,351.785,7.002,0.38
2026-01-16 23:45:00,DE-SOUTH,South Plant,Assembly & Charging,2573.614,0.19,65.333,354.135,8.875,0.38
2026-01-17 00:00:00,DE-SOUTH,South Plant,Assembly & Charging,2161.508,0.19,61.887,348.262,5.746,0.28
2026-01-17 00:15:00,DE-SOUTH,South Plant,Assembly & Charging,2312.788,0.19,58.607,345.288,6.372,0.28
2026-01-17 00:30:00,DE-SOUTH,South Plant,Assembly & Charging,2288.48,0.19,63.709,372.612,6.345,0.28
2026-01-17 00:45:00,DE-SOUTH,South Plant,Assembly & Charging,2283.35,0.19,61.436,368.415,5.606,0.28
2026-01-17 01:00:00,DE-SOUTH,South Plant,Assembly & Charging,2246.638,0.19,61.087,372.2,5.371,0.28
2026-01-17 01:15:00,DE-SOUTH,South Plant,Assembly & Charging,2202.854,0.19,67.078,361.297,4.244,0.28
2026-01-17 01:30:00,DE-SOUTH,South Plant,Assembly & Charging,2110.64,0.19,51.504,370.509,4.727,0.28
2026-01-17 01:45:00,DE-SOUTH,South Plant,Assembly & Charging,2277.298,0.19,55.781,340.43,4.685,0.28
2026-01-17 02:00:00,DE-SOUTH,South Plant,Assembly & Charging,2233.517,0.19,56.872,372.318,4.229,0.28
2026-01-17 02:15:00,DE-SOUTH,South Plant,Assembly & Charging,2132.671,0.19,60.366,364.496,4.072,0.28
2026-01-17 02:30:00,DE-SOUTH,South Plant,Assembly & Charging,2256.54,0.19,61.034,370.321,4.336,0.28
2026-01-17 02:45:00,DE-SOUTH,South Plant,Assembly & Charging,2230.849,0.19,56.295,367.796,3.68,0.28
2026-01-17 03:00:00,DE-SOUTH,South Plant,Assembly & Charging,2227.894,0.19,58.699,351.844,2.756,0.28
2026-01-17 03:15:00,DE-SOUTH,South Plant,Assembly & Charging,2092.609,0.19,59.559,346.18,1.573,0.28
2026-01-17 03:30:00,DE-SOUTH,South Plant,Assembly & Charging,2355.401,0.19,73.246,356.092,1.667,0.28
2026-01-17 03:45:00,DE-SOUTH,South Plant,Assembly & Charging,2193.943,0.19,71.09,371.908,1.635,0.28
2026-01-17 04:00:00,DE-SOUTH,South Plant,Assembly & Charging,2323.112,0.19,62.758,373.914,1.677,0.28
2026-01-17 04:15:00,DE-SOUTH,South Plant,Assembly & Charging,2267.49,0.19,63.526,349.732,0.887,0.28
2026-01-17 04:30:00,DE-SOUTH,South Plant,Assembly & Charging,2327.736,0.19,61.012,354.9,0.301,0.28
2026-01-17 04:45:00,DE-SOUTH,South Plant,Assembly & Charging,2488.712,0.19,58.652,358.53,-0.128,0.28
2026-01-17 05:00:00,DE-SOUTH,South Plant,Assembly & Charging,2457.466,0.19,66.533,363.466,-0.691,0.28
2026-01-17 05:15:00,DE-SOUTH,South Plant,Assembly & Charging,2523.242,0.19,63.758,351.963,0.076,0.28
2026-01-17 05:30:00,DE-SOUTH,South Plant,Assembly & Charging,2481.797,0.19,68.179,351.804,-0.996,0.28
2026-01-17 05:45:00,DE-SOUTH,South Plant,Assembly & Charging,2505.95,0.19,62.893,359.576,-0.858,0.28
2026-01-17 06:00:00,DE-SOUTH,South Plant,Assembly & Charging,2710.154,0.19,67.013,371.048,-0.606,0.46
2026-01-17 06:15:00,DE-SOUTH,South Plant,Assembly & Charging,2870.988,0.19,69.501,344.982,-1.42,0.46
2026-01-17 06:30:00,DE-SOUTH,South Plant,Assembly & Charging,2888.069,0.19,69.182,346.949,-0.354,0.46
2026-01-17 06:45:00,DE-SOUTH,South Plant,Assembly & Charging,3034.514,0.19,68.156,350.334,-0.216,0.46
2026-01-17 07:00:00,DE-SOUTH,South Plant,Assembly & Charging,2903.927,0.19,59.922,311.452,-1.214,0.46
2026-01-17 07:15:00,DE-SOUTH,South Plant,Assembly & Charging,2985.783,0.19,67.282,314.235,-1.21,0.46
2026-01-17 07:30:00,DE-SOUTH,South Plant,Assembly & Charging,2985.596,0.19,59.26,318.893,-0.581,0.46
2026-01-17 07:45:00,DE-SOUTH,South Plant,Assembly & Charging,3085.094,0.19,63.527,291.748,-1.489,0.46
2026-01-17 08:00:00,DE-SOUTH,South Plant,Assembly & Charging,2972.79,0.19,59.425,280.386,-1.548,0.46
2026-01-17 08:15:00,DE-SOUTH,South Plant,Assembly & Charging,3045.424,0.19,52.377,292.111,-0.152,0.46
2026-01-17 08:30:00,DE-SOUTH,South Plant,Assembly & Charging,2816.13,0.19,54.985,265.769,-0.338,0.46
2026-01-17 08:45:00,DE-SOUTH,South Plant,Assembly & Charging,2819.318,0.19,56.042,274.448,-0.483,0.46
2026-01-17 09:00:00,DE-SOUTH,South Plant,Assembly & Charging,2746.552,0.19,55.343,258.583,-0.182,0.46
2026-01-17 09:15:00,DE-SOUTH,South Plant,Assembly & Charging,3029.758,0.19,50.635,242.092,-2.119,0.46
2026-01-17 09:30:00,DE-SOUTH,South Plant,Assembly & Charging,2980.14,0.19,55.651,245.293,0.328,0.46
2026-01-17 09:45:00,DE-SOUTH,South Plant,Assembly & Charging,2988.239,0.19,51.917,237.304,-0.21,0.46
2026-01-17 10:00:00,DE-SOUTH,South Plant,Assembly & Charging,2821.345,0.19,45.284,240.251,0.377,0.46
2026-01-17 10:15:00,DE-SOUTH,South Plant,Assembly & Charging,2813.302,0.19,47.816,216.608,0.114,0.46
2026-01-17 10:30:00,DE-SOUTH,South Plant,Assembly & Charging,2831.51,0.19,51.159,219.541,0.067,0.46
2026-01-17 10:45:00,DE-SOUTH,South Plant,Assembly & Charging,2949.747,0.19,49.995,214.859,0.048,0.46
2026-01-17 11:00:00,DE-SOUTH,South Plant,Assembly & Charging,2942.5,0.19,36.109,221.309,0.721,0.46
2026-01-17 11:15:00,DE-SOUTH,South Plant,Assembly & Charging,2841.067,0.19,36.336,198.55,0.485,0.46
2026-01-17 11:30:00,DE-SOUTH,South Plant,Assembly & Charging,2766.526,0.19,45.17,221.796,1.564,0.46
2026-01-17 11:45:00,DE-SOUTH,South Plant,Assembly & Charging,2850.479,0.19,34.362,214.693,0.112,0.46
2026-01-17 12:00:00,DE-SOUTH,South Plant,Assembly & Charging,2677.786,0.19,32.857,193.58,1.121,0.46
2026-01-17 12:15:00,DE-SOUTH,South Plant,Assembly & Charging,2627.212,0.19,35.948,224.969,3.22,0.46
2026-01-17 12:30:00,DE-SOUTH,South Plant,Assembly & Charging,2651.396,0.19,39.519,239.185,1.648,0.46
2026-01-17 12:45:00,DE-SOUTH,South Plant,Assembly & Charging,2556.673,0.19,37.581,227.147,2.226,0.46
2026-01-17 13:00:00,DE-SOUTH,South Plant,Assembly & Charging,2620.789,0.19,35.754,235.867,2.088,0.46
2026-01-17 13:15:00,DE-SOUTH,South Plant,Assembly & Charging,2517.74,0.19,36.244,224.284,3.26,0.46
2026-01-17 13:30:00,DE-SOUTH,South Plant,Assembly & Charging,2711.528,0.19,36.905,208.769,2.832,0.46
2026-01-17 13:45:00,DE-SOUTH,South Plant,Assembly & Charging,2661.07,0.19,37.285,212.992,3.543,0.46
2026-01-17 14:00:00,DE-SOUTH,South Plant,Assembly & Charging,2576.292,0.19,51.223,245.6,4.594,0.38
2026-01-17 14:15:00,DE-SOUTH,South Plant,Assembly & Charging,2314.62,0.19,44.834,243.891,3.838,0.38
2026-01-17 14:30:00,DE-SOUTH,South Plant,Assembly & Charging,2627.689,0.19,49.001,249.541,5.205,0.38
2026-01-17 14:45:00,DE-SOUTH,South Plant,Assembly & Charging,2323.206,0.19,45.575,270.37,5.551,0.38
2026-01-17 15:00:00,DE-SOUTH,South Plant,Assembly & Charging,2366.191,0.19,49.134,290.204,6.033,0.38
2026-01-17 15:15:00,DE-SOUTH,South Plant,Assembly & Charging,2437.742,0.19,49.635,278.146,5.706,0.38
2026-01-17 15:30:00,DE-SOUTH,South Plant,Assembly & Charging,2604.699,0.19,44.746,303.977,8.182,0.38
2026-01-17 15:45:00,DE-SOUTH,South Plant,Assembly & Charging,2539.268,0.19,52.937,342.209,6.95,0.38
2026-01-17 16:00:00,DE-SOUTH,South Plant,Assembly & Charging,2519.959,0.19,54.505,326.742,6.727,0.38
2026-01-17 16:15:00,DE-SOUTH,South Plant,Assembly & Charging,2497.566,0.19,56.206,366.313,6.165,0.38
2026-01-17 16:30:00,DE-SOUTH,South Plant,Assembly & Charging,2458.551,0.19,63.99,366.775,6.976,0.38
2026-01-17 16:45:00,DE-SOUTH,South Plant,Assembly & Charging,2692.505,0.19,77.683,396.124,8.295,0.38
2026-01-17 17:00:00,DE-SOUTH,South Plant,Assembly & Charging,2678.798,0.19,75.797,419.745,8.732,0.38
2026-01-17 17:15:00,DE-SOUTH,South Plant,Assembly & Charging,2747.669,0.19,84.635,432.237,8.794,0.38
2026-01-17 17:30:00,DE-SOUTH,South Plant,Assembly & Charging,2682.609,0.19,84.45,450.517,8.516,0.38
2026-01-17 17:45:00,DE-SOUTH,South Plant,Assembly & Charging,2437.81,0.19,89.036,441.306,7.278,0.38
2026-01-17 18:00:00,DE-SOUTH,South Plant,Assembly & Charging,2563.805,0.19,85.108,483.038,8.671,0.38
2026-01-17 18:15:00,DE-SOUTH,South Plant,Assembly & Charging,2739.892,0.19,91.374,461.392,7.615,0.38
2026-01-17 18:30:00,DE-SOUTH,South Plant,Assembly & Charging,2674.125,0.19,92.393,475.454,7.578,0.38
2026-01-17 18:45:00,DE-SOUTH,South Plant,Assembly & Charging,2649.95,0.19,86.994,474.887,8.902,0.38
2026-01-17 19:00:00,DE-SOUTH,South Plant,Assembly & Charging,2601.092,0.19,90.995,475.821,9.196,0.38
2026-01-17 19:15:00,DE-SOUTH,South Plant,Assembly & Charging,2782.261,0.19,90.134,471.103,9.536,0.38
2026-01-17 19:30:00,DE-SOUTH,South Plant,Assembly & Charging,2737.271,0.19,84.482,452.974,9.305,0.38
2026-01-17 19:45:00,DE-SOUTH,South Plant,Assembly & Charging,2734.673,0.19,80.749,442.096,9.361,0.38
2026-01-17 20:00:00,DE-SOUTH,South Plant,Assembly & Charging,2634.074,0.19,78.873,463.311,8.311,0.38
2026-01-17 20:15:00,DE-SOUTH,South Plant,Assembly & Charging,2689.234,0.19,82.199,449.188,8.916,0.38
2026-01-17 20:30:00,DE-SOUTH,South Plant,Assembly & Charging,2548.959,0.19,81.34,454.643,7.902,0.38
2026-01-17 20:45:00,DE-SOUTH,South Plant,Assembly & Charging,2645.355,0.19,75.038,434.184,7.502,0.38
2026-01-17 21:00:00,DE-SOUTH,South Plant,Assembly & Charging,2392.89,0.19,76.54,411.883,9.348,0.38
2026-01-17 21:15:00,DE-SOUTH,South Plant,Assembly & Charging,2471.033,0.19,77.034,434.661,8.207,0.38
2026-01-17 21:30:00,DE-SOUTH,South Plant,Assembly & Charging,2552.206,0.19,75.668,413.355,9.23,0.38
2026-01-17 21:45:00,DE-SOUTH,South Plant,Assembly & Charging,2773.298,0.19,77.996,417.12,9.26,0.38
2026-01-17 22:00:00,DE-SOUTH,South Plant,Assembly & Charging,2181.615,0.19,75.649,400.988,7.897,0.28
2026-01-17 22:15:00,DE-SOUTH,South Plant,Assembly & Charging,2205.417,0.19,65.453,424.767,8.571,0.28
2026-01-17 22:30:00,DE-SOUTH,South Plant,Assembly & Charging,2328.516,0.19,75.269,391.315,7.504,0.28
2026-01-17 22:45:00,DE-SOUTH,South Plant,Assembly & Charging,2460.614,0.19,65.636,395.071,6.467,0.28
2026-01-17 23:00:00,DE-SOUTH,South Plant,Assembly & Charging,2291.362,0.19,71.301,398.136,7.622,0.28
2026-01-17 23:15:00,DE-SOUTH,South Plant,Assembly & Charging,2327.95,0.19,66.872,381.852,6.967,0.28
2026-01-17 23:30:00,DE-SOUTH,South Plant,Assembly & Charging,2223.732,0.19,64.532,397.364,6.736,0.28
2026-01-17 23:45:00,DE-SOUTH,South Plant,Assembly & Charging,2183.221,0.19,58.614,411.451,8.161,0.28
2026-01-18 00:00:00,DE-SOUTH,South Plant,Assembly & Charging,2255.653,0.19,64.387,383.327,5.432,0.28
2026-01-18 00:15:00,DE-SOUTH,South Plant,Assembly & Charging,2172.977,0.19,58.801,393.594,6.479,0.28
2026-01-18 00:30:00,DE-SOUTH,South Plant,Assembly & Charging,2307.237,0.19,68.878,355.482,5.217,0.28
2026-01-18 00:45:00,DE-SOUTH,South Plant,Assembly & Charging,2087.254,0.19,71.051,387.615,6.243,0.28
2026-01-18 01:00:00,DE-SOUTH,South Plant,Assembly & Charging,2322.162,0.19,61.779,383.917,5.503,0.28
2026-01-18 01:15:00,DE-SOUTH,South Plant,Assembly & Charging,2253.828,0.19,66.169,377.428,5.241,0.28
2026-01-18 01:30:00,DE-SOUTH,South Plant,Assembly & Charging,2251.716,0.19,62.067,399.789,3.991,0.28
2026-01-18 01:45:00,DE-SOUTH,South Plant,Assembly & Charging,2135.907,0.19,62.479,382.445,3.791,0.28
2026-01-18 02:00:00,DE-SOUTH,South Plant,Assembly & Charging,2200.008,0.19,68.138,383.764,4.649,0.28
2026-01-18 02:15:00,DE-SOUTH,South Plant,Assembly & Charging,2408.422,0.19,64.957,380.889,4.913,0.28
2026-01-18 02:30:00,DE-SOUTH,South Plant,Assembly & Charging,2310.739,0.19,72.173,361.923,3.684,0.28
2026-01-18 02:45:00,DE-SOUTH,South Plant,Assembly & Charging,2385.471,0.19,63.422,370.838,2.396,0.28
2026-01-18 03:00:00,DE-SOUTH,South Plant,Assembly & Charging,2294.803,0.19,69.526,395.441,2.943,0.28
2026-01-18 03:15:00,DE-SOUTH,South Plant,Assembly & Charging,2379.466,0.19,66.139,358.063,4.092,0.28
2026-01-18 03:30:00,DE-SOUTH,South Plant,Assembly & Charging,2297.731,0.19,69.201,373.652,2.158,0.28
2026-01-18 03:45:00,DE-SOUTH,South Plant,Assembly & Charging,2443.277,0.19,64.548,377.508,2.812,0.28
2026-01-18 04:00:00,DE-SOUTH,South Plant,Assembly & Charging,2504.938,0.19,66.509,402.675,0.982,0.28
2026-01-18 04:15:00,DE-SOUTH,South Plant,Assembly & Charging,2516.325,0.19,66.668,390.414,1.193,0.28
2026-01-18 04:30:00,DE-SOUTH,South Plant,Assembly & Charging,2420.814,0.19,64.257,373.937,1.39,0.28
2026-01-18 04:45:00,DE-SOUTH,South Plant,Assembly & Charging,2490.377,0.19,70.767,395.703,0.981,0.28
2026-01-18 05:00:00,DE-SOUTH,South Plant,Assembly & Charging,2592.979,0.19,71.275,370.582,-0.072,0.28
2026-01-18 05:15:00,DE-SOUTH,South Plant,Assembly & Charging,2538.81,0.19,71.634,390.991,-0.326,0.28
2026-01-18 05:30:00,DE-SOUTH,South Plant,Assembly & Charging,2529.658,0.19,76.012,361.985,0.725,0.28
2026-01-18 05:45:00,DE-SOUTH,South Plant,Assembly & Charging,2732.844,0.19,76.271,390.576,0.677,0.28
2026-01-18 06:00:00,DE-SOUTH,South Plant,Assembly & Charging,2876.533,0.19,69.573,372.225,0.728,0.46
2026-01-18 06:15:00,DE-SOUTH,South Plant,Assembly & Charging,3058.801,0.19,71.242,352.711,0.778,0.46
2026-01-18 06:30:00,DE-SOUTH,South Plant,Assembly & Charging,2867.342,0.19,65.897,350.449,-0.525,0.46
2026-01-18 06:45:00,DE-SOUTH,South Plant,Assembly & Charging,3027.921,0.19,67.083,344.481,-0.952,0.46
2026-01-18 07:00:00,DE-SOUTH,South Plant,Assembly & Charging,3012.418,0.19,63.136,323.46,0.116,0.46
2026-01-18 07:15:00,DE-SOUTH,South Plant,Assembly & Charging,2895.458,0.19,70.504,324.483,-0.405,0.46
2026-01-18 07:30:00,DE-SOUTH,South Plant,Assembly & Charging,2829.092,0.19,63.904,299.52,-1.645,0.46
2026-01-18 07:45:00,DE-SOUTH,South Plant,Assembly & Charging,2744.561,0.19,59.94,302.929,-1.713,0.46
2026-01-18 08:00:00,DE-SOUTH,South Plant,Assembly & Charging,2836.562,0.19,63.887,290.094,-0.656,0.46
2026-01-18 08:15:00,DE-SOUTH,South Plant,Assembly & Charging,2922.887,0.19,48.674,273.737,-1.113,0.46
2026-01-18 08:30:00,DE-SOUTH,South Plant,Assembly & Charging,2755.052,0.19,47.497,259.273,-0.976,0.46
2026-01-18 08:45:00,DE-SOUTH,South Plant,Assembly & Charging,2829.738,0.19,56.898,256.95,-0.153,0.46
2026-01-18 09:00:00,DE-SOUTH,South Plant,Assembly & Charging,2666.561,0.19,52.098,252.796,-0.298,0.46
2026-01-18 09:15:00,DE-SOUTH,South Plant,Assembly & Charging,2750.665,0.19,50.998,262.533,0.196,0.46
2026-01-18 09:30:00,DE-SOUTH,South Plant,Assembly & Charging,2668.088,0.19,42.85,241.233,-1.971,0.46
2026-01-18 09:45:00,DE-SOUTH,South Plant,Assembly & Charging,2726.747,0.19,46.262,234.444,-0.307,0.46
2026-01-18 10:00:00,DE-SOUTH,South Plant,Assembly & Charging,2664.71,0.19,52.63,253.198,0.156,0.46
2026-01-18 10:15:00,DE-SOUTH,South Plant,Assembly & Charging,2599.146,0.19,46.257,216.392,-1.226,0.46
2026-01-18 10:30:00,DE-SOUTH,South Plant,Assembly & Charging,2623.957,0.19,42.089,210.767,-0.425,0.46
2026-01-18 10:45:00,DE-SOUTH,South Plant,Assembly & Charging,2586.026,0.19,38.227,208.858,-0.348,0.46
2026-01-18 11:00:00,DE-SOUTH,South Plant,Assembly & Charging,2534.086,0.19,37.119,184.491,0.48,0.46
2026-01-18 11:15:00,DE-SOUTH,South Plant,Assembly & Charging,2729.751,0.19,29.052,188.21,1.843,0.46
2026-01-18 11:30:00,DE-SOUTH,South Plant,Assembly & Charging,2591.404,0.19,37.64,185.17,2.372,0.46
2026-01-18 11:45:00,DE-SOUTH,South Plant,Assembly & Charging,2442.906,0.19,39.212,197.508,0.652,0.46
2026-01-18 12:00:00,DE-SOUTH,South Plant,Assembly & Charging,2576.211,0.19,28.938,186.945,1.869,0.46
2026-01-18 12:15:00,DE-SOUTH,South Plant,Assembly & Charging,2718.093,0.19,32.202,190.816,2.18,0.46
2026-01-18 12:30:00,DE-SOUTH,South Plant,Assembly & Charging,2575.112,0.19,30.03,203.174,2.358,0.46
2026-01-18 12:45:00,DE-SOUTH,South Plant,Assembly & Charging,2787.816,0.19,30.82,202.319,2.672,0.46
2026-01-18 13:00:00,DE-SOUTH,South Plant,Assembly & Charging,2588.604,0.19,35.135,192.753,2.919,0.46
2026-01-18 13:15:00,DE-SOUTH,South Plant,Assembly & Charging,2715.6,0.19,27.046,190.313,4.206,0.46
2026-01-18 13:30:00,DE-SOUTH,South Plant,Assembly & Charging,2783.88,0.19,38.535,216.597,4.119,0.46
2026-01-18 13:45:00,DE-SOUTH,South Plant,Assembly & Charging,2763.967,0.19,40.028,217.879,2.931,0.46
2026-01-18 14:00:00,DE-SOUTH,South Plant,Assembly & Charging,2440.651,0.19,37.193,195.97,4.557,0.38
2026-01-18 14:15:00,DE-SOUTH,South Plant,Assembly & Charging,2496.974,0.19,29.718,219.21,4.952,0.38
2026-01-18 14:30:00,DE-SOUTH,South Plant,Assembly & Charging,2709.482,0.19,37.365,233.777,4.873,0.38
2026-01-18 14:45:00,DE-SOUTH,South Plant,Assembly & Charging,2544.178,0.19,48.264,251.079,5.767,0.38
2026-01-18 15:00:00,DE-SOUTH,South Plant,Assembly & Charging,2728.512,0.19,34.477,263.718,5.426,0.38
2026-01-18 15:15:00,DE-SOUTH,South Plant,Assembly & Charging,2618.359,0.19,46.725,268.372,5.748,0.38
2026-01-18 15:30:00,DE-SOUTH,South Plant,Assembly & Charging,2685.417,0.19,46.18,285.215,5.998,0.38
2026-01-18 15:45:00,DE-SOUTH,South Plant,Assembly & Charging,2576.187,0.19,57.14,293.168,4.799,0.38
2026-01-18 16:00:00,DE-SOUTH,South Plant,Assembly & Charging,2643.805,0.19,54.451,299.384,6.444,0.38
2026-01-18 16:15:00,DE-SOUTH,South Plant,Assembly & Charging,2632.694,0.19,62.161,320.12,6.31,0.38
2026-01-18 16:30:00,DE-SOUTH,South Plant,Assembly & Charging,2741.618,0.19,66.315,339.794,6.213,0.38
2026-01-18 16:45:00,DE-SOUTH,South Plant,Assembly & Charging,2714.81,0.19,74.958,355.765,8.301,0.38
2026-01-18 17:00:00,DE-SOUTH,South Plant,Assembly & Charging,2755.147,0.19,70.346,350.231,7.888,0.38
2026-01-18 17:15:00,DE-SOUTH,South Plant,Assembly & Charging,2670.754,0.19,76.119,384.565,7.738,0.38
2026-01-18 17:30:00,DE-SOUTH,South Plant,Assembly & Charging,2629.666,0.19,71.973,406.028,7.571,0.38
2026-01-18 17:45:00,DE-SOUTH,South Plant,Assembly & Charging,2715.709,0.19,85.744,417.289,8.365,0.38
2026-01-18 18:00:00,DE-SOUTH,South Plant,Assembly & Charging,2590.932,0.19,80.723,432.088,9.024,0.38
2026-01-18 18:15:00,DE-SOUTH,South Plant,Assembly & Charging,2780.069,0.19,82.071,442.733,7.905,0.38
2026-01-18 18:30:00,DE-SOUTH,South Plant,Assembly & Charging,2651.37,0.19,84.413,424.562,8.616,0.38
2026-01-18 18:45:00,DE-SOUTH,South Plant,Assembly & Charging,2608.666,0.19,78.068,417.381,9.342,0.38
2026-01-18 19:00:00,DE-SOUTH,South Plant,Assembly & Charging,2680.063,0.19,84.69,430.952,7.474,0.38
2026-01-18 19:15:00,DE-SOUTH,South Plant,Assembly & Charging,2598.011,0.19,86.764,441.4,8.864,0.38
2026-01-18 19:30:00,DE-SOUTH,South Plant,Assembly & Charging,2436.975,0.19,82.888,448.606,8.657,0.38
2026-01-18 19:45:00,DE-SOUTH,South Plant,Assembly & Charging,2466.891,0.19,73.939,433.06,8.896,0.38
2026-01-18 20:00:00,DE-SOUTH,South Plant,Assembly & Charging,2638.487,0.19,78.193,400.77,8.649,0.38
2026-01-18 20:15:00,DE-SOUTH,South Plant,Assembly & Charging,2525.119,0.19,79.928,409.922,9.086,0.38
2026-01-18 20:30:00,DE-SOUTH,South Plant,Assembly & Charging,2333.364,0.19,67.663,409.931,10.304,0.38
2026-01-18 20:45:00,DE-SOUTH,South Plant,Assembly & Charging,2513.071,0.19,69.093,403.141,8.677,0.38
2026-01-18 21:00:00,DE-SOUTH,South Plant,Assembly & Charging,2409.385,0.19,75.171,401.833,9.034,0.38
2026-01-18 21:15:00,DE-SOUTH,South Plant,Assembly & Charging,2353.807,0.19,71.115,379.047,10.131,0.38
2026-01-18 21:30:00,DE-SOUTH,South Plant,Assembly & Charging,2334.398,0.19,70.185,385.97,8.234,0.38
2026-01-18 21:45:00,DE-SOUTH,South Plant,Assembly & Charging,2500.664,0.19,74.631,385.897,9.755,0.38
2026-01-18 22:00:00,DE-SOUTH,South Plant,Assembly & Charging,2042.099,0.19,67.89,386.987,8.334,0.28
2026-01-18 22:15:00,DE-SOUTH,South Plant,Assembly & Charging,2127.446,0.19,67.639,364.209,9.405,0.28
2026-01-18 22:30:00,DE-SOUTH,South Plant,Assembly & Charging,2220.068,0.19,75.007,367.093,8.492,0.28
2026-01-18 22:45:00,DE-SOUTH,South Plant,Assembly & Charging,2356.612,0.19,62.619,336.671,7.974,0.28
2026-01-18 23:00:00,DE-SOUTH,South Plant,Assembly & Charging,2272.196,0.19,59.733,360.016,7.49,0.28
2026-01-18 23:15:00,DE-SOUTH,South Plant,Assembly & Charging,2158.206,0.19,64.21,359.958,6.86,0.28
2026-01-18 23:30:00,DE-SOUTH,South Plant,Assembly & Charging,2377.965,0.19,63.936,353.155,7.097,0.28
2026-01-18 23:45:00,DE-SOUTH,South Plant,Assembly & Charging,2126.088,0.19,59.842,366.821,7.406,0.28
2026-01-19 00:00:00,DE-SOUTH,South Plant,Assembly & Charging,2494.151,0.19,57.156,362.033,6.491,0.38
2026-01-19 00:15:00,DE-SOUTH,South Plant,Assembly & Charging,2535.595,0.19,70.605,336.03,5.99,0.38
2026-01-19 00:30:00,DE-SOUTH,South Plant,Assembly & Charging,2433.157,0.19,62.761,366.178,5.738,0.38
2026-01-19 00:45:00,DE-SOUTH,South Plant,Assembly & Charging,2589.304,0.19,58.622,352.916,6.302,0.38
2026-01-19 01:00:00,DE-SOUTH,South Plant,Assembly & Charging,2502.533,0.19,65.325,370.361,6.152,0.38
2026-01-19 01:15:00,DE-SOUTH,South Plant,Assembly & Charging,2649.173,0.19,61.349,349.641,4.508,0.38
2026-01-19 01:30:00,DE-SOUTH,South Plant,Assembly & Charging,2445.879,0.19,60.916,365.885,4.185,0.38
2026-01-19 01:45:00,DE-SOUTH,South Plant,Assembly & Charging,2658.863,0.19,64.339,362.639,4.593,0.38
2026-01-19 02:00:00,DE-SOUTH,South Plant,Assembly & Charging,2607.534,0.19,57.11,370.198,5.069,0.38
2026-01-19 02:15:00,DE-SOUTH,South Plant,Assembly & Charging,2773.616,0.19,63.905,368.591,4.475,0.38
2026-01-19 02:30:00,DE-SOUTH,South Plant,Assembly & Charging,2704.307,0.19,70.396,364.575,2.471,0.38
2026-01-19 02:45:00,DE-SOUTH,South Plant,Assembly & Charging,2833.226,0.19,64.897,349.754,2.84,0.38
2026-01-19 03:00:00,DE-SOUTH,South Plant,Assembly & Charging,2788.354,0.19,61.858,351.022,2.054,0.38
2026-01-19 03:15:00,DE-SOUTH,South Plant,Assembly & Charging,2741.223,0.19,61.711,362.31,2.206,0.38
2026-01-19 03:30:00,DE-SOUTH,South Plant,Assembly & Charging,2822.372,0.19,62.525,369.791,3.21,0.38
2026-01-19 03:45:00,DE-SOUTH,South Plant,Assembly & Charging,2853.044,0.19,63.63,363.171,0.793,0.38
2026-01-19 04:00:00,DE-SOUTH,South Plant,Assembly & Charging,2831.222,0.19,63.668,378.558,0.367,0.38
2026-01-19 04:15:00,DE-SOUTH,South Plant,Assembly & Charging,2579.525,0.19,69.431,368.295,0.642,0.38
2026-01-19 04:30:00,DE-SOUTH,South Plant,Assembly & Charging,2689.014,0.19,59.471,360.66,1.157,0.38
2026-01-19 04:45:00,DE-SOUTH,South Plant,Assembly & Charging,2895.966,0.19,70.536,369.5,1.138,0.38
2026-01-19 05:00:00,DE-SOUTH,South Plant,Assembly & Charging,2652.909,0.19,66.294,376.148,0.771,0.38
2026-01-19 05:15:00,DE-SOUTH,South Plant,Assembly & Charging,2830.618,0.19,70.076,377.938,1.064,0.38
2026-01-19 05:30:00,DE-SOUTH,South Plant,Assembly & Charging,2823.155,0.19,64.835,397.183,-1.201,0.38
2026-01-19 05:45:00,DE-SOUTH,South Plant,Assembly & Charging,2659.071,0.19,75.438,367.219,0.674,0.38
2026-01-19 06:00:00,DE-SOUTH,South Plant,Assembly & Charging,3827.083,0.19,75.877,374.967,-0.549,0.98
2026-01-19 06:15:00,DE-SOUTH,South Plant,Assembly & Charging,3920.18,0.19,73.581,370.119,0.028,0.98
2026-01-19 06:30:00,DE-SOUTH,South Plant,Assembly & Charging,4143.051,0.19,62.497,353.928,-1.546,0.98
2026-01-19 06:45:00,DE-SOUTH,South Plant,Assembly & Charging,3838.158,0.19,70.642,337.501,-0.731,0.98
2026-01-19 07:00:00,DE-SOUTH,South Plant,Assembly & Charging,3811.378,0.19,67.663,314.36,-0.664,0.98
2026-01-19 07:15:00,DE-SOUTH,South Plant,Assembly & Charging,3755.431,0.19,58.281,316.453,-0.095,0.98
2026-01-19 07:30:00,DE-SOUTH,South Plant,Assembly & Charging,3943.327,0.19,63.2,299.567,-2.067,0.98
2026-01-19 07:45:00,DE-SOUTH,South Plant,Assembly & Charging,3771.855,0.19,63.287,281.883,-0.968,0.98
2026-01-19 08:00:00,DE-SOUTH,South Plant,Assembly & Charging,3718.261,0.19,62.521,283.53,-1.76,0.98
2026-01-19 08:15:00,DE-SOUTH,South Plant,Assembly & Charging,3866.316,0.19,59.416,271.357,-0.635,0.98
2026-01-19 08:30:00,DE-SOUTH,South Plant,Assembly & Charging,3768.079,0.19,58.233,282.18,-0.413,0.98
2026-01-19 08:45:00,DE-SOUTH,South Plant,Assembly & Charging,3611.846,0.19,61.287,274.089,-0.003,0.98
2026-01-19 09:00:00,DE-SOUTH,South Plant,Assembly & Charging,3583.3,0.19,58.599,248.216,-1.204,0.98
2026-01-19 09:15:00,DE-SOUTH,South Plant,Assembly & Charging,3777.638,0.19,40.525,248.648,-0.086,0.98
2026-01-19 09:30:00,DE-SOUTH,South Plant,Assembly & Charging,3666.407,0.19,49.039,222.734,0.333,0.98
2026-01-19 09:45:00,DE-SOUTH,South Plant,Assembly & Charging,3545.446,0.19,48.003,232.947,-1.635,0.98
2026-01-19 10:00:00,DE-SOUTH,South Plant,Assembly & Charging,3511.935,0.19,40.065,238.128,0.099,0.98
2026-01-19 10:15:00,DE-SOUTH,South Plant,Assembly & Charging,3577.206,0.19,45.943,238.339,0.514,0.98
2026-01-19 10:30:00,DE-SOUTH,South Plant,Assembly & Charging,3586.403,0.19,49.156,215.648,-0.148,0.98
2026-01-19 10:45:00,DE-SOUTH,South Plant,Assembly & Charging,3536.12,0.19,38.529,233.277,-0.607,0.98
2026-01-19 11:00:00,DE-SOUTH,South Plant,Assembly & Charging,3625.389,0.19,43.073,199.622,1.125,0.98
2026-01-19 11:15:00,DE-SOUTH,South Plant,Assembly & Charging,3678.858,0.19,37.07,200.719,-0.136,0.98
2026-01-19 11:30:00,DE-SOUTH,South Plant,Assembly & Charging,3737.61,0.19,37.217,222.829,0.831,0.98
2026-01-19 11:45:00,DE-SOUTH,South Plant,Assembly & Charging,3957.512,0.19,45.162,233.747,1.194,0.98
2026-01-19 12:00:00,DE-SOUTH,South Plant,Assembly & Charging,3804.164,0.19,36.615,219.773,2.001,0.98
2026-01-19 12:15:00,DE-SOUTH,South Plant,Assembly & Charging,3851.644,0.19,40.361,214.319,1.35,0.98
2026-01-19 12:30:00,DE-SOUTH,South Plant,Assembly & Charging,3942.306,0.19,30.953,190.228,1.607,0.98
2026-01-19 12:45:00,DE-SOUTH,South Plant,Assembly & Charging,3898.516,0.19,46.019,194.906,2.462,0.98
2026-01-19 13:00:00,DE-SOUTH,South Plant,Assembly & Charging,3977.33,0.19,41.324,224.196,3.41,0.98
2026-01-19 13:15:00,DE-SOUTH,South Plant,Assembly & Charging,3983.689,0.19,38.747,222.709,4.626,0.98
2026-01-19 13:30:00,DE-SOUTH,South Plant,Assembly & Charging,4019.823,0.19,42.569,219.025,2.292,0.98
2026-01-19 13:45:00,DE-SOUTH,South Plant,Assembly & Charging,4265.976,0.19,35.653,239.333,3.894,0.98
2026-01-19 14:00:00,DE-SOUTH,South Plant,Assembly & Charging,3907.561,0.19,47.292,247.179,3.239,0.88
2026-01-19 14:15:00,DE-SOUTH,South Plant,Assembly & Charging,3726.451,0.19,42.789,265.415,5.04,0.88
2026-01-19 14:30:00,DE-SOUTH,South Plant,Assembly & Charging,3879.978,0.19,45.054,265.069,3.996,0.88
2026-01-19 14:45:00,DE-SOUTH,South Plant,Assembly & Charging,3778.635,0.19,45.956,288.599,4.503,0.88
2026-01-19 15:00:00,DE-SOUTH,South Plant,Assembly & Charging,3890.311,0.19,47.92,285.468,4.882,0.88
2026-01-19 15:15:00,DE-SOUTH,South Plant,Assembly & Charging,3719.35,0.19,55.606,296.566,5.554,0.88
2026-01-19 15:30:00,DE-SOUTH,South Plant,Assembly & Charging,3732.905,0.19,56.689,324.319,6.14,0.88
2026-01-19 15:45:00,DE-SOUTH,South Plant,Assembly & Charging,3850.551,0.19,61.341,314.344,6.55,0.88
2026-01-19 16:00:00,DE-SOUTH,South Plant,Assembly & Charging,3896.96,0.19,61.97,375.222,6.496,0.88
2026-01-19 16:15:00,DE-SOUTH,South Plant,Assembly & Charging,3842.124,0.19,67.488,361.987,5.847,0.88
2026-01-19 16:30:00,DE-SOUTH,South Plant,Assembly & Charging,3836.458,0.19,67.297,378.575,7.553,0.88
2026-01-19 16:45:00,DE-SOUTH,South Plant,Assembly & Charging,3772.882,0.19,81.476,397.091,7.26,0.88
2026-01-19 17:00:00,DE-SOUTH,South Plant,Assembly & Charging,3718.012,0.19,69.848,430.119,8.349,0.88
2026-01-19 17:15:00,DE-SOUTH,South Plant,Assembly & Charging,3640.097,0.19,84.633,433.668,7.264,0.88
2026-01-19 17:30:00,DE-SOUTH,South Plant,Assembly & Charging,3733.397,0.19,88.366,420.961,6.845,0.88
2026-01-19 17:45:00,DE-SOUTH,South Plant,Assembly & Charging,3709.314,0.19,82.556,472.38,8.134,0.88
2026-01-19 18:00:00,DE-SOUTH,South Plant,Assembly & Charging,3569.823,0.19,97.659,465.794,9.237,0.88
2026-01-19 18:15:00,DE-SOUTH,South Plant,Assembly & Charging,3541.208,0.19,93.261,472.919,8.597,0.88
2026-01-19 18:30:00,DE-SOUTH,South Plant,Assembly & Charging,3666.929,0.19,93.335,456.794,8.48,0.88
2026-01-19 18:45:00,DE-SOUTH,South Plant,Assembly & Charging,3497.771,0.19,89.356,477.705,8.125,0.88
2026-01-19 19:00:00,DE-SOUTH,South Plant,Assembly & Charging,3461.57,0.19,87.802,461.584,10.06,0.88
2026-01-19 19:15:00,DE-SOUTH,South Plant,Assembly & Charging,3494.253,0.19,86.917,467.461,8.183,0.88
2026-01-19 19:30:00,DE-SOUTH,South Plant,Assembly & Charging,3419.469,0.19,88.099,458.69,8.449,0.88
2026-01-19 19:45:00,DE-SOUTH,South Plant,Assembly & Charging,3328.832,0.19,90.674,480.195,9.388,0.88
2026-01-19 20:00:00,DE-SOUTH,South Plant,Assembly & Charging,3441.182,0.19,84.135,475.233,7.701,0.88
2026-01-19 20:15:00,DE-SOUTH,South Plant,Assembly & Charging,3373.599,0.19,77.979,445.922,9.882,0.88
2026-01-19 20:30:00,DE-SOUTH,South Plant,Assembly & Charging,3543.76,0.19,83.075,439.831,9.394,0.88
2026-01-19 20:45:00,DE-SOUTH,South Plant,Assembly & Charging,3447.873,0.19,81.61,428.26,9.533,0.88
2026-01-19 21:00:00,DE-SOUTH,South Plant,Assembly & Charging,3331.142,0.19,78.742,439.848,9.22,0.88
2026-01-19 21:15:00,DE-SOUTH,South Plant,Assembly & Charging,3465.274,0.19,77.397,416.764,8.622,0.88
2026-01-19 21:30:00,DE-SOUTH,South Plant,Assembly & Charging,3447.839,0.19,71.749,410.203,7.875,0.88
2026-01-19 21:45:00,DE-SOUTH,South Plant,Assembly & Charging,3549.674,0.19,67.683,422.037,8.386,0.88
2026-01-19 22:00:00,DE-SOUTH,South Plant,Assembly & Charging,2412.049,0.19,66.654,399.398,7.647,0.38
2026-01-19 22:15:00,DE-SOUTH,South Plant,Assembly & Charging,2484.213,0.19,62.477,401.508,8.498,0.38
2026-01-19 22:30:00,DE-SOUTH,South Plant,Assembly & Charging,2476.278,0.19,69.019,379.613,8.532,0.38
2026-01-19 22:45:00,DE-SOUTH,South Plant,Assembly & Charging,2507.593,0.19,66.939,404.158,8.793,0.38
2026-01-19 23:00:00,DE-SOUTH,South Plant,Assembly & Charging,2453.424,0.19,64.85,416.561,7.796,0.38
2026-01-19 23:15:00,DE-SOUTH,South Plant,Assembly & Charging,2604.851,0.19,54.244,399.879,7.944,0.38
2026-01-19 23:30:00,DE-SOUTH,South Plant,Assembly & Charging,2623.31,0.19,60.636,407.051,6.836,0.38
2026-01-19 23:45:00,DE-SOUTH,South Plant,Assembly & Charging,2726.626,0.19,69.751,377.916,6.443,0.38
2026-01-20 00:00:00,DE-SOUTH,South Plant,Assembly & Charging,2626.812,0.19,61.817,387.866,6.832,0.38
2026-01-20 00:15:00,DE-SOUTH,South Plant,Assembly & Charging,2619.087,0.19,65.864,373.211,5.941,0.38
2026-01-20 00:30:00,DE-SOUTH,South Plant,Assembly & Charging,2743.602,0.19,58.809,381.284,6.102,0.38
2026-01-20 00:45:00,DE-SOUTH,South Plant,Assembly & Charging,2629.606,0.19,70.083,392.762,4.864,0.38
2026-01-20 01:00:00,DE-SOUTH,South Plant,Assembly & Charging,2814.545,0.19,63.718,384.184,4.677,0.38
2026-01-20 01:15:00,DE-SOUTH,South Plant,Assembly & Charging,2818.367,0.19,65.431,365.469,5.42,0.38
2026-01-20 01:30:00,DE-SOUTH,South Plant,Assembly & Charging,2844.26,0.19,73.565,366.089,5.273,0.38
2026-01-20 01:45:00,DE-SOUTH,South Plant,Assembly & Charging,2787.187,0.19,70.338,364.737,3.637,0.38
2026-01-20 02:00:00,DE-SOUTH,South Plant,Assembly & Charging,2703.986,0.19,63.078,386.642,4.469,0.38
2026-01-20 02:15:00,DE-SOUTH,South Plant,Assembly & Charging,2769.018,0.19,61.99,404.938,3.3,0.38
2026-01-20 02:30:00,DE-SOUTH,South Plant,Assembly & Charging,2789.464,0.19,63.15,395.941,3.359,0.38
2026-01-20 02:45:00,DE-SOUTH,South Plant,Assembly & Charging,2691.922,0.19,66.617,356.255,4.016,0.38
2026-01-20 03:00:00,DE-SOUTH,South Plant,Assembly & Charging,2860.546,0.19,64.323,395.47,3.271,0.38
2026-01-20 03:15:00,DE-SOUTH,South Plant,Assembly & Charging,2784.078,0.19,63.374,389.06,2.95,0.38
2026-01-20 03:30:00,DE-SOUTH,South Plant,Assembly & Charging,2632.491,0.19,71.083,358.683,3.423,0.38
2026-01-20 03:45:00,DE-SOUTH,South Plant,Assembly & Charging,2887.017,0.19,65.069,372.988,1.296,0.38
2026-01-20 04:00:00,DE-SOUTH,South Plant,Assembly & Charging,2712.866,0.19,75.088,389.171,0.81,0.38
2026-01-20 04:15:00,DE-SOUTH,South Plant,Assembly & Charging,2586.805,0.19,66.668,382.027,0.717,0.38
2026-01-20 04:30:00,DE-SOUTH,South Plant,Assembly & Charging,2589.14,0.19,73.914,359.109,0.778,0.38
2026-01-20 04:45:00,DE-SOUTH,South Plant,Assembly & Charging,2793.58,0.19,68.715,381.544,-0.945,0.38
2026-01-20 05:00:00,DE-SOUTH,South Plant,Assembly & Charging,2789.694,0.19,71.69,347.963,0.319,0.38
2026-01-20 05:15:00,DE-SOUTH,South Plant,Assembly & Charging,2699.565,0.19,65.523,370.338,-0.14,0.38
2026-01-20 05:30:00,DE-SOUTH,South Plant,Assembly & Charging,2699.59,0.19,65.61,386.07,0.582,0.38
2026-01-20 05:45:00,DE-SOUTH,South Plant,Assembly & Charging,2675.753,0.19,71.473,372.04,0.089,0.38
2026-01-20 06:00:00,DE-SOUTH,South Plant,Assembly & Charging,3813.715,0.19,74.188,365.24,-0.751,0.98
2026-01-20 06:15:00,DE-SOUTH,South Plant,Assembly & Charging,3762.276,0.19,69.074,369.867,-0.071,0.98
2026-01-20 06:30:00,DE-SOUTH,South Plant,Assembly & Charging,3760.835,0.19,62.412,358.914,-0.113,0.98
2026-01-20 06:45:00,DE-SOUTH,South Plant,Assembly & Charging,3772.983,0.19,60.718,351.063,-1.273,0.98
2026-01-20 07:00:00,DE-SOUTH,South Plant,Assembly & Charging,3625.997,0.19,59.002,334.113,-1.175,0.98
2026-01-20 07:15:00,DE-SOUTH,South Plant,Assembly & Charging,3762.809,0.19,56.134,325.076,-2.462,0.98
2026-01-20 07:30:00,DE-SOUTH,South Plant,Assembly & Charging,3816.642,0.19,62.075,309.623,-1.721,0.98
2026-01-20 07:45:00,DE-SOUTH,South Plant,Assembly & Charging,3665.127,0.19,64.507,293.038,-1.509,0.98
2026-01-20 08:00:00,DE-SOUTH,South Plant,Assembly & Charging,3654.945,0.19,58.263,280.29,-0.948,0.98
2026-01-20 08:15:00,DE-SOUTH,South Plant,Assembly & Charging,3742.598,0.19,47.529,266.117,-1.651,0.98
2026-01-20 08:30:00,DE-SOUTH,South Plant,Assembly & Charging,3651.736,0.19,54.014,244.592,-1.317,0.98
2026-01-20 08:45:00,DE-SOUTH,South Plant,Assembly & Charging,3614.0,0.19,52.299,238.319,-1.762,0.98
2026-01-20 09:00:00,DE-SOUTH,South Plant,Assembly & Charging,3846.802,0.19,59.489,237.548,-0.71,0.98
2026-01-20 09:15:00,DE-SOUTH,South Plant,Assembly & Charging,3724.918,0.19,43.43,235.521,-0.437,0.98
2026-01-20 09:30:00,DE-SOUTH,South Plant,Assembly & Charging,3793.614,0.19,45.869,242.182,-0.338,0.98
2026-01-20 09:45:00,DE-SOUTH,South Plant,Assembly & Charging,3768.014,0.19,52.469,217.268,-0.476,0.98
2026-01-20 10:00:00,DE-SOUTH,South Plant,Assembly & Charging,3978.307,0.19,45.723,223.327,-1.409,0.98
2026-01-20 10:15:00,DE-SOUTH,South Plant,Assembly & Charging,3964.067,0.19,44.538,218.419,-0.591,0.98
2026-01-20 10:30:00,DE-SOUTH,South Plant,Assembly & Charging,3894.54,0.19,41.21,197.563,-0.252,0.98
2026-01-20 10:45:00,DE-SOUTH,South Plant,Assembly & Charging,3839.836,0.19,40.663,203.064,-0.042,0.98
2026-01-20 11:00:00,DE-SOUTH,South Plant,Assembly & Charging,3940.095,0.19,41.187,189.328,0.517,0.98
2026-01-20 11:15:00,DE-SOUTH,South Plant,Assembly & Charging,4039.992,0.19,33.729,205.193,1.701,0.98
2026-01-20 11:30:00,DE-SOUTH,South Plant,Assembly & Charging,4034.35,0.19,39.541,194.809,1.525,0.98
2026-01-20 11:45:00,DE-SOUTH,South Plant,Assembly & Charging,4061.241,0.19,29.778,171.535,0.531,0.98
2026-01-20 12:00:00,DE-SOUTH,South Plant,Assembly & Charging,4076.836,0.19,36.016,187.21,1.975,0.98
2026-01-20 12:15:00,DE-SOUTH,South Plant,Assembly & Charging,4140.522,0.19,35.048,205.329,2.237,0.98
2026-01-20 12:30:00,DE-SOUTH,South Plant,Assembly & Charging,4088.592,0.19,31.703,184.507,1.522,0.98
2026-01-20 12:45:00,DE-SOUTH,South Plant,Assembly & Charging,4126.852,0.19,34.123,194.057,2.987,0.98
2026-01-20 13:00:00,DE-SOUTH,South Plant,Assembly & Charging,4005.577,0.19,31.987,198.138,2.594,0.98
2026-01-20 13:15:00,DE-SOUTH,South Plant,Assembly & Charging,4329.316,0.19,30.678,182.982,2.038,0.98
2026-01-20 13:30:00,DE-SOUTH,South Plant,Assembly & Charging,4052.551,0.19,34.27,206.348,3.666,0.98
2026-01-20 13:45:00,DE-SOUTH,South Plant,Assembly & Charging,4085.253,0.19,32.229,189.292,3.825,0.98
2026-01-20 14:00:00,DE-SOUTH,South Plant,Assembly & Charging,3884.174,0.19,39.147,205.347,3.841,0.88
2026-01-20 14:15:00,DE-SOUTH,South Plant,Assembly & Charging,3774.717,0.19,34.725,233.673,4.301,0.88
2026-01-20 14:30:00,DE-SOUTH,South Plant,Assembly & Charging,3793.557,0.19,43.911,234.057,4.149,0.88
2026-01-20 14:45:00,DE-SOUTH,South Plant,Assembly & Charging,3756.546,0.19,38.346,236.256,5.403,0.88
2026-01-20 15:00:00,DE-SOUTH,South Plant,Assembly & Charging,3650.119,0.19,43.091,256.525,5.264,0.88
2026-01-20 15:15:00,DE-SOUTH,South Plant,Assembly & Charging,3739.284,0.19,45.412,262.81,5.724,0.88
2026-01-20 15:30:00,DE-SOUTH,South Plant,Assembly & Charging,3517.555,0.19,56.024,277.106,6.163,0.88
2026-01-20 15:45:00,DE-SOUTH,South Plant,Assembly & Charging,3801.041,0.19,55.095,299.242,5.403,0.88
2026-01-20 16:00:00,DE-SOUTH,South Plant,Assembly & Charging,3679.426,0.19,56.184,297.904,5.874,0.88
2026-01-20 16:15:00,DE-SOUTH,South Plant,Assembly & Charging,3641.859,0.19,62.449,323.103,5.231,0.88
2026-01-20 16:30:00,DE-SOUTH,South Plant,Assembly & Charging,3376.801,0.19,55.562,335.384,7.439,0.88
2026-01-20 16:45:00,DE-SOUTH,South Plant,Assembly & Charging,3444.112,0.19,67.407,336.922,6.448,0.88
2026-01-20 17:00:00,DE-SOUTH,South Plant,Assembly & Charging,3603.259,0.19,79.144,361.782,7.628,0.88
2026-01-20 17:15:00,DE-SOUTH,South Plant,Assembly & Charging,3825.173,0.19,75.169,408.326,8.019,0.88
2026-01-20 17:30:00,DE-SOUTH,South Plant,Assembly & Charging,3535.768,0.19,78.238,410.346,8.388,0.88
2026-01-20 17:45:00,DE-SOUTH,South Plant,Assembly & Charging,3516.219,0.19,83.258,405.36,7.315,0.88
2026-01-20 18:00:00,DE-SOUTH,South Plant,Assembly & Charging,3448.212,0.19,87.459,417.345,8.285,0.88
2026-01-20 18:15:00,DE-SOUTH,South Plant,Assembly & Charging,3302.876,0.19,76.464,436.511,9.654,0.88
2026-01-20 18:30:00,DE-SOUTH,South Plant,Assembly & Charging,3463.208,0.19,77.941,457.422,9.819,0.88
2026-01-20 18:45:00,DE-SOUTH,South Plant,Assembly & Charging,3278.973,0.19,85.357,436.053,9.426,0.88
2026-01-20 19:00:00,DE-SOUTH,South Plant,Assembly & Charging,3277.572,0.19,81.14,452.386,9.066,0.88
2026-01-20 19:15:00,DE-SOUTH,South Plant,Assembly & Charging,3289.649,0.19,88.394,438.221,8.2,0.88
2026-01-20 19:30:00,DE-SOUTH,South Plant,Assembly & Charging,3492.627,0.19,80.736,435.969,9.46,0.88
2026-01-20 19:45:00,DE-SOUTH,South Plant,Assembly & Charging,3422.395,0.19,72.863,409.795,8.879,0.88
2026-01-20 20:00:00,DE-SOUTH,South Plant,Assembly & Charging,3451.883,0.19,73.95,431.976,9.392,0.88
2026-01-20 20:15:00,DE-SOUTH,South Plant,Assembly & Charging,3473.289,0.19,66.322,411.212,8.546,0.88
2026-01-20 20:30:00,DE-SOUTH,South Plant,Assembly & Charging,3396.424,0.19,74.625,419.911,8.836,0.88
2026-01-20 20:45:00,DE-SOUTH,South Plant,Assembly & Charging,3463.533,0.19,73.05,394.121,9.019,0.88
2026-01-20 21:00:00,DE-SOUTH,South Plant,Assembly & Charging,3497.668,0.19,70.403,400.542,9.002,0.88
2026-01-20 21:15:00,DE-SOUTH,South Plant,Assembly & Charging,3456.543,0.19,74.812,397.503,9.08,0.88
2026-01-20 21:30:00,DE-SOUTH,South Plant,Assembly & Charging,3576.832,0.19,73.816,386.737,8.214,0.88
2026-01-20 21:45:00,DE-SOUTH,South Plant,Assembly & Charging,3561.738,0.19,67.02,389.266,7.544,0.88
2026-01-20 22:00:00,DE-SOUTH,South Plant,Assembly & Charging,2654.059,0.19,58.008,377.599,9.467,0.38
2026-01-20 22:15:00,DE-SOUTH,South Plant,Assembly & Charging,2676.717,0.19,68.03,369.961,9.9,0.38
2026-01-20 22:30:00,DE-SOUTH,South Plant,Assembly & Charging,2534.962,0.19,66.96,394.523,8.28,0.38
2026-01-20 22:45:00,DE-SOUTH,South Plant,Assembly & Charging,2655.24,0.19,65.307,385.872,6.832,0.38
2026-01-20 23:00:00,DE-SOUTH,South Plant,Assembly & Charging,2861.218,0.19,67.466,362.651,6.994,0.38
2026-01-20 23:15:00,DE-SOUTH,South Plant,Assembly & Charging,2610.671,0.19,58.475,377.516,7.653,0.38
2026-01-20 23:30:00,DE-SOUTH,South Plant,Assembly & Charging,2742.666,0.19,70.868,361.052,7.983,0.38
2026-01-20 23:45:00,DE-SOUTH,South Plant,Assembly & Charging,2740.022,0.19,58.782,355.316,5.929,0.38
2026-01-21 00:00:00,DE-SOUTH,South Plant,Assembly & Charging,2826.738,0.19,64.971,379.927,6.413,0.38
2026-01-21 00:15:00,DE-SOUTH,South Plant,Assembly & Charging,2755.232,0.19,55.321,347.622,6.349,0.38
2026-01-21 00:30:00,DE-SOUTH,South Plant,Assembly & Charging,2684.67,0.19,58.452,379.752,6.519,0.38
2026-01-21 00:45:00,DE-SOUTH,South Plant,Assembly & Charging,2734.563,0.19,68.351,366.163,5.367,0.38
2026-01-21 01:00:00,DE-SOUTH,South Plant,Assembly & Charging,2738.229,0.19,61.365,367.229,4.199,0.38
2026-01-21 01:15:00,DE-SOUTH,South Plant,Assembly & Charging,2698.546,0.19,65.906,375.264,5.41,0.38
2026-01-21 01:30:00,DE-SOUTH,South Plant,Assembly & Charging,2573.349,0.19,63.647,377.905,5.44,0.38
2026-01-21 01:45:00,DE-SOUTH,South Plant,Assembly & Charging,2799.083,0.19,62.454,361.604,4.269,0.38
2026-01-21 02:00:00,DE-SOUTH,South Plant,Assembly & Charging,2764.665,0.19,68.526,380.726,4.284,0.38
2026-01-21 02:15:00,DE-SOUTH,South Plant,Assembly & Charging,2564.334,0.19,62.35,374.071,3.341,0.38
2026-01-21 02:30:00,DE-SOUTH,South Plant,Assembly & Charging,2616.274,0.19,56.432,358.237,2.755,0.38
2026-01-21 02:45:00,DE-SOUTH,South Plant,Assembly & Charging,2591.778,0.19,60.637,371.873,3.743,0.38
2026-01-21 03:00:00,DE-SOUTH,South Plant,Assembly & Charging,2494.018,0.19,66.391,391.09,2.977,0.38
2026-01-21 03:15:00,DE-SOUTH,South Plant,Assembly & Charging,2411.19,0.19,66.151,395.237,2.736,0.38
2026-01-21 03:30:00,DE-SOUTH,South Plant,Assembly & Charging,2494.225,0.19,58.731,384.329,3.138,0.38
2026-01-21 03:45:00,DE-SOUTH,South Plant,Assembly & Charging,2523.908,0.19,62.585,362.039,1.05,0.38
2026-01-21 04:00:00,DE-SOUTH,South Plant,Assembly & Charging,2407.693,0.19,63.691,382.811,1.114,0.38
2026-01-21 04:15:00,DE-SOUTH,South Plant,Assembly & Charging,2535.087,0.19,65.144,387.733,1.333,0.38
2026-01-21 04:30:00,DE-SOUTH,South Plant,Assembly & Charging,2617.698,0.19,61.74,386.827,0.561,0.38
2026-01-21 04:45:00,DE-SOUTH,South Plant,Assembly & Charging,2570.597,0.19,65.414,388.129,1.251,0.38
2026-01-21 05:00:00,DE-SOUTH,South Plant,Assembly & Charging,2483.987,0.19,65.736,383.656,0.333,0.38
2026-01-21 05:15:00,DE-SOUTH,South Plant,Assembly & Charging,2331.932,0.19,72.489,379.011,-0.454,0.38
2026-01-21 05:30:00,DE-SOUTH,South Plant,Assembly & Charging,2553.982,0.19,73.41,373.156,0.079,0.38
2026-01-21 05:45:00,DE-SOUTH,South Plant,Assembly & Charging,2504.328,0.19,70.366,358.251,-0.038,0.38
2026-01-21 06:00:00,DE-SOUTH,South Plant,Assembly & Charging,3708.869,0.19,70.146,385.665,0.324,0.98
2026-01-21 06:15:00,DE-SOUTH,South Plant,Assembly & Charging,3859.957,0.19,71.116,372.931,-0.209,0.98
2026-01-21 06:30:00,DE-SOUTH,South Plant,Assembly & Charging,3626.337,0.19,66.095,366.539,-0.297,0.98
2026-01-21 06:45:00,DE-SOUTH,South Plant,Assembly & Charging,3461.97,0.19,63.535,333.037,-0.51,0.98
2026-01-21 07:00:00,DE-SOUTH,South Plant,Assembly & Charging,3652.035,0.19,63.07,346.202,-0.961,0.98
2026-01-21 07:15:00,DE-SOUTH,South Plant,Assembly & Charging,3819.862,0.19,62.939,352.675,-1.405,0.98
2026-01-21 07:30:00,DE-SOUTH,South Plant,Assembly & Charging,3799.564,0.19,59.409,318.751,-0.755,0.98
2026-01-21 07:45:00,DE-SOUTH,South Plant,Assembly & Charging,3722.066,0.19,63.23,307.133,-1.222,0.98
2026-01-21 08:00:00,DE-SOUTH,South Plant,Assembly & Charging,3720.83,0.19,63.955,301.964,0.183,0.98
2026-01-21 08:15:00,DE-SOUTH,South Plant,Assembly & Charging,3851.095,0.19,53.084,313.389,-0.05,0.98
2026-01-21 08:30:00,DE-SOUTH,South Plant,Assembly & Charging,3807.823,0.19,57.879,267.865,-0.514,0.98
2026-01-21 08:45:00,DE-SOUTH,South Plant,Assembly & Charging,3999.973,0.19,55.207,274.177,-0.639,0.98
2026-01-21 09:00:00,DE-SOUTH,South Plant,Assembly & Charging,3949.438,0.19,55.739,254.213,-0.891,0.98
2026-01-21 09:15:00,DE-SOUTH,South Plant,Assembly & Charging,3966.419,0.19,52.602,249.83,-1.617,0.98
2026-01-21 09:30:00,DE-SOUTH,South Plant,Assembly & Charging,3972.987,0.19,45.137,248.933,-0.771,0.98
2026-01-21 09:45:00,DE-SOUTH,South Plant,Assembly & Charging,4085.342,0.19,44.235,259.41,-0.413,0.98
2026-01-21 10:00:00,DE-SOUTH,South Plant,Assembly & Charging,4083.732,0.19,47.795,259.176,-0.17,0.98
2026-01-21 10:15:00,DE-SOUTH,South Plant,Assembly & Charging,4111.593,0.19,50.264,237.899,0.171,0.98
2026-01-21 10:30:00,DE-SOUTH,South Plant,Assembly & Charging,4117.394,0.19,35.866,223.618,0.678,0.98
2026-01-21 10:45:00,DE-SOUTH,South Plant,Assembly & Charging,4112.384,0.19,44.798,254.347,-0.244,0.98
2026-01-21 11:00:00,DE-SOUTH,South Plant,Assembly & Charging,4027.553,0.19,47.004,216.302,-0.014,0.98
2026-01-21 11:15:00,DE-SOUTH,South Plant,Assembly & Charging,4036.821,0.19,40.616,212.297,1.719,0.98
2026-01-21 11:30:00,DE-SOUTH,South Plant,Assembly & Charging,4064.015,0.19,42.576,196.308,1.496,0.98
2026-01-21 11:45:00,DE-SOUTH,South Plant,Assembly & Charging,4281.14,0.19,36.886,233.572,0.949,0.98
2026-01-21 12:00:00,DE-SOUTH,South Plant,Assembly & Charging,3955.089,0.19,38.73,228.421,1.425,0.98
2026-01-21 12:15:00,DE-SOUTH,South Plant,Assembly & Charging,4017.831,0.19,32.424,246.591,1.717,0.98
2026-01-21 12:30:00,DE-SOUTH,South Plant,Assembly & Charging,4038.798,0.19,29.431,202.49,2.109,0.98
2026-01-21 12:45:00,DE-SOUTH,South Plant,Assembly & Charging,3971.646,0.19,42.685,239.083,2.724,0.98
2026-01-21 13:00:00,DE-SOUTH,South Plant,Assembly & Charging,4050.489,0.19,35.291,225.709,4.48,0.98
2026-01-21 13:15:00,DE-SOUTH,South Plant,Assembly & Charging,3909.623,0.19,37.945,238.714,3.157,0.98
2026-01-21 13:30:00,DE-SOUTH,South Plant,Assembly & Charging,3878.545,0.19,34.984,214.365,3.811,0.98
2026-01-21 13:45:00,DE-SOUTH,South Plant,Assembly & Charging,3954.074,0.19,35.888,257.814,2.492,0.98
2026-01-21 14:00:00,DE-SOUTH,South Plant,Assembly & Charging,3792.079,0.19,42.074,256.691,3.661,0.88
2026-01-21 14:15:00,DE-SOUTH,South Plant,Assembly & Charging,3710.397,0.19,41.347,254.873,5.187,0.88
2026-01-21 14:30:00,DE-SOUTH,South Plant,Assembly & Charging,3544.842,0.19,47.533,272.23,4.934,0.88
2026-01-21 14:45:00,DE-SOUTH,South Plant,Assembly & Charging,3555.494,0.19,49.855,265.532,1.903,0.88
2026-01-21 15:00:00,DE-SOUTH,South Plant,Assembly & Charging,3500.193,0.19,51.62,279.076,5.766,0.88
2026-01-21 15:15:00,DE-SOUTH,South Plant,Assembly & Charging,3474.73,0.19,53.847,292.845,6.95,0.88
2026-01-21 15:30:00,DE-SOUTH,South Plant,Assembly & Charging,3390.073,0.19,62.012,289.568,4.516,0.88
2026-01-21 15:45:00,DE-SOUTH,South Plant,Assembly & Charging,3507.083,0.19,54.471,336.477,7.275,0.88
2026-01-21 16:00:00,DE-SOUTH,South Plant,Assembly & Charging,3456.449,0.19,61.764,355.596,4.56,0.88
2026-01-21 16:15:00,DE-SOUTH,South Plant,Assembly & Charging,3397.095,0.19,69.915,348.714,7.434,0.88
2026-01-21 16:30:00,DE-SOUTH,South Plant,Assembly & Charging,3286.999,0.19,73.952,377.627,7.038,0.88
2026-01-21 16:45:00,DE-SOUTH,South Plant,Assembly & Charging,3421.525,0.19,66.762,386.846,5.652,0.88
2026-01-21 17:00:00,DE-SOUTH,South Plant,Assembly & Charging,3228.566,0.19,74.734,410.575,7.848,0.88
2026-01-21 17:15:00,DE-SOUTH,South Plant,Assembly & Charging,3348.671,0.19,84.857,415.469,8.565,0.88
2026-01-21 17:30:00,DE-SOUTH,South Plant,Assembly & Charging,3367.058,0.19,84.733,428.265,8.221,0.88
2026-01-21 17:45:00,DE-SOUTH,South Plant,Assembly & Charging,3457.177,0.19,86.524,466.611,8.567,0.88
2026-01-21 18:00:00,DE-SOUTH,South Plant,Assembly & Charging,3626.276,0.19,87.621,467.371,8.042,0.88
2026-01-21 18:15:00,DE-SOUTH,South Plant,Assembly & Charging,3540.675,0.19,87.467,493.959,7.181,0.88
2026-01-21 18:30:00,DE-SOUTH,South Plant,Assembly & Charging,3626.379,0.19,90.299,470.571,9.104,0.88
2026-01-21 18:45:00,DE-SOUTH,South Plant,Assembly & Charging,3573.582,0.19,87.904,457.961,9.959,0.88
2026-01-21 19:00:00,DE-SOUTH,South Plant,Assembly & Charging,3649.64,0.19,88.143,481.622,9.62,0.88
2026-01-21 19:15:00,DE-SOUTH,South Plant,Assembly & Charging,3766.918,0.19,87.686,471.145,7.512,0.88
2026-01-21 19:30:00,DE-SOUTH,South Plant,Assembly & Charging,3560.595,0.19,83.416,467.959,7.897,0.88
2026-01-21 19:45:00,DE-SOUTH,South Plant,Assembly & Charging,3579.838,0.19,86.763,468.344,8.397,0.88
2026-01-21 20:00:00,DE-SOUTH,South Plant,Assembly & Charging,3745.992,0.19,94.609,440.403,7.885,0.88
2026-01-21 20:15:00,DE-SOUTH,South Plant,Assembly & Charging,3701.6,0.19,74.035,440.46,9.02,0.88
2026-01-21 20:30:00,DE-SOUTH,South Plant,Assembly & Charging,3744.951,0.19,80.567,433.465,9.233,0.88
2026-01-21 20:45:00,DE-SOUTH,South Plant,Assembly & Charging,3738.66,0.19,74.356,413.552,7.903,0.88
2026-01-21 21:00:00,DE-SOUTH,South Plant,Assembly & Charging,3712.141,0.19,77.882,419.557,9.374,0.88
2026-01-21 21:15:00,DE-SOUTH,South Plant,Assembly & Charging,3929.78,0.19,74.029,432.741,9.155,0.88
2026-01-21 21:30:00,DE-SOUTH,South Plant,Assembly & Charging,3706.174,0.19,75.287,413.955,8.236,0.88
2026-01-21 21:45:00,DE-SOUTH,South Plant,Assembly & Charging,3873.595,0.19,75.488,389.848,8.364,0.88
2026-01-21 22:00:00,DE-SOUTH,South Plant,Assembly & Charging,2770.075,0.19,70.264,382.758,6.965,0.38
2026-01-21 22:15:00,DE-SOUTH,South Plant,Assembly & Charging,2570.697,0.19,72.896,417.378,7.925,0.38
2026-01-21 22:30:00,DE-SOUTH,South Plant,Assembly & Charging,2634.006,0.19,58.025,392.82,7.972,0.38
2026-01-21 22:45:00,DE-SOUTH,South Plant,Assembly & Charging,2643.524,0.19,72.948,383.134,7.877,0.38
2026-01-21 23:00:00,DE-SOUTH,South Plant,Assembly & Charging,2745.325,0.19,67.408,385.064,7.801,0.38
2026-01-21 23:15:00,DE-SOUTH,South Plant,Assembly & Charging,2652.721,0.19,69.66,368.469,7.468,0.38
2026-01-21 23:30:00,DE-SOUTH,South Plant,Assembly & Charging,2669.626,0.19,60.013,401.457,6.859,0.38
2026-01-21 23:45:00,DE-SOUTH,South Plant,Assembly & Charging,2528.305,0.19,61.199,378.128,6.978,0.38
2026-01-22 00:00:00,DE-SOUTH,South Plant,Assembly & Charging,2848.161,0.19,64.3,396.124,7.201,0.38
2026-01-22 00:15:00,DE-SOUTH,South Plant,Assembly & Charging,2635.959,0.19,63.582,379.751,6.145,0.38
2026-01-22 00:30:00,DE-SOUTH,South Plant,Assembly & Charging,2653.695,0.19,64.722,395.697,6.136,0.38
2026-01-22 00:45:00,DE-SOUTH,South Plant,Assembly & Charging,2545.277,0.19,67.874,381.03,5.477,0.38
2026-01-22 01:00:00,DE-SOUTH,South Plant,Assembly & Charging,2519.964,0.19,56.432,387.592,4.841,0.38
2026-01-22 01:15:00,DE-SOUTH,South Plant,Assembly & Charging,2724.545,0.19,67.357,385.383,5.341,0.38
2026-01-22 01:30:00,DE-SOUTH,South Plant,Assembly & Charging,2370.103,0.19,63.479,383.632,4.264,0.38
2026-01-22 01:45:00,DE-SOUTH,South Plant,Assembly & Charging,2544.927,0.19,62.634,379.725,4.597,0.38
2026-01-22 02:00:00,DE-SOUTH,South Plant,Assembly & Charging,2398.704,0.19,57.591,372.152,4.02,0.38
2026-01-22 02:15:00,DE-SOUTH,South Plant,Assembly & Charging,2460.904,0.19,65.542,397.328,3.46,0.38
2026-01-22 02:30:00,DE-SOUTH,South Plant,Assembly & Charging,2429.602,0.19,53.96,362.857,3.118,0.38
2026-01-22 02:45:00,DE-SOUTH,South Plant,Assembly & Charging,2391.542,0.19,66.333,373.191,2.669,0.38
2026-01-22 03:00:00,DE-SOUTH,South Plant,Assembly & Charging,2486.121,0.19,57.936,372.72,1.554,0.38
2026-01-22 03:15:00,DE-SOUTH,South Plant,Assembly & Charging,2235.152,0.19,64.329,376.774,2.661,0.38
2026-01-22 03:30:00,DE-SOUTH,South Plant,Assembly & Charging,2439.443,0.19,63.899,366.199,2.249,0.38
2026-01-22 03:45:00,DE-SOUTH,South Plant,Assembly & Charging,2458.883,0.19,69.366,374.542,2.383,0.38
2026-01-22 04:00:00,DE-SOUTH,South Plant,Assembly & Charging,2360.815,0.19,64.34,368.156,1.128,0.38
2026-01-22 04:15:00,DE-SOUTH,South Plant,Assembly & Charging,2611.713,0.19,62.698,350.621,2.549,0.38
2026-01-22 04:30:00,DE-SOUTH,South Plant,Assembly & Charging,2450.051,0.19,63.92,369.149,0.69,0.38
2026-01-22 04:45:00,DE-SOUTH,South Plant,Assembly & Charging,2500.287,0.19,71.556,355.264,0.091,0.38
2026-01-22 05:00:00,DE-SOUTH,South Plant,Assembly & Charging,2486.113,0.19,69.169,347.102,-0.231,0.38
2026-01-22 05:15:00,DE-SOUTH,South Plant,Assembly & Charging,2556.149,0.19,66.073,369.01,-0.973,0.38
2026-01-22 05:30:00,DE-SOUTH,South Plant,Assembly & Charging,2678.879,0.19,67.281,372.683,1.106,0.38
2026-01-22 05:45:00,DE-SOUTH,South Plant,Assembly & Charging,2806.611,0.19,62.577,372.62,0.802,0.38
2026-01-22 06:00:00,DE-SOUTH,South Plant,Assembly & Charging,3917.762,0.19,71.01,372.588,0.09,0.98
2026-01-22 06:15:00,DE-SOUTH,South Plant,Assembly & Charging,3992.691,0.19,61.107,330.638,-1.112,0.98
2026-01-22 06:30:00,DE-SOUTH,South Plant,Assembly & Charging,4063.963,0.19,69.81,325.604,0.648,0.98
2026-01-22 06:45:00,DE-SOUTH,South Plant,Assembly & Charging,3980.047,0.19,65.932,353.836,-0.981,0.98
2026-01-22 07:00:00,DE-SOUTH,South Plant,Assembly & Charging,4130.12,0.19,73.531,305.964,-1.018,0.98
2026-01-22 07:15:00,DE-SOUTH,South Plant,Assembly & Charging,4077.972,0.19,58.092,314.445,0.102,0.98
2026-01-22 07:30:00,DE-SOUTH,South Plant,Assembly & Charging,4052.345,0.19,60.53,287.71,-0.496,0.98
2026-01-22 07:45:00,DE-SOUTH,South Plant,Assembly & Charging,4084.334,0.19,66.521,286.049,0.551,0.98
2026-01-22 08:00:00,DE-SOUTH,South Plant,Assembly & Charging,3923.199,0.19,62.42,266.98,-0.826,0.98
2026-01-22 08:15:00,DE-SOUTH,South Plant,Assembly & Charging,4134.619,0.19,53.141,271.193,-1.267,0.98
2026-01-22 08:30:00,DE-SOUTH,South Plant,Assembly & Charging,3983.258,0.19,55.048,256.404,-1.385,0.98
2026-01-22 08:45:00,DE-SOUTH,South Plant,Assembly & Charging,3992.357,0.19,52.353,240.165,-2.197,0.98
2026-01-22 09:00:00,DE-SOUTH,South Plant,Assembly & Charging,4148.059,0.19,51.647,224.234,-1.025,0.98
2026-01-22 09:15:00,DE-SOUTH,South Plant,Assembly & Charging,4018.703,0.19,45.899,231.889,0.067,0.98
2026-01-22 09:30:00,DE-SOUTH,South Plant,Assembly & Charging,4115.588,0.19,46.532,206.544,-0.2,0.98
2026-01-22 09:45:00,DE-SOUTH,South Plant,Assembly & Charging,4121.495,0.19,38.734,219.26,-0.47,0.98
2026-01-22 10:00:00,DE-SOUTH,South Plant,Assembly & Charging,4116.902,0.19,43.966,239.326,-1.027,0.98
2026-01-22 10:15:00,DE-SOUTH,South Plant,Assembly & Charging,3990.612,0.19,43.611,218.357,0.001,0.98
2026-01-22 10:30:00,DE-SOUTH,South Plant,Assembly & Charging,4123.672,0.19,39.393,205.818,0.742,0.98
2026-01-22 10:45:00,DE-SOUTH,South Plant,Assembly & Charging,4011.795,0.19,32.458,191.931,0.542,0.98
2026-01-22 11:00:00,DE-SOUTH,South Plant,Assembly & Charging,4031.503,0.19,41.632,166.192,0.581,0.98
2026-01-22 11:15:00,DE-SOUTH,South Plant,Assembly & Charging,3858.746,0.19,38.052,170.847,0.145,0.98
2026-01-22 11:30:00,DE-SOUTH,South Plant,Assembly & Charging,3904.959,0.19,32.777,200.142,1.563,0.98
2026-01-22 11:45:00,DE-SOUTH,South Plant,Assembly & Charging,4012.997,0.19,33.827,174.1,-0.97,0.98
2026-01-22 12:00:00,DE-SOUTH,South Plant,Assembly & Charging,3941.862,0.19,28.407,174.826,1.768,0.98
2026-01-22 12:15:00,DE-SOUTH,South Plant,Assembly & Charging,3732.728,0.19,29.965,181.7,3.588,0.98
2026-01-22 12:30:00,DE-SOUTH,South Plant,Assembly & Charging,3750.189,0.19,31.778,172.266,1.031,0.98
2026-01-22 12:45:00,DE-SOUTH,South Plant,Assembly & Charging,3669.334,0.19,38.917,172.488,2.224,0.98
2026-01-22 13:00:00,DE-SOUTH,South Plant,Assembly & Charging,3667.748,0.19,31.736,189.703,2.7,0.98
2026-01-22 13:15:00,DE-SOUTH,South Plant,Assembly & Charging,3577.041,0.19,37.371,183.643,2.701,0.98
2026-01-22 13:30:00,DE-SOUTH,South Plant,Assembly & Charging,3656.282,0.19,33.405,190.447,4.073,0.98
2026-01-22 13:45:00,DE-SOUTH,South Plant,Assembly & Charging,3709.639,0.19,37.54,195.964,4.004,0.98
2026-01-22 14:00:00,DE-SOUTH,South Plant,Assembly & Charging,3371.375,0.19,37.222,218.645,4.107,0.88
2026-01-22 14:15:00,DE-SOUTH,South Plant,Assembly & Charging,3418.266,0.19,42.779,217.704,4.885,0.88
2026-01-22 14:30:00,DE-SOUTH,South Plant,Assembly & Charging,3405.24,0.19,38.913,227.561,4.664,0.88
2026-01-22 14:45:00,DE-SOUTH,South Plant,Assembly & Charging,3495.487,0.19,36.801,247.203,7.201,0.88
2026-01-22 15:00:00,DE-SOUTH,South Plant,Assembly & Charging,3368.645,0.19,39.876,249.796,5.4,0.88
2026-01-22 15:15:00,DE-SOUTH,South Plant,Assembly & Charging,3377.862,0.19,45.859,260.727,5.744,0.88
2026-01-22 15:30:00,DE-SOUTH,South Plant,Assembly & Charging,3377.19,0.19,45.832,283.337,4.716,0.88
2026-01-22 15:45:00,DE-SOUTH,South Plant,Assembly & Charging,3356.998,0.19,55.548,300.316,5.831,0.88
2026-01-22 16:00:00,DE-SOUTH,South Plant,Assembly & Charging,3512.887,0.19,55.331,306.004,7.303,0.88
2026-01-22 16:15:00,DE-SOUTH,South Plant,Assembly & Charging,3491.309,0.19,70.143,324.921,5.843,0.88
2026-01-22 16:30:00,DE-SOUTH,South Plant,Assembly & Charging,3537.62,0.19,57.259,331.281,5.534,0.88
2026-01-22 16:45:00,DE-SOUTH,South Plant,Assembly & Charging,3657.655,0.19,68.641,347.347,7.319,0.88
2026-01-22 17:00:00,DE-SOUTH,South Plant,Assembly & Charging,3680.588,0.19,66.916,383.976,8.495,0.88
2026-01-22 17:15:00,DE-SOUTH,South Plant,Assembly & Charging,3449.932,0.19,72.967,396.956,7.789,0.88
2026-01-22 17:30:00,DE-SOUTH,South Plant,Assembly & Charging,3687.496,0.19,78.86,413.49,7.731,0.88
2026-01-22 17:45:00,DE-SOUTH,South Plant,Assembly & Charging,3688.344,0.19,72.118,427.096,6.856,0.88
2026-01-22 18:00:00,DE-SOUTH,South Plant,Assembly & Charging,3637.642,0.19,85.204,439.048,8.647,0.88
2026-01-22 18:15:00,DE-SOUTH,South Plant,Assembly & Charging,3733.089,0.19,92.472,449.057,8.947,0.88
2026-01-22 18:30:00,DE-SOUTH,South Plant,Assembly & Charging,3589.199,0.19,83.288,452.929,7.372,0.88
2026-01-22 18:45:00,DE-SOUTH,South Plant,Assembly & Charging,3877.163,0.19,86.011,452.42,9.529,0.88
2026-01-22 19:00:00,DE-SOUTH,South Plant,Assembly & Charging,3812.855,0.19,88.579,438.853,9.366,0.88
2026-01-22 19:15:00,DE-SOUTH,South Plant,Assembly & Charging,3701.126,0.19,82.994,454.166,9.697,0.88
2026-01-22 19:30:00,DE-SOUTH,South Plant,Assembly & Charging,3741.527,0.19,80.199,436.74,9.366,0.88
2026-01-22 19:45:00,DE-SOUTH,South Plant,Assembly & Charging,3647.907,0.19,72.047,437.252,9.447,0.88
2026-01-22 20:00:00,DE-SOUTH,South Plant,Assembly & Charging,3777.262,0.19,82.156,428.101,9.365,0.88
2026-01-22 20:15:00,DE-SOUTH,South Plant,Assembly & Charging,3758.895,0.19,77.459,422.333,9.597,0.88
2026-01-22 20:30:00,DE-SOUTH,South Plant,Assembly & Charging,3697.026,0.19,72.122,405.004,7.684,0.88
2026-01-22 20:45:00,DE-SOUTH,South Plant,Assembly & Charging,3875.08,0.19,74.941,416.722,7.853,0.88
2026-01-22 21:00:00,DE-SOUTH,South Plant,Assembly & Charging,3902.019,0.19,70.416,437.108,8.314,0.88
2026-01-22 21:15:00,DE-SOUTH,South Plant,Assembly & Charging,3764.128,0.19,69.05,393.454,8.644,0.88
2026-01-22 21:30:00,DE-SOUTH,South Plant,Assembly & Charging,3715.972,0.19,72.132,394.23,8.891,0.88
2026-01-22 21:45:00,DE-SOUTH,South Plant,Assembly & Charging,3760.792,0.19,63.049,383.963,8.712,0.88
2026-01-22 22:00:00,DE-SOUTH,South Plant,Assembly & Charging,2617.274,0.19,71.453,379.955,9.112,0.38
2026-01-22 22:15:00,DE-SOUTH,South Plant,Assembly & Charging,2503.265,0.19,60.701,401.402,8.961,0.38
2026-01-22 22:30:00,DE-SOUTH,South Plant,Assembly & Charging,2537.088,0.19,62.832,372.397,7.356,0.38
2026-01-22 22:45:00,DE-SOUTH,South Plant,Assembly & Charging,2541.996,0.19,72.519,372.901,7.926,0.38
2026-01-22 23:00:00,DE-SOUTH,South Plant,Assembly & Charging,2579.269,0.19,68.82,358.121,6.942,0.38
2026-01-22 23:15:00,DE-SOUTH,South Plant,Assembly & Charging,2534.265,0.19,64.305,367.07,7.165,0.38
2026-01-22 23:30:00,DE-SOUTH,South Plant,Assembly & Charging,2530.78,0.19,59.862,355.001,7.269,0.38
2026-01-22 23:45:00,DE-SOUTH,South Plant,Assembly & Charging,2384.008,0.19,61.303,382.717,4.392,0.38
2026-01-23 00:00:00,DE-SOUTH,South Plant,Assembly & Charging,2525.327,0.19,63.076,406.779,8.188,0.38
2026-01-23 00:15:00,DE-SOUTH,South Plant,Assembly & Charging,2465.658,0.19,63.036,369.383,6.608,0.38
2026-01-23 00:30:00,DE-SOUTH,South Plant,Assembly & Charging,2692.545,0.19,62.632,354.385,5.496,0.38
2026-01-23 00:45:00,DE-SOUTH,South Plant,Assembly & Charging,2402.169,0.19,62.99,385.789,6.956,0.38
2026-01-23 01:00:00,DE-SOUTH,South Plant,Assembly & Charging,2476.823,0.19,62.384,366.87,5.051,0.38
2026-01-23 01:15:00,DE-SOUTH,South Plant,Assembly & Charging,2696.688,0.19,57.614,391.788,5.068,0.38
2026-01-23 01:30:00,DE-SOUTH,South Plant,Assembly & Charging,2464.641,0.19,61.472,373.412,4.312,0.38
2026-01-23 01:45:00,DE-SOUTH,South Plant,Assembly & Charging,2429.997,0.19,67.371,369.814,5.483,0.38
2026-01-23 02:00:00,DE-SOUTH,South Plant,Assembly & Charging,2366.524,0.19,58.437,375.856,3.927,0.38
2026-01-23 02:15:00,DE-SOUTH,South Plant,Assembly & Charging,2601.066,0.19,63.378,387.678,3.778,0.38
2026-01-23 02:30:00,DE-SOUTH,South Plant,Assembly & Charging,2364.621,0.19,61.113,376.444,4.19,0.38
2026-01-23 02:45:00,DE-SOUTH,South Plant,Assembly & Charging,2527.142,0.19,65.13,373.796,3.434,0.38
2026-01-23 03:00:00,DE-SOUTH,South Plant,Assembly & Charging,2468.358,0.19,63.463,377.948,2.668,0.38
2026-01-23 03:15:00,DE-SOUTH,South Plant,Assembly & Charging,2505.645,0.19,71.305,365.643,3.17,0.38
2026-01-23 03:30:00,DE-SOUTH,South Plant,Assembly & Charging,2406.099,0.19,67.847,386.234,3.864,0.38
2026-01-23 03:45:00,DE-SOUTH,South Plant,Assembly & Charging,2693.561,0.19,61.05,360.586,2.011,0.38
2026-01-23 04:00:00,DE-SOUTH,South Plant,Assembly & Charging,2572.858,0.19,69.51,377.246,1.582,0.38
2026-01-23 04:15:00,DE-SOUTH,South Plant,Assembly & Charging,2512.36,0.19,64.306,392.227,1.342,0.38
2026-01-23 04:30:00,DE-SOUTH,South Plant,Assembly & Charging,2750.725,0.19,65.725,387.281,1.873,0.38
2026-01-23 04:45:00,DE-SOUTH,South Plant,Assembly & Charging,2629.78,0.19,69.962,391.248,0.284,0.38
2026-01-23 05:00:00,DE-SOUTH,South Plant,Assembly & Charging,2725.938,0.19,67.451,383.892,0.27,0.38
2026-01-23 05:15:00,DE-SOUTH,South Plant,Assembly & Charging,2801.967,0.19,73.73,399.206,-0.835,0.38
2026-01-23 05:30:00,DE-SOUTH,South Plant,Assembly & Charging,2786.311,0.19,67.818,396.751,-0.795,0.38
2026-01-23 05:45:00,DE-SOUTH,South Plant,Assembly & Charging,2559.082,0.19,69.202,391.48,-0.52,0.38
2026-01-23 06:00:00,DE-SOUTH,South Plant,Assembly & Charging,4145.804,0.19,69.803,397.716,-0.369,0.98
2026-01-23 06:15:00,DE-SOUTH,South Plant,Assembly & Charging,4079.582,0.19,68.992,384.59,0.754,0.98
2026-01-23 06:30:00,DE-SOUTH,South Plant,Assembly & Charging,4081.54,0.19,74.44,359.346,-0.244,0.98
2026-01-23 06:45:00,DE-SOUTH,South Plant,Assembly & Charging,4120.789,0.19,71.302,337.61,-1.373,0.98
2026-01-23 07:00:00,DE-SOUTH,South Plant,Assembly & Charging,3988.993,0.19,74.316,348.03,-1.339,0.98
2026-01-23 07:15:00,DE-SOUTH,South Plant,Assembly & Charging,4136.234,0.19,75.177,338.965,0.058,0.98
2026-01-23 07:30:00,DE-SOUTH,South Plant,Assembly & Charging,3992.842,0.19,60.548,335.149,-0.169,0.98
2026-01-23 07:45:00,DE-SOUTH,South Plant,Assembly & Charging,4087.874,0.19,63.451,300.749,-0.97,0.98
2026-01-23 08:00:00,DE-SOUTH,South Plant,Assembly & Charging,4116.746,0.19,56.898,291.343,-1.31,0.98
2026-01-23 08:15:00,DE-SOUTH,South Plant,Assembly & Charging,4169.968,0.19,56.867,298.332,-0.202,0.98
2026-01-23 08:30:00,DE-SOUTH,South Plant,Assembly & Charging,3992.141,0.19,55.781,282.95,-1.653,0.98
2026-01-23 08:45:00,DE-SOUTH,South Plant,Assembly & Charging,4161.252,0.19,52.358,252.605,-0.63,0.98
2026-01-23 09:00:00,DE-SOUTH,South Plant,Assembly & Charging,4074.202,0.19,50.641,271.64,0.761,0.98
2026-01-23 09:15:00,DE-SOUTH,South Plant,Assembly & Charging,3934.057,0.19,52.528,237.326,-0.591,0.98
2026-01-23 09:30:00,DE-SOUTH,South Plant,Assembly & Charging,3847.351,0.19,46.511,241.174,-1.162,0.98
2026-01-23 09:45:00,DE-SOUTH,South Plant,Assembly & Charging,3775.421,0.19,53.055,262.274,-0.197,0.98
2026-01-23 10:00:00,DE-SOUTH,South Plant,Assembly & Charging,3902.135,0.19,44.382,262.095,-0.659,0.98
2026-01-23 10:15:00,DE-SOUTH,South Plant,Assembly & Charging,3784.227,0.19,57.737,220.383,-1.133,0.98
2026-01-23 10:30:00,DE-SOUTH,South Plant,Assembly & Charging,3911.237,0.19,43.24,226.448,0.524,0.98
2026-01-23 10:45:00,DE-SOUTH,South Plant,Assembly & Charging,3708.175,0.19,44.0,227.021,1.023,0.98
2026-01-23 11:00:00,DE-SOUTH,South Plant,Assembly & Charging,3669.404,0.19,37.333,244.692,0.247,0.98
2026-01-23 11:15:00,DE-SOUTH,South Plant,Assembly & Charging,3745.812,0.19,48.294,214.928,0.439,0.98
2026-01-23 11:30:00,DE-SOUTH,South Plant,Assembly & Charging,3644.212,0.19,45.067,213.381,0.283,0.98
2026-01-23 11:45:00,DE-SOUTH,South Plant,Assembly & Charging,3681.771,0.19,41.072,236.703,1.117,0.98
2026-01-23 12:00:00,DE-SOUTH,South Plant,Assembly & Charging,3757.353,0.19,33.977,213.406,1.106,0.98
2026-01-23 12:15:00,DE-SOUTH,South Plant,Assembly & Charging,3671.295,0.19,39.88,227.145,1.081,0.98
2026-01-23 12:30:00,DE-SOUTH,South Plant,Assembly & Charging,3644.741,0.19,34.423,202.139,3.411,0.98
2026-01-23 12:45:00,DE-SOUTH,South Plant,Assembly & Charging,3660.257,0.19,44.834,220.029,2.719,0.98
2026-01-23 13:00:00,DE-SOUTH,South Plant,Assembly & Charging,3491.154,0.19,42.51,205.249,3.107,0.98
2026-01-23 13:15:00,DE-SOUTH,South Plant,Assembly & Charging,3683.521,0.19,40.162,216.47,3.643,0.98
2026-01-23 13:30:00,DE-SOUTH,South Plant,Assembly & Charging,3674.563,0.19,30.769,244.101,3.887,0.98
2026-01-23 13:45:00,DE-SOUTH,South Plant,Assembly & Charging,3763.895,0.19,37.55,239.287,3.384,0.98
2026-01-23 14:00:00,DE-SOUTH,South Plant,Assembly & Charging,3551.695,0.19,45.447,242.91,4.191,0.88
2026-01-23 14:15:00,DE-SOUTH,South Plant,Assembly & Charging,3503.221,0.19,49.014,245.64,4.139,0.88
2026-01-23 14:30:00,DE-SOUTH,South Plant,Assembly & Charging,3632.307,0.19,50.327,260.925,4.96,0.88
2026-01-23 14:45:00,DE-SOUTH,South Plant,Assembly & Charging,3538.672,0.19,41.518,277.216,5.215,0.88
2026-01-23 15:00:00,DE-SOUTH,South Plant,Assembly & Charging,3618.696,0.19,51.355,296.511,5.026,0.88
2026-01-23 15:15:00,DE-SOUTH,South Plant,Assembly & Charging,3602.293,0.19,56.739,265.394,4.677,0.88
2026-01-23 15:30:00,DE-SOUTH,South Plant,Assembly & Charging,3688.982,0.19,48.824,300.115,6.016,0.88
2026-01-23 15:45:00,DE-SOUTH,South Plant,Assembly & Charging,3643.081,0.19,58.439,326.147,6.068,0.88
2026-01-23 16:00:00,DE-SOUTH,South Plant,Assembly & Charging,3863.166,0.19,62.78,338.021,5.177,0.88
2026-01-23 16:15:00,DE-SOUTH,South Plant,Assembly & Charging,3904.234,0.19,63.856,359.694,7.133,0.88
2026-01-23 16:30:00,DE-SOUTH,South Plant,Assembly & Charging,3820.6,0.19,61.133,374.197,7.72,0.88
2026-01-23 16:45:00,DE-SOUTH,South Plant,Assembly & Charging,3889.606,0.19,70.768,383.729,9.067,0.88
2026-01-23 17:00:00,DE-SOUTH,South Plant,Assembly & Charging,3649.642,0.19,74.27,397.489,7.262,0.88
2026-01-23 17:15:00,DE-SOUTH,South Plant,Assembly & Charging,3674.704,0.19,78.403,417.054,7.382,0.88
2026-01-23 17:30:00,DE-SOUTH,South Plant,Assembly & Charging,3787.376,0.19,79.993,449.478,7.19,0.88
2026-01-23 17:45:00,DE-SOUTH,South Plant,Assembly & Charging,3816.533,0.19,83.493,441.86,8.303,0.88
2026-01-23 18:00:00,DE-SOUTH,South Plant,Assembly & Charging,3796.651,0.19,87.832,463.878,8.472,0.88
2026-01-23 18:15:00,DE-SOUTH,South Plant,Assembly & Charging,3671.247,0.19,90.248,468.227,7.916,0.88
2026-01-23 18:30:00,DE-SOUTH,South Plant,Assembly & Charging,3911.538,0.19,87.382,484.916,8.497,0.88
2026-01-23 18:45:00,DE-SOUTH,South Plant,Assembly & Charging,4003.682,0.19,86.707,461.496,7.35,0.88
2026-01-23 19:00:00,DE-SOUTH,South Plant,Assembly & Charging,3890.212,0.19,88.094,474.283,9.478,0.88
2026-01-23 19:15:00,DE-SOUTH,South Plant,Assembly & Charging,3866.406,0.19,79.079,474.095,8.364,0.88
2026-01-23 19:30:00,DE-SOUTH,South Plant,Assembly & Charging,3762.624,0.19,87.408,454.071,8.933,0.88
2026-01-23 19:45:00,DE-SOUTH,South Plant,Assembly & Charging,3652.099,0.19,83.985,446.996,7.991,0.88
2026-01-23 20:00:00,DE-SOUTH,South Plant,Assembly & Charging,3702.256,0.19,82.445,439.629,8.592,0.88
2026-01-23 20:15:00,DE-SOUTH,South Plant,Assembly & Charging,3855.036,0.19,84.303,434.137,8.794,0.88
2026-01-23 20:30:00,DE-SOUTH,South Plant,Assembly & Charging,3602.727,0.19,70.76,440.878,8.949,0.88
2026-01-23 20:45:00,DE-SOUTH,South Plant,Assembly & Charging,3560.203,0.19,68.787,426.809,9.24,0.88
2026-01-23 21:00:00,DE-SOUTH,South Plant,Assembly & Charging,3664.317,0.19,75.938,420.436,9.837,0.88
2026-01-23 21:15:00,DE-SOUTH,South Plant,Assembly & Charging,3646.124,0.19,73.071,397.997,9.248,0.88
2026-01-23 21:30:00,DE-SOUTH,South Plant,Assembly & Charging,3434.735,0.19,72.164,394.201,9.293,0.88
2026-01-23 21:45:00,DE-SOUTH,South Plant,Assembly & Charging,3458.143,0.19,68.169,426.341,9.497,0.88
2026-01-23 22:00:00,DE-SOUTH,South Plant,Assembly & Charging,2414.278,0.19,71.372,393.835,8.729,0.38
2026-01-23 22:15:00,DE-SOUTH,South Plant,Assembly & Charging,2455.862,0.19,71.308,382.572,8.132,0.38
2026-01-23 22:30:00,DE-SOUTH,South Plant,Assembly & Charging,2529.926,0.19,68.538,405.48,8.673,0.38
2026-01-23 22:45:00,DE-SOUTH,South Plant,Assembly & Charging,2348.809,0.19,64.735,388.629,8.51,0.38
2026-01-23 23:00:00,DE-SOUTH,South Plant,Assembly & Charging,2516.151,0.19,56.662,389.583,7.99,0.38
2026-01-23 23:15:00,DE-SOUTH,South Plant,Assembly & Charging,2438.965,0.19,67.604,378.788,6.278,0.38
2026-01-23 23:30:00,DE-SOUTH,South Plant,Assembly & Charging,2635.068,0.19,68.952,374.766,6.455,0.38
2026-01-23 23:45:00,DE-SOUTH,South Plant,Assembly & Charging,2453.836,0.19,66.268,374.988,6.585,0.38
2026-01-24 00:00:00,DE-SOUTH,South Plant,Assembly & Charging,2218.962,0.19,59.362,357.276,7.046,0.28
2026-01-24 00:15:00,DE-SOUTH,South Plant,Assembly & Charging,2294.129,0.19,65.507,372.212,6.197,0.28
2026-01-24 00:30:00,DE-SOUTH,South Plant,Assembly & Charging,2215.775,0.19,66.192,376.22,6.709,0.28
2026-01-24 00:45:00,DE-SOUTH,South Plant,Assembly & Charging,2097.632,0.19,68.932,394.277,6.528,0.28
2026-01-24 01:00:00,DE-SOUTH,South Plant,Assembly & Charging,2254.981,0.19,59.149,372.51,6.134,0.28
2026-01-24 01:15:00,DE-SOUTH,South Plant,Assembly & Charging,2272.11,0.19,61.718,342.879,5.819,0.28
2026-01-24 01:30:00,DE-SOUTH,South Plant,Assembly & Charging,2187.815,0.19,65.599,369.177,3.927,0.28
2026-01-24 01:45:00,DE-SOUTH,South Plant,Assembly & Charging,2335.459,0.19,62.847,402.601,4.665,0.28
2026-01-24 02:00:00,DE-SOUTH,South Plant,Assembly & Charging,2186.08,0.19,58.179,379.551,3.575,0.28
2026-01-24 02:15:00,DE-SOUTH,South Plant,Assembly & Charging,2371.079,0.19,64.366,358.859,2.519,0.28
2026-01-24 02:30:00,DE-SOUTH,South Plant,Assembly & Charging,2437.813,0.19,65.115,375.125,3.146,0.28
2026-01-24 02:45:00,DE-SOUTH,South Plant,Assembly & Charging,2436.056,0.19,63.283,358.578,3.952,0.28
2026-01-24 03:00:00,DE-SOUTH,South Plant,Assembly & Charging,2418.362,0.19,63.983,350.697,3.028,0.28
2026-01-24 03:15:00,DE-SOUTH,South Plant,Assembly & Charging,2457.609,0.19,62.29,362.231,3.805,0.28
2026-01-24 03:30:00,DE-SOUTH,South Plant,Assembly & Charging,2426.964,0.19,69.508,366.989,2.211,0.28
2026-01-24 03:45:00,DE-SOUTH,South Plant,Assembly & Charging,2500.094,0.19,60.316,342.915,3.502,0.28
2026-01-24 04:00:00,DE-SOUTH,South Plant,Assembly & Charging,2535.562,0.19,61.948,351.093,1.624,0.28
2026-01-24 04:15:00,DE-SOUTH,South Plant,Assembly & Charging,2463.29,0.19,64.774,364.521,1.238,0.28
2026-01-24 04:30:00,DE-SOUTH,South Plant,Assembly & Charging,2587.766,0.19,68.732,359.025,0.061,0.28
2026-01-24 04:45:00,DE-SOUTH,South Plant,Assembly & Charging,2577.909,0.19,59.76,368.2,1.481,0.28
2026-01-24 05:00:00,DE-SOUTH,South Plant,Assembly & Charging,2555.22,0.19,61.083,348.44,0.113,0.28
2026-01-24 05:15:00,DE-SOUTH,South Plant,Assembly & Charging,2790.623,0.19,58.781,371.153,-0.212,0.28
2026-01-24 05:30:00,DE-SOUTH,South Plant,Assembly & Charging,2545.131,0.19,67.691,347.96,0.93,0.28
2026-01-24 05:45:00,DE-SOUTH,South Plant,Assembly & Charging,2529.178,0.19,63.724,381.476,0.653,0.28
2026-01-24 06:00:00,DE-SOUTH,South Plant,Assembly & Charging,2904.576,0.19,67.289,340.787,0.462,0.46
2026-01-24 06:15:00,DE-SOUTH,South Plant,Assembly & Charging,2854.078,0.19,70.182,336.449,-0.738,0.46
2026-01-24 06:30:00,DE-SOUTH,South Plant,Assembly & Charging,2986.676,0.19,63.647,342.818,-0.655,0.46
2026-01-24 06:45:00,DE-SOUTH,South Plant,Assembly & Charging,2846.469,0.19,65.774,346.145,-0.777,0.46
2026-01-24 07:00:00,DE-SOUTH,South Plant,Assembly & Charging,2832.366,0.19,62.239,318.483,-0.282,0.46
2026-01-24 07:15:00,DE-SOUTH,South Plant,Assembly & Charging,2809.112,0.19,64.656,310.196,0.184,0.46
2026-01-24 07:30:00,DE-SOUTH,South Plant,Assembly & Charging,2755.429,0.19,62.339,292.651,-0.7,0.46
2026-01-24 07:45:00,DE-SOUTH,South Plant,Assembly & Charging,2652.656,0.19,56.081,269.428,0.393,0.46
2026-01-24 08:00:00,DE-SOUTH,South Plant,Assembly & Charging,2753.231,0.19,56.525,265.518,-0.372,0.46
2026-01-24 08:15:00,DE-SOUTH,South Plant,Assembly & Charging,2858.655,0.19,59.671,246.905,-1.154,0.46
2026-01-24 08:30:00,DE-SOUTH,South Plant,Assembly & Charging,2768.175,0.19,55.321,236.588,-0.377,0.46
2026-01-24 08:45:00,DE-SOUTH,South Plant,Assembly & Charging,2863.642,0.19,46.378,247.714,0.29,0.46
2026-01-24 09:00:00,DE-SOUTH,South Plant,Assembly & Charging,2769.081,0.19,52.789,220.889,0.569,0.46
2026-01-24 09:15:00,DE-SOUTH,South Plant,Assembly & Charging,2736.541,0.19,44.03,230.226,0.096,0.46
2026-01-24 09:30:00,DE-SOUTH,South Plant,Assembly & Charging,2851.363,0.19,52.24,203.379,-0.601,0.46
2026-01-24 09:45:00,DE-SOUTH,South Plant,Assembly & Charging,2661.794,0.19,48.95,215.782,-0.636,0.46
2026-01-24 10:00:00,DE-SOUTH,South Plant,Assembly & Charging,2660.329,0.19,44.341,200.231,0.073,0.46
2026-01-24 10:15:00,DE-SOUTH,South Plant,Assembly & Charging,2638.532,0.19,42.223,217.517,1.014,0.46
2026-01-24 10:30:00,DE-SOUTH,South Plant,Assembly & Charging,2782.841,0.19,39.278,199.762,0.337,0.46
2026-01-24 10:45:00,DE-SOUTH,South Plant,Assembly & Charging,2642.75,0.19,41.472,206.665,0.559,0.46
2026-01-24 11:00:00,DE-SOUTH,South Plant,Assembly & Charging,2588.875,0.19,36.063,179.467,0.5,0.46
2026-01-24 11:15:00,DE-SOUTH,South Plant,Assembly & Charging,2707.673,0.19,37.433,186.667,0.474,0.46
2026-01-24 11:30:00,DE-SOUTH,South Plant,Assembly & Charging,2587.96,0.19,39.095,172.455,0.843,0.46
2026-01-24 11:45:00,DE-SOUTH,South Plant,Assembly & Charging,2717.847,0.19,32.657,178.295,1.317,0.46
2026-01-24 12:00:00,DE-SOUTH,South Plant,Assembly & Charging,2708.934,0.19,31.928,179.956,2.703,0.46
2026-01-24 12:15:00,DE-SOUTH,South Plant,Assembly & Charging,2683.408,0.19,29.302,175.064,1.621,0.46
2026-01-24 12:30:00,DE-SOUTH,South Plant,Assembly & Charging,2766.169,0.19,29.713,170.714,2.123,0.46
2026-01-24 12:45:00,DE-SOUTH,South Plant,Assembly & Charging,2605.993,0.19,26.76,170.738,1.787,0.46
2026-01-24 13:00:00,DE-SOUTH,South Plant,Assembly & Charging,2762.673,0.19,37.313,162.925,3.208,0.46
2026-01-24 13:15:00,DE-SOUTH,South Plant,Assembly & Charging,2721.518,0.19,42.174,182.559,3.981,0.46
2026-01-24 13:30:00,DE-SOUTH,South Plant,Assembly & Charging,3038.746,0.19,41.416,207.963,4.485,0.46
2026-01-24 13:45:00,DE-SOUTH,South Plant,Assembly & Charging,2824.51,0.19,30.228,187.449,3.815,0.46
2026-01-24 14:00:00,DE-SOUTH,South Plant,Assembly & Charging,2601.885,0.19,40.9,197.449,4.402,0.38
2026-01-24 14:15:00,DE-SOUTH,South Plant,Assembly & Charging,2552.631,0.19,45.215,243.664,4.22,0.38
2026-01-24 14:30:00,DE-SOUTH,South Plant,Assembly & Charging,2803.852,0.19,39.493,223.943,5.022,0.38
2026-01-24 14:45:00,DE-SOUTH,South Plant,Assembly & Charging,2668.91,0.19,43.792,245.961,5.195,0.38
2026-01-24 15:00:00,DE-SOUTH,South Plant,Assembly & Charging,2641.311,0.19,37.695,261.465,5.335,0.38
2026-01-24 15:15:00,DE-SOUTH,South Plant,Assembly & Charging,2750.093,0.19,49.403,274.459,5.704,0.38
2026-01-24 15:30:00,DE-SOUTH,South Plant,Assembly & Charging,2781.262,0.19,46.949,262.05,6.23,0.38
2026-01-24 15:45:00,DE-SOUTH,South Plant,Assembly & Charging,2787.381,0.19,55.107,292.33,6.006,0.38
2026-01-24 16:00:00,DE-SOUTH,South Plant,Assembly & Charging,2731.117,0.19,51.375,291.332,6.33,0.38
2026-01-24 16:15:00,DE-SOUTH,South Plant,Assembly & Charging,2726.419,0.19,63.267,356.464,7.973,0.38
2026-01-24 16:30:00,DE-SOUTH,South Plant,Assembly & Charging,2719.411,0.19,68.783,324.848,8.941,0.38
2026-01-24 16:45:00,DE-SOUTH,South Plant,Assembly & Charging,2746.81,0.19,65.192,348.59,6.454,0.38
2026-01-24 17:00:00,DE-SOUTH,South Plant,Assembly & Charging,2743.059,0.19,67.401,365.909,6.654,0.38
2026-01-24 17:15:00,DE-SOUTH,South Plant,Assembly & Charging,2786.608,0.19,66.861,377.464,7.089,0.38
2026-01-24 17:30:00,DE-SOUTH,South Plant,Assembly & Charging,2670.378,0.19,77.794,428.216,7.894,0.38
2026-01-24 17:45:00,DE-SOUTH,South Plant,Assembly & Charging,2566.04,0.19,79.68,456.902,8.784,0.38
2026-01-24 18:00:00,DE-SOUTH,South Plant,Assembly & Charging,2608.369,0.19,78.66,437.033,8.744,0.38
2026-01-24 18:15:00,DE-SOUTH,South Plant,Assembly & Charging,2670.615,0.19,87.299,429.242,8.605,0.38
2026-01-24 18:30:00,DE-SOUTH,South Plant,Assembly & Charging,2417.201,0.19,83.947,419.383,8.99,0.38
2026-01-24 18:45:00,DE-SOUTH,South Plant,Assembly & Charging,2403.639,0.19,81.333,443.202,8.25,0.38
2026-01-24 19:00:00,DE-SOUTH,South Plant,Assembly & Charging,2620.888,0.19,82.942,441.033,8.659,0.38
2026-01-24 19:15:00,DE-SOUTH,South Plant,Assembly & Charging,2651.503,0.19,88.633,434.589,8.89,0.38
2026-01-24 19:30:00,DE-SOUTH,South Plant,Assembly & Charging,2390.772,0.19,85.648,441.648,7.848,0.38
2026-01-24 19:45:00,DE-SOUTH,South Plant,Assembly & Charging,2491.12,0.19,81.358,439.502,8.176,0.38
2026-01-24 20:00:00,DE-SOUTH,South Plant,Assembly & Charging,2428.035,0.19,82.81,433.788,8.215,0.38
2026-01-24 20:15:00,DE-SOUTH,South Plant,Assembly & Charging,2411.669,0.19,74.023,420.862,9.524,0.38
2026-01-24 20:30:00,DE-SOUTH,South Plant,Assembly & Charging,2453.098,0.19,77.069,405.985,9.129,0.38
2026-01-24 20:45:00,DE-SOUTH,South Plant,Assembly & Charging,2296.257,0.19,75.803,421.747,9.332,0.38
2026-01-24 21:00:00,DE-SOUTH,South Plant,Assembly & Charging,2322.667,0.19,71.66,408.638,7.542,0.38
2026-01-24 21:15:00,DE-SOUTH,South Plant,Assembly & Charging,2388.392,0.19,73.704,414.201,7.696,0.38
2026-01-24 21:30:00,DE-SOUTH,South Plant,Assembly & Charging,2386.312,0.19,67.392,408.508,9.084,0.38
2026-01-24 21:45:00,DE-SOUTH,South Plant,Assembly & Charging,2324.35,0.19,71.256,377.959,6.539,0.38
2026-01-24 22:00:00,DE-SOUTH,South Plant,Assembly & Charging,2277.511,0.19,70.292,374.349,9.187,0.28
2026-01-24 22:15:00,DE-SOUTH,South Plant,Assembly & Charging,2198.248,0.19,55.45,379.588,6.881,0.28
2026-01-24 22:30:00,DE-SOUTH,South Plant,Assembly & Charging,2190.035,0.19,71.076,373.616,8.557,0.28
2026-01-24 22:45:00,DE-SOUTH,South Plant,Assembly & Charging,2278.994,0.19,53.472,393.497,7.137,0.28
2026-01-24 23:00:00,DE-SOUTH,South Plant,Assembly & Charging,2244.178,0.19,62.684,387.25,8.27,0.28
2026-01-24 23:15:00,DE-SOUTH,South Plant,Assembly & Charging,2333.895,0.19,68.856,395.226,9.542,0.28
2026-01-24 23:30:00,DE-SOUTH,South Plant,Assembly & Charging,2232.486,0.19,63.195,386.138,5.453,0.28
2026-01-24 23:45:00,DE-SOUTH,South Plant,Assembly & Charging,2190.937,0.19,58.395,383.514,7.265,0.28
2026-01-25 00:00:00,DE-SOUTH,South Plant,Assembly & Charging,2328.334,0.19,59.246,393.445,5.234,0.28
2026-01-25 00:15:00,DE-SOUTH,South Plant,Assembly & Charging,2368.578,0.19,67.829,385.27,6.51,0.28
2026-01-25 00:30:00,DE-SOUTH,South Plant,Assembly & Charging,2278.694,0.19,56.142,381.029,5.769,0.28
2026-01-25 00:45:00,DE-SOUTH,South Plant,Assembly & Charging,2285.646,0.19,68.457,398.55,5.698,0.28
2026-01-25 01:00:00,DE-SOUTH,South Plant,Assembly & Charging,2456.138,0.19,63.843,382.733,4.656,0.28
2026-01-25 01:15:00,DE-SOUTH,South Plant,Assembly & Charging,2380.544,0.19,59.428,378.257,5.522,0.28
2026-01-25 01:30:00,DE-SOUTH,South Plant,Assembly & Charging,2353.068,0.19,62.014,372.406,3.639,0.28
2026-01-25 01:45:00,DE-SOUTH,South Plant,Assembly & Charging,2569.537,0.19,60.445,391.437,5.196,0.28
2026-01-25 02:00:00,DE-SOUTH,South Plant,Assembly & Charging,2452.979,0.19,68.167,398.377,3.714,0.28
2026-01-25 02:15:00,DE-SOUTH,South Plant,Assembly & Charging,2633.576,0.19,67.847,383.447,2.691,0.28
2026-01-25 02:30:00,DE-SOUTH,South Plant,Assembly & Charging,2522.423,0.19,58.286,400.26,4.464,0.28
2026-01-25 02:45:00,DE-SOUTH,South Plant,Assembly & Charging,2566.062,0.19,63.829,361.425,2.977,0.28
2026-01-25 03:00:00,DE-SOUTH,South Plant,Assembly & Charging,2511.884,0.19,62.311,384.887,4.041,0.28
2026-01-25 03:15:00,DE-SOUTH,South Plant,Assembly & Charging,2299.088,0.19,71.301,385.546,3.248,0.28
2026-01-25 03:30:00,DE-SOUTH,South Plant,Assembly & Charging,2449.33,0.19,61.138,377.765,1.528,0.28
2026-01-25 03:45:00,DE-SOUTH,South Plant,Assembly & Charging,2531.969,0.19,73.416,415.544,1.729,0.28
2026-01-25 04:00:00,DE-SOUTH,South Plant,Assembly & Charging,2568.598,0.19,67.377,386.577,1.585,0.28
2026-01-25 04:15:00,DE-SOUTH,South Plant,Assembly & Charging,2356.267,0.19,63.425,382.898,2.291,0.28
2026-01-25 04:30:00,DE-SOUTH,South Plant,Assembly & Charging,2509.225,0.19,65.974,388.507,1.262,0.28
2026-01-25 04:45:00,DE-SOUTH,South Plant,Assembly & Charging,2401.918,0.19,66.131,364.55,0.827,0.28
2026-01-25 05:00:00,DE-SOUTH,South Plant,Assembly & Charging,2511.974,0.19,64.931,379.837,0.325,0.28
2026-01-25 05:15:00,DE-SOUTH,South Plant,Assembly & Charging,2471.966,0.19,71.129,401.11,0.205,0.28
2026-01-25 05:30:00,DE-SOUTH,South Plant,Assembly & Charging,2514.0,0.19,66.575,382.103,0.946,0.28
2026-01-25 05:45:00,DE-SOUTH,South Plant,Assembly & Charging,2534.408,0.19,63.506,380.025,-0.155,0.28
2026-01-25 06:00:00,DE-SOUTH,South Plant,Assembly & Charging,2837.74,0.19,71.437,405.989,-0.607,0.46
2026-01-25 06:15:00,DE-SOUTH,South Plant,Assembly & Charging,2853.959,0.19,64.547,395.198,-0.88,0.46
2026-01-25 06:30:00,DE-SOUTH,South Plant,Assembly & Charging,2724.462,0.19,67.515,374.189,-1.007,0.46
2026-01-25 06:45:00,DE-SOUTH,South Plant,Assembly & Charging,2996.633,0.19,65.607,351.473,-1.716,0.46
2026-01-25 07:00:00,DE-SOUTH,South Plant,Assembly & Charging,2610.408,0.19,64.424,343.137,-1.355,0.46
2026-01-25 07:15:00,DE-SOUTH,South Plant,Assembly & Charging,2640.844,0.19,74.517,325.612,0.145,0.46
2026-01-25 07:30:00,DE-SOUTH,South Plant,Assembly & Charging,2767.588,0.19,65.278,312.797,-1.102,0.46
2026-01-25 07:45:00,DE-SOUTH,South Plant,Assembly & Charging,2736.521,0.19,64.506,301.94,-0.496,0.46
2026-01-25 08:00:00,DE-SOUTH,South Plant,Assembly & Charging,2726.344,0.19,54.826,297.107,-2.735,0.46
2026-01-25 08:15:00,DE-SOUTH,South Plant,Assembly & Charging,2716.26,0.19,57.664,282.512,-0.591,0.46
2026-01-25 08:30:00,DE-SOUTH,South Plant,Assembly & Charging,2470.424,0.19,59.437,266.965,-1.07,0.46
2026-01-25 08:45:00,DE-SOUTH,South Plant,Assembly & Charging,2803.649,0.19,52.736,279.599,-1.241,0.46
2026-01-25 09:00:00,DE-SOUTH,South Plant,Assembly & Charging,2641.109,0.19,58.7,271.492,-0.703,0.46
2026-01-25 09:15:00,DE-SOUTH,South Plant,Assembly & Charging,2782.783,0.19,48.486,281.306,-1.082,0.46
2026-01-25 09:30:00,DE-SOUTH,South Plant,Assembly & Charging,2508.313,0.19,50.396,245.64,-2.106,0.46
2026-01-25 09:45:00,DE-SOUTH,South Plant,Assembly & Charging,2704.998,0.19,47.477,250.551,0.161,0.46
2026-01-25 10:00:00,DE-SOUTH,South Plant,Assembly & Charging,2650.199,0.19,48.816,244.692,-0.16,0.46
2026-01-25 10:15:00,DE-SOUTH,South Plant,Assembly & Charging,2772.596,0.19,44.015,232.466,-0.377,0.46
2026-01-25 10:30:00,DE-SOUTH,South Plant,Assembly & Charging,2772.178,0.19,44.011,239.672,-0.643,0.46
2026-01-25 10:45:00,DE-SOUTH,South Plant,Assembly & Charging,2799.365,0.19,42.787,235.949,-0.788,0.46
2026-01-25 11:00:00,DE-SOUTH,South Plant,Assembly & Charging,2679.369,0.19,39.568,227.18,0.621,0.46
2026-01-25 11:15:00,DE-SOUTH,South Plant,Assembly & Charging,2780.34,0.19,43.371,217.506,1.833,0.46
2026-01-25 11:30:00,DE-SOUTH,South Plant,Assembly & Charging,2799.599,0.19,41.475,214.343,1.098,0.46
2026-01-25 11:45:00,DE-SOUTH,South Plant,Assembly & Charging,2891.464,0.19,39.434,201.033,0.254,0.46
2026-01-25 12:00:00,DE-SOUTH,South Plant,Assembly & Charging,2943.686,0.19,37.518,207.359,1.658,0.46
2026-01-25 12:15:00,DE-SOUTH,South Plant,Assembly & Charging,2887.774,0.19,42.07,209.942,1.751,0.46
2026-01-25 12:30:00,DE-SOUTH,South Plant,Assembly & Charging,2768.795,0.19,37.783,205.105,2.691,0.46
2026-01-25 12:45:00,DE-SOUTH,South Plant,Assembly & Charging,2908.814,0.19,37.548,225.895,2.818,0.46
2026-01-25 13:00:00,DE-SOUTH,South Plant,Assembly & Charging,3170.466,0.19,39.455,237.86,0.616,0.46
2026-01-25 13:15:00,DE-SOUTH,South Plant,Assembly & Charging,3067.314,0.19,46.302,216.381,3.406,0.46
2026-01-25 13:30:00,DE-SOUTH,South Plant,Assembly & Charging,2667.75,0.19,34.86,235.383,2.645,0.46
2026-01-25 13:45:00,DE-SOUTH,South Plant,Assembly & Charging,2946.352,0.19,44.243,225.239,2.678,0.46
2026-01-25 14:00:00,DE-SOUTH,South Plant,Assembly & Charging,2837.875,0.19,34.778,240.657,3.868,0.38
2026-01-25 14:15:00,DE-SOUTH,South Plant,Assembly & Charging,2729.18,0.19,44.66,243.734,4.615,0.38
2026-01-25 14:30:00,DE-SOUTH,South Plant,Assembly & Charging,2711.297,0.19,51.793,268.009,3.504,0.38
2026-01-25 14:45:00,DE-SOUTH,South Plant,Assembly & Charging,2702.062,0.19,49.417,262.493,5.469,0.38
2026-01-25 15:00:00,DE-SOUTH,South Plant,Assembly & Charging,2762.378,0.19,50.383,293.719,5.828,0.38
2026-01-25 15:15:00,DE-SOUTH,South Plant,Assembly & Charging,2598.753,0.19,49.963,290.641,5.64,0.38
2026-01-25 15:30:00,DE-SOUTH,South Plant,Assembly & Charging,2797.603,0.19,55.086,298.829,5.306,0.38
2026-01-25 15:45:00,DE-SOUTH,South Plant,Assembly & Charging,2666.467,0.19,56.943,305.565,5.526,0.38
2026-01-25 16:00:00,DE-SOUTH,South Plant,Assembly & Charging,2551.776,0.19,58.0,338.456,7.218,0.38
2026-01-25 16:15:00,DE-SOUTH,South Plant,Assembly & Charging,2732.087,0.19,63.336,361.653,5.72,0.38
2026-01-25 16:30:00,DE-SOUTH,South Plant,Assembly & Charging,2450.18,0.19,68.751,370.175,7.789,0.38
2026-01-25 16:45:00,DE-SOUTH,South Plant,Assembly & Charging,2523.864,0.19,68.397,410.019,7.181,0.38
2026-01-25 17:00:00,DE-SOUTH,South Plant,Assembly & Charging,2497.935,0.19,71.73,416.596,7.468,0.38
2026-01-25 17:15:00,DE-SOUTH,South Plant,Assembly & Charging,2730.17,0.19,72.911,411.804,6.564,0.38
2026-01-25 17:30:00,DE-SOUTH,South Plant,Assembly & Charging,2442.125,0.19,83.148,427.244,7.864,0.38
2026-01-25 17:45:00,DE-SOUTH,South Plant,Assembly & Charging,2283.371,0.19,86.768,451.526,8.587,0.38
2026-01-25 18:00:00,DE-SOUTH,South Plant,Assembly & Charging,2419.24,0.19,88.222,449.704,7.395,0.38
2026-01-25 18:15:00,DE-SOUTH,South Plant,Assembly & Charging,2482.532,0.19,91.628,475.041,8.833,0.38
2026-01-25 18:30:00,DE-SOUTH,South Plant,Assembly & Charging,2500.208,0.19,88.225,465.445,8.682,0.38
2026-01-25 18:45:00,DE-SOUTH,South Plant,Assembly & Charging,2627.642,0.19,89.173,462.992,8.284,0.38
2026-01-25 19:00:00,DE-SOUTH,South Plant,Assembly & Charging,2529.84,0.19,88.186,465.744,9.428,0.38
2026-01-25 19:15:00,DE-SOUTH,South Plant,Assembly & Charging,2435.624,0.19,85.63,474.622,7.362,0.38
2026-01-25 19:30:00,DE-SOUTH,South Plant,Assembly & Charging,2317.983,0.19,82.599,451.444,9.2,0.38
2026-01-25 19:45:00,DE-SOUTH,South Plant,Assembly & Charging,2536.099,0.19,92.056,442.652,10.123,0.38
2026-01-25 20:00:00,DE-SOUTH,South Plant,Assembly & Charging,2361.932,0.19,79.681,456.099,10.008,0.38
2026-01-25 20:15:00,DE-SOUTH,South Plant,Assembly & Charging,2350.324,0.19,76.99,443.175,9.262,0.38
2026-01-25 20:30:00,DE-SOUTH,South Plant,Assembly & Charging,2387.017,0.19,79.494,421.079,8.746,0.38
2026-01-25 20:45:00,DE-SOUTH,South Plant,Assembly & Charging,2327.19,0.19,76.869,418.356,8.459,0.38
2026-01-25 21:00:00,DE-SOUTH,South Plant,Assembly & Charging,2411.311,0.19,68.398,414.174,8.618,0.38
2026-01-25 21:15:00,DE-SOUTH,South Plant,Assembly & Charging,2444.14,0.19,76.759,410.026,9.115,0.38
2026-01-25 21:30:00,DE-SOUTH,South Plant,Assembly & Charging,2560.158,0.19,70.272,383.689,8.054,0.38
2026-01-25 21:45:00,DE-SOUTH,South Plant,Assembly & Charging,2469.893,0.19,64.736,376.249,9.015,0.38
2026-01-25 22:00:00,DE-SOUTH,South Plant,Assembly & Charging,2196.944,0.19,72.63,379.447,9.823,0.28
2026-01-25 22:15:00,DE-SOUTH,South Plant,Assembly & Charging,2203.48,0.19,69.24,374.415,8.114,0.28
2026-01-25 22:30:00,DE-SOUTH,South Plant,Assembly & Charging,2397.35,0.19,60.705,374.705,7.026,0.28
2026-01-25 22:45:00,DE-SOUTH,South Plant,Assembly & Charging,2406.561,0.19,72.049,386.997,6.818,0.28
2026-01-25 23:00:00,DE-SOUTH,South Plant,Assembly & Charging,2356.257,0.19,66.892,374.766,8.079,0.28
2026-01-25 23:15:00,DE-SOUTH,South Plant,Assembly & Charging,2389.943,0.19,63.653,376.973,7.255,0.28
2026-01-25 23:30:00,DE-SOUTH,South Plant,Assembly & Charging,2479.113,0.19,69.598,358.099,7.658,0.28
2026-01-25 23:45:00,DE-SOUTH,South Plant,Assembly & Charging,2596.198,0.19,63.504,365.721,6.404,0.28
